measured_at,total_consumption_kwh,prediction_kwh,residual_kwh,model
2025-10-21 09:00:00,99.4821,102.6476272470238,-3.165527247023803,Random_Forest
2025-10-21 10:00:00,108.3437,102.22040278141532,6.123297218584682,Random_Forest
2025-10-21 11:00:00,98.2398,103.2962858806217,-5.056485880621693,Random_Forest
2025-10-21 12:00:00,96.6325,102.36300553339946,-5.730505533399466,Random_Forest
2025-10-21 13:00:00,107.3973,101.80885927380953,5.58844072619047,Random_Forest
2025-10-21 14:00:00,101.373,104.40713813955021,-3.0341381395502083,Random_Forest
2025-10-21 15:00:00,106.7062,101.30331831779102,5.402881682208971,Random_Forest
2025-10-21 16:00:00,100.0151,99.78255043154766,0.23254956845234176,Random_Forest
2025-10-21 17:00:00,111.0192,103.50384078273811,7.515359217261889,Random_Forest
2025-10-21 18:00:00,80.0851,82.76149634523807,-2.676396345238075,Random_Forest
2025-10-21 19:00:00,87.9134,83.69252275595241,4.2208772440475855,Random_Forest
2025-10-21 20:00:00,78.8068,85.21647379861108,-6.409673798611081,Random_Forest
2025-10-21 21:00:00,81.3851,83.14951521473662,-1.7644152147366299,Random_Forest
2025-10-21 22:00:00,69.1423,71.89810669642856,-2.75580669642855,Random_Forest
2025-10-21 23:00:00,70.5987,71.34996647718252,-0.7512664771825257,Random_Forest
2025-10-22 00:00:00,57.0471,53.220755898809514,3.826344101190486,Random_Forest
2025-10-22 01:00:00,57.2402,52.37075893419313,4.869441065806875,Random_Forest
2025-10-22 02:00:00,55.1625,54.954549586640184,0.2079504133598178,Random_Forest
2025-10-22 03:00:00,52.4947,54.209736637235444,-1.7150366372354426,Random_Forest
2025-10-22 04:00:00,51.2633,53.27477717806036,-2.0114771780603604,Random_Forest
2025-10-22 05:00:00,55.9007,53.444447242063504,2.4562527579364968,Random_Forest
2025-10-22 06:00:00,75.3138,70.07175091534391,5.242049084656088,Random_Forest
2025-10-22 07:00:00,68.8178,70.44504794312166,-1.6272479431216595,Random_Forest
2025-10-22 08:00:00,107.309,101.88487851388889,5.424121486111105,Random_Forest
2025-10-22 09:00:00,106.2587,103.43082852480165,2.82787147519835,Random_Forest
2025-10-22 10:00:00,99.0933,100.58540039550266,-1.4921003955026606,Random_Forest
2025-10-22 11:00:00,100.1666,103.39719628571434,-3.2305962857143413,Random_Forest
2025-10-22 12:00:00,111.4771,102.71712993749999,8.759970062500003,Random_Forest
2025-10-22 13:00:00,103.9648,103.88083521599927,0.08396478400072738,Random_Forest
2025-10-22 14:00:00,105.4548,100.62440084027777,4.8303991597222335,Random_Forest
2025-10-22 15:00:00,101.2045,102.99446146825395,-1.7899614682539493,Random_Forest
2025-10-22 16:00:00,97.6554,102.53584707109789,-4.88044707109789,Random_Forest
2025-10-22 17:00:00,112.273,102.68495283134924,9.58804716865076,Random_Forest
2025-10-22 18:00:00,83.3281,83.44459306547618,-0.11649306547617755,Random_Forest
2025-10-22 19:00:00,91.4867,85.77263873181215,5.714061268187848,Random_Forest
2025-10-22 20:00:00,82.6995,85.26426394312166,-2.564763943121662,Random_Forest
2025-10-22 21:00:00,77.7953,84.78422796726194,-6.988927967261944,Random_Forest
2025-10-22 22:00:00,73.68430000000001,70.88471445833333,2.799585541666673,Random_Forest
2025-10-22 23:00:00,70.7273,71.7881729897487,-1.0608729897487024,Random_Forest
2025-10-23 00:00:00,53.8779,54.44163983597882,-0.5637398359788222,Random_Forest
2025-10-23 01:00:00,53.8714,54.924188088624334,-1.0527880886243324,Random_Forest
2025-10-23 02:00:00,50.1721,55.514546385251315,-5.342446385251314,Random_Forest
2025-10-23 03:00:00,56.2884,53.46412123280423,2.8242787671957714,Random_Forest
2025-10-23 04:00:00,56.539,53.71349400297619,2.825505997023811,Random_Forest
2025-10-23 05:00:00,56.0889,53.940246438492046,2.148653561507956,Random_Forest
2025-10-23 06:00:00,75.4904,70.97420758630955,4.516192413690447,Random_Forest
2025-10-23 07:00:00,66.95270000000001,71.02784588392856,-4.075145883928556,Random_Forest
2025-10-23 08:00:00,99.55,101.64037736354618,-2.0903773635461818,Random_Forest
2025-10-23 09:00:00,108.0728,103.98470820634923,4.088091793650776,Random_Forest
2025-10-23 10:00:00,98.3118,101.43510691931219,-3.123306919312185,Random_Forest
2025-10-23 11:00:00,102.7939,102.37903784656079,0.4148621534392021,Random_Forest
2025-10-23 12:00:00,103.7678,102.38686366369043,1.38093633630956,Random_Forest
2025-10-23 13:00:00,96.3295,101.96027881150799,-5.630778811507994,Random_Forest
2025-10-23 14:00:00,107.7918,104.10334655708876,3.688453442911239,Random_Forest
2025-10-23 15:00:00,99.7007,104.28553608134922,-4.5848360813492235,Random_Forest
2025-10-23 16:00:00,95.0009,102.42782400496031,-7.426924004960313,Random_Forest
2025-10-23 17:00:00,108.9269,103.2023865019841,5.724513498015909,Random_Forest
2025-10-23 18:00:00,89.136,84.3863092466931,4.7496907533068935,Random_Forest
2025-10-23 19:00:00,83.2649,83.30455705059525,-0.039657050595252485,Random_Forest
2025-10-23 20:00:00,87.9489,85.13317484887565,2.81572515112434,Random_Forest
2025-10-23 21:00:00,84.3177,83.55291003505295,0.764789964947056,Random_Forest
2025-10-23 22:00:00,70.673,70.3237971686508,0.3492028313492028,Random_Forest
2025-10-23 23:00:00,69.5777,69.41044788260582,0.16725211739417034,Random_Forest
2025-10-24 00:00:00,54.524,53.46800911507934,1.0559908849206607,Random_Forest
2025-10-24 01:00:00,53.7765,54.35377158300264,-0.5772715830026414,Random_Forest
2025-10-24 02:00:00,50.0862,53.33622314682538,-3.2500231468253844,Random_Forest
2025-10-24 03:00:00,56.9455,53.37481839384921,3.570681606150792,Random_Forest
2025-10-24 04:00:00,56.8434,53.701681782407405,3.1417182175925973,Random_Forest
2025-10-24 05:00:00,50.6193,53.0808940892857,-2.461594089285697,Random_Forest
2025-10-24 06:00:00,67.0732,70.75796310119048,-3.684763101190484,Random_Forest
2025-10-24 07:00:00,74.6992,70.74211365079366,3.9570863492063495,Random_Forest
2025-10-24 08:00:00,111.0936,104.32421491125542,6.769385088744571,Random_Forest
2025-10-24 09:00:00,98.6451,102.88894370998676,-4.243843709986763,Random_Forest
2025-10-24 10:00:00,103.8196,102.7808480873016,1.0387519126983875,Random_Forest
2025-10-24 11:00:00,99.5259,103.71623814682542,-4.190338146825425,Random_Forest
2025-10-24 12:00:00,104.3255,102.55201249404759,1.773487505952417,Random_Forest
2025-10-24 13:00:00,108.5851,102.89649393055558,5.688606069444418,Random_Forest
2025-10-24 14:00:00,108.5466,103.79151829993386,4.7550817000661425,Random_Forest
2025-10-24 15:00:00,109.423,103.44518641534388,5.9778135846561185,Random_Forest
2025-10-24 16:00:00,95.1169,101.94549285813491,-6.828592858134911,Random_Forest
2025-10-24 17:00:00,99.8936,104.580183547619,-4.686583547618994,Random_Forest
2025-10-24 18:00:00,88.2558,84.708578442791,3.5472215572089993,Random_Forest
2025-10-24 19:00:00,83.62950000000001,83.18205802347877,0.4474419765212332,Random_Forest
2025-10-24 20:00:00,86.6444,84.76634383333334,1.878056166666667,Random_Forest
2025-10-24 21:00:00,91.3164,85.09633922420632,6.220060775793684,Random_Forest
2025-10-24 22:00:00,73.0752,71.3255049136905,1.7496950863095009,Random_Forest
2025-10-24 23:00:00,70.4822,71.28203563888891,-0.7998356388889079,Random_Forest
2025-10-25 00:00:00,49.6853,51.06034907142854,-1.375049071428542,Random_Forest
2025-10-25 01:00:00,49.6536,51.71428797718256,-2.0606879771825604,Random_Forest
2025-10-25 02:00:00,50.513,51.05633529464284,-0.5433352946428442,Random_Forest
2025-10-25 03:00:00,53.663,50.97058633201057,2.6924136679894275,Random_Forest
2025-10-25 04:00:00,50.4794,51.28689028736772,-0.8074902873677203,Random_Forest
2025-10-25 05:00:00,50.6258,51.3230523154762,-0.6972523154761987,Random_Forest
2025-10-25 06:00:00,50.2442,50.678468380952374,-0.43426838095237486,Random_Forest
2025-10-25 07:00:00,49.27,50.403687595238075,-1.1336875952380723,Random_Forest
2025-10-25 08:00:00,50.0522,51.115721461970914,-1.0635214619709146,Random_Forest
2025-10-25 09:00:00,71.1382,65.98737769146825,5.150822308531744,Random_Forest
2025-10-25 10:00:00,66.7065,68.06496552182539,-1.35846552182538,Random_Forest
2025-10-25 11:00:00,66.5919,66.10358450354737,0.4883154964526284,Random_Forest
2025-10-25 12:00:00,70.2295,68.2809545248016,1.9485454751984008,Random_Forest
2025-10-25 13:00:00,70.188,69.35188698809522,0.8361130119047857,Random_Forest
2025-10-25 14:00:00,64.3296,68.10290476388892,-3.773304763888916,Random_Forest
2025-10-25 15:00:00,63.7472,67.46203856746031,-3.714838567460312,Random_Forest
2025-10-25 16:00:00,62.3042,67.41877298809518,-5.114572988095183,Random_Forest
2025-10-25 17:00:00,61.9663,66.73295193055554,-4.766651930555547,Random_Forest
2025-10-25 18:00:00,61.6565,66.74320463095238,-5.086704630952376,Random_Forest
2025-10-25 19:00:00,50.3603,50.952943874999995,-0.5926438749999932,Random_Forest
2025-10-25 20:00:00,49.6839,51.01376992592595,-1.3298699259259479,Random_Forest
2025-10-25 21:00:00,50.1475,51.163157438161406,-1.015657438161405,Random_Forest
2025-10-25 22:00:00,51.6399,50.581698024140245,1.0582019758597525,Random_Forest
2025-10-25 23:00:00,49.7868,50.46537312996034,-0.6785731299603412,Random_Forest
2025-10-26 00:00:00,52.1821,50.394225017857146,1.7878749821428528,Random_Forest
2025-10-26 01:00:00,50.389,50.47820006051586,-0.08920006051585716,Random_Forest
2025-10-26 02:00:00,52.0249,50.55481478240741,1.4700852175925903,Random_Forest
2025-10-26 03:00:00,52.0283,51.173499880952384,0.8548001190476171,Random_Forest
2025-10-26 04:00:00,50.3633,51.05756627876983,-0.694266278769831,Random_Forest
2025-10-26 05:00:00,49.8068,51.051089613095215,-1.2442896130952121,Random_Forest
2025-10-26 06:00:00,49.9524,50.83133301984126,-0.8789330198412628,Random_Forest
2025-10-26 07:00:00,49.7,50.7045406736111,-1.0045406736110962,Random_Forest
2025-10-26 08:00:00,51.5173,51.076229421957684,0.4410705780423143,Random_Forest
2025-10-26 09:00:00,71.8145,67.36529956448412,4.449200435515877,Random_Forest
2025-10-26 10:00:00,68.3502,68.19900859457672,0.15119140542327614,Random_Forest
2025-10-26 11:00:00,69.2282,67.25070191236773,1.97749808763227,Random_Forest
2025-10-26 12:00:00,68.7496,66.9175293128307,1.8320706871693062,Random_Forest
2025-10-26 13:00:00,61.605,66.9040765853175,-5.299076585317501,Random_Forest
2025-10-26 14:00:00,67.7618,66.44059560714285,1.3212043928571404,Random_Forest
2025-10-26 15:00:00,70.2615,65.92285373015869,4.3386462698413055,Random_Forest
2025-10-26 16:00:00,62.4286,65.40042488194442,-2.971824881944414,Random_Forest
2025-10-26 17:00:00,67.7075,65.409530422619,2.2979695773809965,Random_Forest
2025-10-26 18:00:00,72.0583,65.68736166865077,6.370938331349237,Random_Forest
2025-10-26 19:00:00,49.9206,51.14544073015872,-1.2248407301587179,Random_Forest
2025-10-26 20:00:00,50.3818,50.877837656746024,-0.49603765674602585,Random_Forest
2025-10-26 21:00:00,51.5833,50.9789195138889,0.6043804861111042,Random_Forest
2025-10-26 22:00:00,49.7385,50.794546324735464,-1.056046324735462,Random_Forest
2025-10-26 23:00:00,50.5164,50.74391386309524,-0.2275138630952398,Random_Forest
2025-10-27 00:00:00,51.8534,52.779292088293644,-0.9258920882936437,Random_Forest
2025-10-27 01:00:00,52.0684,52.979633510251325,-0.9112335102513285,Random_Forest
2025-10-27 02:00:00,57.1641,52.72518737136245,4.438912628637546,Random_Forest
2025-10-27 03:00:00,56.9318,54.306567791666666,2.625232208333337,Random_Forest
2025-10-27 04:00:00,50.5709,53.587534069444466,-3.016634069444464,Random_Forest
2025-10-27 05:00:00,51.1084,53.911130568783065,-2.802730568783062,Random_Forest
2025-10-27 06:00:00,72.2154,70.76384162830689,1.4515583716931104,Random_Forest
2025-10-27 07:00:00,72.498,70.45830116468254,2.0396988353174663,Random_Forest
2025-10-27 08:00:00,105.8626,103.17731304166664,2.6852869583333643,Random_Forest
2025-10-27 09:00:00,107.7934,105.84553471660048,1.9478652833995227,Random_Forest
2025-10-27 10:00:00,101.3177,102.00214152347884,-0.6844415234788386,Random_Forest
2025-10-27 11:00:00,105.9008,102.86930815376985,3.0314918462301534,Random_Forest
2025-10-27 12:00:00,95.0128,103.04985717989416,-8.037057179894163,Random_Forest
2025-10-27 13:00:00,105.5788,103.91090764980157,1.6678923501984286,Random_Forest
2025-10-27 14:00:00,96.607,101.6022880181878,-4.995288018187807,Random_Forest
2025-10-27 15:00:00,102.5942,102.38150861309525,0.2126913869047513,Random_Forest
2025-10-27 16:00:00,102.2451,102.31812031216928,-0.07302031216929095,Random_Forest
2025-10-27 17:00:00,106.613,103.6984128333333,2.9145871666667063,Random_Forest
2025-10-27 18:00:00,84.1799,85.66575990773813,-1.4858599077381314,Random_Forest
2025-10-27 19:00:00,86.8813,83.8880829814815,2.993217018518493,Random_Forest
2025-10-27 20:00:00,77.9876,85.77078341468251,-7.783183414682512,Random_Forest
2025-10-27 21:00:00,77.7367,85.22578584523814,-7.489085845238137,Random_Forest
2025-10-27 22:00:00,75.4452,70.62727637665344,4.817923623346559,Random_Forest
2025-10-27 23:00:00,65.4619,70.75319024503966,-5.2912902450396615,Random_Forest
2025-10-28 00:00:00,54.9509,52.8171349537037,2.133765046296297,Random_Forest
2025-10-28 01:00:00,55.2703,52.880814098544974,2.389485901455025,Random_Forest
2025-10-28 02:00:00,53.2913,53.523577399801574,-0.2322773998015748,Random_Forest
2025-10-28 03:00:00,53.2345,52.769213353174614,0.46528664682538334,Random_Forest
2025-10-28 04:00:00,50.3284,52.376845815806874,-2.048445815806872,Random_Forest
2025-10-28 05:00:00,50.1684,53.70580788988096,-3.53740788988096,Random_Forest
2025-10-28 06:00:00,65.2909,70.11145392261908,-4.820553922619084,Random_Forest
2025-10-28 07:00:00,76.5055,70.39962586507934,6.105874134920654,Random_Forest
2025-10-28 08:00:00,106.4283,106.75403362103175,-0.32573362103175896,Random_Forest
2025-10-28 09:00:00,106.9348,100.80368506415343,6.131114935846568,Random_Forest
2025-10-28 10:00:00,105.4245,104.45590528042332,0.9685947195766715,Random_Forest
2025-10-28 11:00:00,101.9838,101.68732403108467,0.2964759689153311,Random_Forest
2025-10-28 12:00:00,96.4416,104.20079150992068,-7.759191509920683,Random_Forest
2025-10-28 13:00:00,103.8675,103.70721372420628,0.16028627579372312,Random_Forest
2025-10-28 14:00:00,111.3293,101.92647858101854,9.40282141898146,Random_Forest
2025-10-28 15:00:00,98.95,105.82044270337305,-6.870442703373044,Random_Forest
2025-10-28 16:00:00,100.6748,101.5037329226191,-0.8289329226190887,Random_Forest
2025-10-28 17:00:00,97.9318,102.21542660615081,-4.283626606150818,Random_Forest
2025-10-28 18:00:00,82.8485,82.38123279960313,0.46726720039687564,Random_Forest
2025-10-28 19:00:00,79.57000000000001,83.72899486982922,-4.158994869829215,Random_Forest
2025-10-28 20:00:00,84.6353,85.39328255753965,-0.7579825575396484,Random_Forest
2025-10-28 21:00:00,81.3517,85.74721379861107,-4.395513798611077,Random_Forest
2025-10-28 22:00:00,67.2276,71.36765871230158,-4.140058712301581,Random_Forest
2025-10-28 23:00:00,74.1549,71.38548113888886,2.7694188611111343,Random_Forest
2025-10-29 00:00:00,55.8949,54.92502897354497,0.9698710264550314,Random_Forest
2025-10-29 01:00:00,56.1957,54.275708933201045,1.919991066798957,Random_Forest
2025-10-29 02:00:00,50.5081,52.6297640327381,-2.121664032738103,Random_Forest
2025-10-29 03:00:00,54.9664,52.94252086441799,2.023879135582007,Random_Forest
2025-10-29 04:00:00,53.6457,53.65937560515874,-0.01367560515874544,Random_Forest
2025-10-29 05:00:00,56.0382,52.88231605720899,3.1558839427910144,Random_Forest
2025-10-29 06:00:00,70.4194,69.75092021990743,0.6684797800925679,Random_Forest
2025-10-29 07:00:00,72.3122,70.37274108300265,1.9394589169973528,Random_Forest
2025-10-29 08:00:00,103.6656,104.46100146085855,-0.7954014608585567,Random_Forest
2025-10-29 09:00:00,110.9422,104.2767077440476,6.665492255952401,Random_Forest
2025-10-29 10:00:00,106.7392,103.37712714980161,3.3620728501983876,Random_Forest
2025-10-29 11:00:00,101.2013,103.30811602116405,-2.1068160211640503,Random_Forest
2025-10-29 12:00:00,99.1796,104.52125627976186,-5.341656279761864,Random_Forest
2025-10-29 13:00:00,99.9775,104.0544543527237,-4.076954352723689,Random_Forest
2025-10-29 14:00:00,100.7489,104.47962594895384,-3.7307259489538325,Random_Forest
2025-10-29 15:00:00,105.779,104.56260037896827,1.2163996210317265,Random_Forest
2025-10-29 16:00:00,106.8468,103.71383065873023,3.132969341269771,Random_Forest
2025-10-29 17:00:00,111.0483,103.5594320661375,7.488867933862494,Random_Forest
2025-10-29 18:00:00,90.5261,84.21195411044972,6.314145889550275,Random_Forest
2025-10-29 19:00:00,87.9744,85.32702643750001,2.6473735624999932,Random_Forest
2025-10-29 20:00:00,80.9948,85.38969115476188,-4.394891154761879,Random_Forest
2025-10-29 21:00:00,88.4834,85.43677701190472,3.0466229880952795,Random_Forest
2025-10-29 22:00:00,70.4394,70.44642281117724,-0.0070228111772365764,Random_Forest
2025-10-29 23:00:00,67.0872,71.97275361706347,-4.885553617063479,Random_Forest
2025-10-30 00:00:00,51.8609,54.11745240542325,-2.2565524054232498,Random_Forest
2025-10-30 01:00:00,55.3559,54.34592240524293,1.0099775947570677,Random_Forest
2025-10-30 02:00:00,58.0726,54.045356160714306,4.0272438392856955,Random_Forest
2025-10-30 03:00:00,50.4936,54.10623257506611,-3.612632575066108,Random_Forest
2025-10-30 04:00:00,54.4585,54.54745473412698,-0.08895473412697896,Random_Forest
2025-10-30 05:00:00,57.2524,54.47373150264547,2.7786684973545306,Random_Forest
2025-10-30 06:00:00,75.3186,71.57280917063491,3.7457908293650917,Random_Forest
2025-10-30 07:00:00,68.1566,69.8380943829365,-1.6814943829365063,Random_Forest
2025-10-30 08:00:00,98.9014,104.04623386607143,-5.144833866071437,Random_Forest
2025-10-30 09:00:00,107.29,104.05430014484129,3.235699855158714,Random_Forest
2025-10-30 10:00:00,100.8993,102.27887733630952,-1.3795773363095236,Random_Forest
2025-10-30 11:00:00,104.5693,105.40718446593922,-0.8378844659392257,Random_Forest
2025-10-30 12:00:00,102.5989,104.1624453984789,-1.5635453984788938,Random_Forest
2025-10-30 13:00:00,97.7704,103.06911251587303,-5.298712515873035,Random_Forest
2025-10-30 14:00:00,111.384,105.81530297619051,5.5686970238094915,Random_Forest
2025-10-30 15:00:00,96.6651,104.08655997486777,-7.421459974867773,Random_Forest
2025-10-30 16:00:00,110.8579,103.87751090906082,6.980389090939184,Random_Forest
2025-10-30 17:00:00,113.2345,106.66646199007936,6.568038009920642,Random_Forest
2025-10-30 18:00:00,80.7645,86.35745635284393,-5.5929563528439274,Random_Forest
2025-10-30 19:00:00,84.038,86.27242323115078,-2.2344232311507852,Random_Forest
2025-10-30 20:00:00,80.1544,84.34019710461762,-4.18579710461762,Random_Forest
2025-10-30 21:00:00,84.2322,84.58610492857146,-0.3539049285714526,Random_Forest
2025-10-30 22:00:00,68.92869999999999,71.85401967757936,-2.925319677579367,Random_Forest
2025-10-30 23:00:00,67.3637,72.09311163955026,-4.729411639550264,Random_Forest
2025-10-31 00:00:00,55.2254,53.24060745767196,1.9847925423280373,Random_Forest
2025-10-31 01:00:00,50.2534,53.470011035714265,-3.2166110357142657,Random_Forest
2025-10-31 02:00:00,57.2979,53.65291333630953,3.6449866636904673,Random_Forest
2025-10-31 03:00:00,54.3413,54.96639356944441,-0.6250935694444166,Random_Forest
2025-10-31 04:00:00,52.6337,54.04852159788359,-1.414821597883595,Random_Forest
2025-10-31 05:00:00,50.563,54.404183651785736,-3.841183651785734,Random_Forest
2025-10-31 06:00:00,70.8777,71.23765104563492,-0.3599510456349151,Random_Forest
2025-10-31 07:00:00,70.8677,70.48512046097883,0.38257953902116526,Random_Forest
2025-10-31 08:00:00,96.6674,103.45462762698415,-6.787227626984148,Random_Forest
2025-10-31 09:00:00,101.8012,107.72460392063493,-5.923403920634939,Random_Forest
2025-10-31 10:00:00,110.5953,104.38377388723548,6.211526112764517,Random_Forest
2025-10-31 11:00:00,110.7251,103.63097833862436,7.094121661375638,Random_Forest
2025-10-31 12:00:00,104.4488,106.60510259391539,-2.1563025939153846,Random_Forest
2025-10-31 13:00:00,110.8533,104.55933985978842,6.293960140211581,Random_Forest
2025-10-31 14:00:00,97.771,105.21099387996034,-7.4399938799603405,Random_Forest
2025-10-31 15:00:00,102.7151,105.23883168154765,-2.5237316815476447,Random_Forest
2025-10-31 16:00:00,110.3864,103.11062056316142,7.275779436838576,Random_Forest
2025-10-31 17:00:00,110.7812,104.55984965939153,6.221350340608467,Random_Forest
2025-10-31 18:00:00,81.1534,83.54977285350529,-2.3963728535052837,Random_Forest
2025-10-31 19:00:00,90.1739,84.36609222718249,5.807807772817512,Random_Forest
2025-10-31 20:00:00,81.8563,85.63314393783068,-3.7768439378306766,Random_Forest
2025-10-31 21:00:00,91.2468,85.73177797916667,5.515022020833328,Random_Forest
2025-10-31 22:00:00,74.9068,70.4342729887566,4.4725270112434,Random_Forest
2025-10-31 23:00:00,70.4184,70.93531065112434,-0.5169106511243342,Random_Forest
2025-11-01 00:00:00,52.5833,51.843680997023775,0.7396190029762266,Random_Forest
2025-11-01 01:00:00,49.0507,52.40566139880949,-3.3549613988094933,Random_Forest
2025-11-01 02:00:00,50.3272,51.46293356349202,-1.1357335634920247,Random_Forest
2025-11-01 03:00:00,52.175,51.580066308531734,0.5949336914682632,Random_Forest
2025-11-01 04:00:00,49.8261,51.7898253501984,-1.963725350198402,Random_Forest
2025-11-01 05:00:00,51.1011,51.225448350198384,-0.12434835019838175,Random_Forest
2025-11-01 06:00:00,49.8757,51.36675619146825,-1.491056191468246,Random_Forest
2025-11-01 07:00:00,52.4391,51.85759646924605,0.581503530753956,Random_Forest
2025-11-01 08:00:00,49.112,51.68439898875665,-2.572398988756646,Random_Forest
2025-11-01 09:00:00,72.5233,67.64955285714287,4.873747142857141,Random_Forest
2025-11-01 10:00:00,73.0887,67.40622510119046,5.682474898809545,Random_Forest
2025-11-01 11:00:00,68.51,67.98828479365078,0.5217152063492279,Random_Forest
2025-11-01 12:00:00,68.3852,67.00122497619044,1.3839750238095547,Random_Forest
2025-11-01 13:00:00,66.4979,66.32920063591271,0.16869936408728847,Random_Forest
2025-11-01 14:00:00,70.6628,68.82673561309522,1.8360643869047806,Random_Forest
2025-11-01 15:00:00,64.5003,67.9246050892857,-3.42430508928571,Random_Forest
2025-11-01 16:00:00,67.8809,67.72808566865078,0.1528143313492194,Random_Forest
2025-11-01 17:00:00,69.8092,67.98649967857145,1.822700321428556,Random_Forest
2025-11-01 18:00:00,64.5321,67.44860888690478,-2.9165088869047793,Random_Forest
2025-11-01 19:00:00,51.6581,52.006953559523836,-0.3488535595238389,Random_Forest
2025-11-01 20:00:00,51.4547,51.413401437830686,0.04129856216931671,Random_Forest
2025-11-01 21:00:00,49.7962,51.77614895568787,-1.979948955687874,Random_Forest
2025-11-01 22:00:00,50.9997,50.99679833829363,0.00290166170636752,Random_Forest
2025-11-01 23:00:00,52.9804,51.02392242791006,1.9564775720899448,Random_Forest
2025-11-02 00:00:00,50.3244,51.51806825231483,-1.1936682523148363,Random_Forest
2025-11-02 01:00:00,54.7904,51.35044786904764,3.4399521309523564,Random_Forest
2025-11-02 02:00:00,49.6253,51.406781685185216,-1.7814816851852129,Random_Forest
2025-11-02 03:00:00,52.1333,51.78465144378307,0.34864855621692925,Random_Forest
2025-11-02 04:00:00,50.1279,51.2115748366402,-1.0836748366402063,Random_Forest
2025-11-02 05:00:00,49.5978,51.1585794593254,-1.5607794593254027,Random_Forest
2025-11-02 06:00:00,52.0918,51.58987629794976,0.5019237020502416,Random_Forest
2025-11-02 07:00:00,50.1455,51.52156836111113,-1.3760683611111304,Random_Forest
2025-11-02 08:00:00,49.6098,51.35822799933861,-1.7484279993386096,Random_Forest
2025-11-02 09:00:00,73.031,69.7951910833333,3.2358089166667128,Random_Forest
2025-11-02 10:00:00,67.0997,68.07827204001322,-0.9785720400132192,Random_Forest
2025-11-02 11:00:00,73.1409,66.9972891230159,6.1436108769840985,Random_Forest
2025-11-02 12:00:00,64.92999999999999,67.59450984722218,-2.6645098472221918,Random_Forest
2025-11-02 13:00:00,71.4901,67.94896989087299,3.5411301091270104,Random_Forest
2025-11-02 14:00:00,70.9899,66.99084635714283,3.9990536428571772,Random_Forest
2025-11-02 15:00:00,63.3635,66.0214094702381,-2.6579094702380957,Random_Forest
2025-11-02 16:00:00,66.9347,66.55069615906083,0.3840038409391724,Random_Forest
2025-11-02 17:00:00,62.7175,66.0729770902778,-3.3554770902778017,Random_Forest
2025-11-02 18:00:00,62.9323,68.42070061805558,-5.488400618055579,Random_Forest
2025-11-02 19:00:00,53.0285,51.41002954960316,1.618470450396842,Random_Forest
2025-11-02 20:00:00,53.6597,51.409385031746034,2.250314968253967,Random_Forest
2025-11-02 21:00:00,52.150400000000005,50.94924903075398,1.2011509692460223,Random_Forest
2025-11-02 22:00:00,53.5259,51.14362867956347,2.38227132043653,Random_Forest
2025-11-02 23:00:00,50.3292,50.99603879166668,-0.6668387916666774,Random_Forest
2025-11-03 00:00:00,50.8089,53.68214610416668,-2.8732461041666753,Random_Forest
2025-11-03 01:00:00,56.7973,53.701265810515885,3.096034189484115,Random_Forest
2025-11-03 02:00:00,57.4001,54.40708021230157,2.9930197876984295,Random_Forest
2025-11-03 03:00:00,50.9077,55.186999673941806,-4.279299673941807,Random_Forest
2025-11-03 04:00:00,50.4843,53.94592591269842,-3.4616259126984232,Random_Forest
2025-11-03 05:00:00,53.5497,53.48938042857142,0.06031957142857891,Random_Forest
2025-11-03 06:00:00,72.9517,70.60620923247353,2.3454907675264707,Random_Forest
2025-11-03 07:00:00,75.4795,70.49174723445766,4.987752765542339,Random_Forest
2025-11-03 08:00:00,109.456,103.91845040046297,5.53754959953703,Random_Forest
2025-11-03 09:00:00,97.1441,105.49679017956349,-8.352690179563496,Random_Forest
2025-11-03 10:00:00,112.4473,102.57763833134923,9.869661668650764,Random_Forest
2025-11-03 11:00:00,99.9599,104.77889582837302,-4.818995828373019,Random_Forest
2025-11-03 12:00:00,109.1937,103.31099723611109,5.882702763888915,Random_Forest
2025-11-03 13:00:00,110.1294,103.24063693551592,6.888763064484081,Random_Forest
2025-11-03 14:00:00,113.0782,106.60009170436508,6.478108295634911,Random_Forest
2025-11-03 15:00:00,106.3541,105.04281922420638,1.3112807757936196,Random_Forest
2025-11-03 16:00:00,101.4139,105.24545583134923,-3.8315558313492346,Random_Forest
2025-11-03 17:00:00,104.6425,104.69722205287992,-0.05472205287992438,Random_Forest
2025-11-03 18:00:00,81.6987,85.93102876091274,-4.232328760912736,Random_Forest
2025-11-03 19:00:00,84.2043,85.11177286805555,-0.9074728680555495,Random_Forest
2025-11-03 20:00:00,80.8528,85.9357823511904,-5.082982351190395,Random_Forest
2025-11-03 21:00:00,91.047,86.80300764682536,4.243992353174633,Random_Forest
2025-11-03 22:00:00,69.983,73.33858546130952,-3.3555854613095164,Random_Forest
2025-11-03 23:00:00,70.7979,70.57527327323835,0.2226267267616464,Random_Forest
2025-11-04 00:00:00,58.2041,52.372565833333354,5.831534166666643,Random_Forest
2025-11-04 01:00:00,53.4968,53.24843396924603,0.2483660307539708,Random_Forest
2025-11-04 02:00:00,50.1479,53.949778957671946,-3.8018789576719456,Random_Forest
2025-11-04 03:00:00,56.9509,53.051273926918014,3.8996260730819827,Random_Forest
2025-11-04 04:00:00,52.7128,54.02380181646827,-1.31100181646827,Random_Forest
2025-11-04 05:00:00,51.629,54.81394990079365,-3.1849499007936544,Random_Forest
2025-11-04 06:00:00,75.3057,70.91233681845237,4.3933631815476275,Random_Forest
2025-11-04 07:00:00,67.2844,73.96782470238097,-6.683424702380961,Random_Forest
2025-11-04 08:00:00,103.5936,103.70515647883599,-0.11155647883599329,Random_Forest
2025-11-04 09:00:00,110.2501,104.44461243253967,5.805487567460332,Random_Forest
2025-11-04 10:00:00,96.6227,106.3350444315476,-9.712344431547606,Random_Forest
2025-11-04 11:00:00,107.1014,104.83828385681224,2.2631161431877587,Random_Forest
2025-11-04 12:00:00,104.7852,103.5337714186508,1.2514285813492023,Random_Forest
2025-11-04 13:00:00,97.1005,104.50577760119049,-7.405277601190491,Random_Forest
2025-11-04 14:00:00,106.6779,104.76091040376984,1.9169895962301524,Random_Forest
2025-11-04 15:00:00,104.6776,107.61635573611112,-2.938755736111119,Random_Forest
2025-11-04 16:00:00,100.0272,105.50950171130951,-5.482301711309518,Random_Forest
2025-11-04 17:00:00,100.8558,106.46539715079362,-5.609597150793618,Random_Forest
2025-11-04 18:00:00,81.8901,83.448092229828,-1.5579922298280025,Random_Forest
2025-11-04 19:00:00,81.4381,84.95606493055554,-3.517964930555536,Random_Forest
2025-11-04 20:00:00,78.0402,84.62200093299062,-6.5818009329906175,Random_Forest
2025-11-04 21:00:00,79.4254,84.57776538293653,-5.152365382936537,Random_Forest
2025-11-04 22:00:00,75.7603,71.01340932142858,4.746890678571418,Random_Forest
2025-11-04 23:00:00,69.1471,70.76044717162698,-1.6133471716269838,Random_Forest
2025-11-05 00:00:00,55.954,53.19359347652117,2.760406523478828,Random_Forest
2025-11-05 01:00:00,57.6213,53.55488140079365,4.066418599206351,Random_Forest
2025-11-05 02:00:00,50.0724,54.044215067460314,-3.9718150674603123,Random_Forest
2025-11-05 03:00:00,50.4952,53.33752362500002,-2.84232362500002,Random_Forest
2025-11-05 04:00:00,51.002,52.79725744279101,-1.795257442791005,Random_Forest
2025-11-05 05:00:00,50.1037,53.70531029464285,-3.601610294642846,Random_Forest
2025-11-05 06:00:00,74.0923,70.93820950661375,3.1540904933862492,Random_Forest
2025-11-05 07:00:00,68.3555,70.80096698048942,-2.445466980489414,Random_Forest
2025-11-05 08:00:00,110.1171,105.12039295039686,4.996707049603131,Random_Forest
2025-11-05 09:00:00,107.0882,103.26222049801592,3.8259795019840794,Random_Forest
2025-11-05 10:00:00,100.9682,103.99392094345238,-3.0257209434523844,Random_Forest
2025-11-05 11:00:00,98.1636,102.81272763690477,-4.649127636904765,Random_Forest
2025-11-05 12:00:00,103.7157,101.81193301785717,1.9037669821428267,Random_Forest
2025-11-05 13:00:00,103.0758,103.49319355059531,-0.4173935505953068,Random_Forest
2025-11-05 14:00:00,111.0652,102.76165744808206,8.303542551917943,Random_Forest
2025-11-05 15:00:00,103.1382,104.44220733134924,-1.30400733134924,Random_Forest
2025-11-05 16:00:00,108.5048,103.97971348115077,4.5250865188492355,Random_Forest
2025-11-05 17:00:00,112.8481,106.52914552843917,6.318954471560829,Random_Forest
2025-11-05 18:00:00,86.14880000000001,86.8585016623677,-0.7097016623676922,Random_Forest
2025-11-05 19:00:00,83.6704,83.89123906084654,-0.2208390608465436,Random_Forest
2025-11-05 20:00:00,83.9033,86.38483784325396,-2.4815378432539603,Random_Forest
2025-11-05 21:00:00,80.2569,85.26554575330687,-5.008645753306865,Random_Forest
2025-11-05 22:00:00,68.6606,70.99321384226191,-2.3326138422619067,Random_Forest
2025-11-05 23:00:00,76.18900000000001,70.81238121527778,5.3766187847222255,Random_Forest
2025-11-06 00:00:00,56.2038,53.73361364384919,2.470186356150812,Random_Forest
2025-11-06 01:00:00,57.7989,54.90301872916669,2.895881270833314,Random_Forest
2025-11-06 02:00:00,57.74,54.796041055555534,2.943958944444468,Random_Forest
2025-11-06 03:00:00,50.1846,54.22237002380954,-4.037770023809536,Random_Forest
2025-11-06 04:00:00,50.0157,53.30917801190477,-3.2934780119047673,Random_Forest
2025-11-06 05:00:00,56.5638,54.05870990079363,2.5050900992063703,Random_Forest
2025-11-06 06:00:00,73.4732,71.14301471329364,2.3301852867063673,Random_Forest
2025-11-06 07:00:00,75.6615,70.94099551587303,4.720504484126977,Random_Forest
2025-11-06 08:00:00,96.3783,106.06134474768518,-9.683044747685187,Random_Forest
2025-11-06 09:00:00,102.896,106.90166287830685,-4.00566287830685,Random_Forest
2025-11-06 10:00:00,105.4068,106.36063281250001,-0.9538328125000106,Random_Forest
2025-11-06 11:00:00,101.1248,103.84684813458999,-2.722048134589997,Random_Forest
2025-11-06 12:00:00,112.3519,105.66963169246038,6.682268307539616,Random_Forest
2025-11-06 13:00:00,104.4771,105.39603922585984,-0.9189392258598446,Random_Forest
2025-11-06 14:00:00,113.4447,105.60579060648142,7.838909393518577,Random_Forest
2025-11-06 15:00:00,103.1471,107.6603028075397,-4.513202807539699,Random_Forest
2025-11-06 16:00:00,99.5056,103.40016554265871,-3.894565542658711,Random_Forest
2025-11-06 17:00:00,97.7807,104.44146702876985,-6.660767028769854,Random_Forest
2025-11-06 18:00:00,89.0935,85.45848933333329,3.635010666666716,Random_Forest
2025-11-06 19:00:00,89.6594,85.95536932440477,3.7040306755952344,Random_Forest
2025-11-06 20:00:00,79.8959,86.57075260912693,-6.67485260912693,Random_Forest
2025-11-06 21:00:00,81.636,85.70897787896826,-4.07297787896826,Random_Forest
2025-11-06 22:00:00,73.8014,72.68692459490742,1.114475405092577,Random_Forest
2025-11-06 23:00:00,74.6898,70.72251161706349,3.967288382936516,Random_Forest
2025-11-07 00:00:00,55.7718,54.206734557209,1.5650654427909956,Random_Forest
2025-11-07 01:00:00,53.2218,54.169198933531725,-0.9473989335317228,Random_Forest
2025-11-07 02:00:00,54.3621,55.794089321428565,-1.431989321428567,Random_Forest
2025-11-07 03:00:00,58.264,53.04581268750001,5.2181873124999925,Random_Forest
2025-11-07 04:00:00,55.708,54.39184527976192,1.3161547202380817,Random_Forest
2025-11-07 05:00:00,51.8266,55.01235713888887,-3.1857571388888744,Random_Forest
2025-11-07 06:00:00,70.4548,71.1616677962963,-0.7068677962962937,Random_Forest
2025-11-07 07:00:00,72.7526,70.40756443849207,2.3450355615079275,Random_Forest
2025-11-07 08:00:00,104.0983,106.76192723412693,-2.6636272341269347,Random_Forest
2025-11-07 09:00:00,100.4108,105.61726365476193,-5.206463654761933,Random_Forest
2025-11-07 10:00:00,102.623,106.91809918948412,-4.2950991894841195,Random_Forest
2025-11-07 11:00:00,99.9097,105.02430522817463,-5.114605228174625,Random_Forest
2025-11-07 12:00:00,111.0176,105.0727643597884,5.944835640211608,Random_Forest
2025-11-07 13:00:00,110.9357,106.51622315575398,4.41947684424602,Random_Forest
2025-11-07 14:00:00,103.0837,107.27296177480159,-4.189261774801594,Random_Forest
2025-11-07 15:00:00,106.8849,105.08231103968258,1.802588960317422,Random_Forest
2025-11-07 16:00:00,103.3526,104.09785008531745,-0.7452500853174513,Random_Forest
2025-11-07 17:00:00,111.7307,105.43073313789684,6.299966862103162,Random_Forest
2025-11-07 18:00:00,86.5216,86.10043744907405,0.4211625509259562,Random_Forest
2025-11-07 19:00:00,90.2883,85.59782959027777,4.690470409722238,Random_Forest
2025-11-07 20:00:00,80.5594,86.35849913425918,-5.79909913425918,Random_Forest
2025-11-07 21:00:00,91.5689,85.21679226091273,6.352107739087273,Random_Forest
2025-11-07 22:00:00,73.8421,72.07320556250004,1.7688944374999664,Random_Forest
2025-11-07 23:00:00,74.0284,71.68269112599205,2.345708874007954,Random_Forest
2025-11-08 00:00:00,53.0119,51.59704001917989,1.4148599808201041,Random_Forest
2025-11-08 01:00:00,53.4977,51.842743537698404,1.6549564623015982,Random_Forest
2025-11-08 02:00:00,52.8279,51.8650609503968,0.9628390496031969,Random_Forest
2025-11-08 03:00:00,53.2876,51.60414983630951,1.6834501636904875,Random_Forest
2025-11-08 04:00:00,51.8126,51.84958214484125,-0.03698214484124662,Random_Forest
2025-11-08 05:00:00,51.55,51.79852486309521,-0.24852486309521282,Random_Forest
2025-11-08 06:00:00,52.8485,52.04052504365079,0.8079749563492129,Random_Forest
2025-11-08 07:00:00,54.2645,51.743400228174615,2.5210997718253836,Random_Forest
2025-11-08 08:00:00,49.5717,51.97876119907411,-2.407061199074107,Random_Forest
2025-11-08 09:00:00,67.9062,70.28578062003969,-2.3795806200396896,Random_Forest
2025-11-08 10:00:00,65.9792,69.65413893677847,-3.67493893677846,Random_Forest
2025-11-08 11:00:00,70.43769999999999,68.15079441997354,2.286905580026456,Random_Forest
2025-11-08 12:00:00,62.7315,66.76336897123011,-4.031868971230111,Random_Forest
2025-11-08 13:00:00,66.1746,69.24157136805555,-3.0669713680555475,Random_Forest
2025-11-08 14:00:00,70.8475,67.0793382301587,3.7681617698412992,Random_Forest
2025-11-08 15:00:00,67.4042,69.27443978670634,-1.8702397867063354,Random_Forest
2025-11-08 16:00:00,71.55839999999999,65.33957643284027,6.218823567159717,Random_Forest
2025-11-08 17:00:00,71.057,69.3630496825397,1.693950317460306,Random_Forest
2025-11-08 18:00:00,67.4101,67.78306525793653,-0.3729652579365279,Random_Forest
2025-11-08 19:00:00,50.6474,52.07179068650793,-1.4243906865079339,Random_Forest
2025-11-08 20:00:00,49.88,51.235118473544965,-1.3551184735449624,Random_Forest
2025-11-08 21:00:00,54.8425,51.229615934854515,3.6128840651454865,Random_Forest
2025-11-08 22:00:00,54.0848,51.46048774801588,2.624312251984122,Random_Forest
2025-11-08 23:00:00,51.4112,51.20234858432543,0.2088514156745731,Random_Forest
2025-11-09 00:00:00,49.5446,51.235450097222206,-1.690850097222203,Random_Forest
2025-11-09 01:00:00,51.6851,51.86223270634921,-0.1771327063492123,Random_Forest
2025-11-09 02:00:00,53.4927,51.17912810449733,2.313571895502669,Random_Forest
2025-11-09 03:00:00,52.4434,52.18611225396827,0.25728774603172866,Random_Forest
2025-11-09 04:00:00,52.8003,51.263288657407415,1.537011342592585,Random_Forest
2025-11-09 05:00:00,50.1136,51.19058523148147,-1.0769852314814727,Random_Forest
2025-11-09 06:00:00,50.1417,51.341025806878285,-1.199325806878285,Random_Forest
2025-11-09 07:00:00,51.844,51.70963359325397,0.1343664067460324,Random_Forest
2025-11-09 08:00:00,49.8722,51.90947223941796,-2.037272239417959,Random_Forest
2025-11-09 09:00:00,72.5705,69.55056778968252,3.019932210317478,Random_Forest
2025-11-09 10:00:00,71.9521,69.6578456359127,2.2942543640873083,Random_Forest
2025-11-09 11:00:00,72.1945,70.37846301322747,1.8160369867725308,Random_Forest
2025-11-09 12:00:00,65.9226,69.21490179365082,-3.2923017936508217,Random_Forest
2025-11-09 13:00:00,67.7132,68.5839905188492,-0.8707905188492049,Random_Forest
2025-11-09 14:00:00,71.0633,66.91030131051585,4.15299868948415,Random_Forest
2025-11-09 15:00:00,67.7389,68.09103725000003,-0.3521372500000268,Random_Forest
2025-11-09 16:00:00,68.7405,67.22795262500001,1.5125473749999827,Random_Forest
2025-11-09 17:00:00,69.7848,66.25563521428573,3.529164785714272,Random_Forest
2025-11-09 18:00:00,71.3929,66.63874367261904,4.754156327380954,Random_Forest
2025-11-09 19:00:00,49.8087,50.96828534821427,-1.1595853482142715,Random_Forest
2025-11-09 20:00:00,51.7818,50.97200150628305,0.8097984937169471,Random_Forest
2025-11-09 21:00:00,50.3924,50.88788115873015,-0.49548115873015064,Random_Forest
2025-11-09 22:00:00,49.8359,51.097594308531725,-1.2616943085317232,Random_Forest
2025-11-09 23:00:00,50.7382,51.183482612103184,-0.44528261210318476,Random_Forest
2025-11-10 00:00:00,56.475,53.769278635912706,2.705721364087296,Random_Forest
2025-11-10 01:00:00,52.1263,55.5282523700397,-3.4019523700397016,Random_Forest
2025-11-10 02:00:00,54.5667,54.85524867592593,-0.2885486759259308,Random_Forest
2025-11-10 03:00:00,54.5599,53.631073869047626,0.9288261309523733,Random_Forest
2025-11-10 04:00:00,53.95,53.469018297619044,0.4809817023809586,Random_Forest
2025-11-10 05:00:00,54.4977,52.29832739219578,2.1993726078042215,Random_Forest
2025-11-10 06:00:00,71.1735,70.85371731878308,0.3197826812169211,Random_Forest
2025-11-10 07:00:00,71.2363,71.23718898214285,-0.0008889821428539335,Random_Forest
2025-11-10 08:00:00,98.8718,106.74949663822757,-7.877696638227576,Random_Forest
2025-11-10 09:00:00,101.8884,108.71492624537038,-6.826526245370374,Random_Forest
2025-11-10 10:00:00,102.0421,105.42832010515878,-3.3862201051587704,Random_Forest
2025-11-10 11:00:00,95.9665,102.59437213888891,-6.627872138888918,Random_Forest
2025-11-10 12:00:00,97.9075,106.74859132969586,-8.841091329695857,Random_Forest
2025-11-10 13:00:00,100.7837,105.0392995158731,-4.255599515873101,Random_Forest
2025-11-10 14:00:00,104.7514,106.21644960317462,-1.46504960317462,Random_Forest
2025-11-10 15:00:00,111.1159,102.67257431150794,8.443325688492052,Random_Forest
2025-11-10 16:00:00,107.356,106.94172045238103,0.41427954761896046,Random_Forest
2025-11-10 17:00:00,106.7228,105.76327706250002,0.9595229374999832,Random_Forest
2025-11-10 18:00:00,88.0767,86.45889965476191,1.617800345238095,Random_Forest
2025-11-10 19:00:00,87.6643,84.23442732539685,3.4298726746031463,Random_Forest
2025-11-10 20:00:00,85.403,85.8459107956349,-0.4429107956348872,Random_Forest
2025-11-10 21:00:00,84.3007,87.06534360912701,-2.764643609127006,Random_Forest
2025-11-10 22:00:00,76.944,72.21182353141538,4.732176468584626,Random_Forest
2025-11-10 23:00:00,65.2019,72.95536229332012,-7.753462293320126,Random_Forest
2025-11-11 00:00:00,56.4096,55.023611043320095,1.3859889566799026,Random_Forest
2025-11-11 01:00:00,52.1477,54.12014975429894,-1.9724497542989425,Random_Forest
2025-11-11 02:00:00,53.1899,55.23452226256616,-2.0446222625661576,Random_Forest
2025-11-11 03:00:00,50.4358,55.87454016765875,-5.43874016765875,Random_Forest
2025-11-11 04:00:00,57.6421,53.56696298346561,4.075137016534391,Random_Forest
2025-11-11 05:00:00,55.828,54.641382511904766,1.1866174880952371,Random_Forest
2025-11-11 06:00:00,67.627,71.02016121626983,-3.3931612162698315,Random_Forest
2025-11-11 07:00:00,70.8857,71.31833866633596,-0.4326386663359614,Random_Forest
2025-11-11 08:00:00,98.5592,106.18236312103176,-7.623163121031752,Random_Forest
2025-11-11 09:00:00,96.7903,106.62530722222223,-9.835007222222231,Random_Forest
2025-11-11 10:00:00,106.3532,106.91711548611116,-0.5639154861111564,Random_Forest
2025-11-11 11:00:00,103.3733,104.57419327579369,-1.200893275793689,Random_Forest
2025-11-11 12:00:00,106.1739,104.56497550297627,1.608924497023736,Random_Forest
2025-11-11 13:00:00,102.1231,107.26017175198416,-5.137071751984166,Random_Forest
2025-11-11 14:00:00,105.7167,104.66341133333337,1.0532886666666315,Random_Forest
2025-11-11 15:00:00,102.5112,103.20571380059526,-0.69451380059526,Random_Forest
2025-11-11 16:00:00,109.289,105.95984502314815,3.3291549768518536,Random_Forest
2025-11-11 17:00:00,101.277,107.08657027380954,-5.809570273809541,Random_Forest
2025-11-11 18:00:00,84.1431,85.005050897156,-0.8619508971559924,Random_Forest
2025-11-11 19:00:00,78.7949,84.93736823214284,-6.142468232142846,Random_Forest
2025-11-11 20:00:00,93.5342,84.42393627976188,9.110263720238123,Random_Forest
2025-11-11 21:00:00,91.4872,86.14524360218249,5.341956397817512,Random_Forest
2025-11-11 22:00:00,74.7594,72.54376153571425,2.215638464285746,Random_Forest
2025-11-11 23:00:00,73.9605,71.93888681117726,2.021613188822741,Random_Forest
2025-11-12 00:00:00,52.1064,54.30140468485452,-2.195004684854517,Random_Forest
2025-11-12 01:00:00,58.2179,55.34052681547619,2.8773731845238117,Random_Forest
2025-11-12 02:00:00,55.1798,55.207857568452376,-0.028057568452375392,Random_Forest
2025-11-12 03:00:00,53.0363,55.029409041666675,-1.9931090416666777,Random_Forest
2025-11-12 04:00:00,50.8299,54.65407684193121,-3.824176841931205,Random_Forest
2025-11-12 05:00:00,54.0719,54.928957087301605,-0.8570570873016052,Random_Forest
2025-11-12 06:00:00,68.03960000000001,69.65449546924603,-1.6148954692460222,Random_Forest
2025-11-12 07:00:00,71.8357,70.57448855621693,1.2612114437830684,Random_Forest
2025-11-12 08:00:00,109.7293,107.32989240674605,2.3994075932539403,Random_Forest
2025-11-12 09:00:00,109.7955,107.00671342757937,2.7887865724206335,Random_Forest
2025-11-12 10:00:00,107.9309,107.1106518158069,0.8202481841930904,Random_Forest
2025-11-12 11:00:00,95.8217,104.30324318452382,-8.481543184523815,Random_Forest
2025-11-12 12:00:00,106.9144,108.12386895833333,-1.209468958333332,Random_Forest
2025-11-12 13:00:00,110.9602,106.06667138591273,4.893528614087273,Random_Forest
2025-11-12 14:00:00,113.2938,106.45040155059523,6.8433984494047735,Random_Forest
2025-11-12 15:00:00,107.0808,106.57748329563495,0.5033167043650479,Random_Forest
2025-11-12 16:00:00,104.6462,106.78845092361112,-2.1422509236111296,Random_Forest
2025-11-12 17:00:00,103.7965,105.70924746660052,-1.9127474666005213,Random_Forest
2025-11-12 18:00:00,80.9079,85.24211269345237,-4.334212693452372,Random_Forest
2025-11-12 19:00:00,88.012,85.61712688095234,2.3948731190476593,Random_Forest
2025-11-12 20:00:00,87.7113,84.18635578571433,3.524944214285668,Random_Forest
2025-11-12 21:00:00,83.904,84.88415265376985,-0.9801526537698493,Random_Forest
2025-11-12 22:00:00,78.1947,72.53008066765872,5.664619332341275,Random_Forest
2025-11-12 23:00:00,76.2184,74.28536867757938,1.933031322420618,Random_Forest
2025-11-13 00:00:00,56.2267,55.273315608134915,0.953384391865086,Random_Forest
2025-11-13 01:00:00,54.7632,54.96714626190476,-0.20394626190476117,Random_Forest
2025-11-13 02:00:00,58.5013,54.802037040674605,3.699262959325395,Random_Forest
2025-11-13 03:00:00,55.5494,53.92195550694445,1.627444493055549,Random_Forest
2025-11-13 04:00:00,55.29,55.00942684424603,0.2805731557539701,Random_Forest
2025-11-13 05:00:00,55.8248,54.026177444113735,1.7986225558862685,Random_Forest
2025-11-13 06:00:00,72.6565,72.29205984424601,0.36444015575398225,Random_Forest
2025-11-13 07:00:00,74.00319999999999,72.53088674801587,1.4723132519841187,Random_Forest
2025-11-13 08:00:00,98.671,106.49384993088624,-7.822849930886235,Random_Forest
2025-11-13 09:00:00,111.9535,106.02334832936508,5.9301516706349275,Random_Forest
2025-11-13 10:00:00,102.4525,107.4595404394841,-5.007040439484101,Random_Forest
2025-11-13 11:00:00,107.703,105.13314713690478,2.569852863095221,Random_Forest
2025-11-13 12:00:00,106.1237,103.98429498710318,2.139405012896816,Random_Forest
2025-11-13 13:00:00,111.2783,106.26359240216726,5.014707597832739,Random_Forest
2025-11-13 14:00:00,107.606,105.41620551785708,2.189794482142915,Random_Forest
2025-11-13 15:00:00,111.7527,106.86678940806874,4.885910591931264,Random_Forest
2025-11-13 16:00:00,115.0982,107.6295199464286,7.468680053571404,Random_Forest
2025-11-13 17:00:00,111.4716,107.91181348511903,3.559786514880969,Random_Forest
2025-11-13 18:00:00,88.9326,85.66128243187833,3.2713175681216597,Random_Forest
2025-11-13 19:00:00,84.8805,84.69359749603173,0.18690250396826968,Random_Forest
2025-11-13 20:00:00,85.5682,84.31073830753967,1.257461692460339,Random_Forest
2025-11-13 21:00:00,91.8763,84.5246239279101,7.3516760720899015,Random_Forest
2025-11-13 22:00:00,73.2419,73.20132040178572,0.040579598214279144,Random_Forest
2025-11-13 23:00:00,69.4603,71.85274744146824,-2.392447441468235,Random_Forest
2025-11-14 00:00:00,56.3296,55.07313591765874,1.2564640823412603,Random_Forest
2025-11-14 01:00:00,56.3423,55.451486028769835,0.8908139712301661,Random_Forest
2025-11-14 02:00:00,57.1069,55.441581424603186,1.6653185753968174,Random_Forest
2025-11-14 03:00:00,59.2122,55.097734425595256,4.114465574404747,Random_Forest
2025-11-14 04:00:00,54.169,55.31379511970896,-1.1447951197089665,Random_Forest
2025-11-14 05:00:00,56.4316,53.88444735416666,2.547152645833343,Random_Forest
2025-11-14 06:00:00,72.4934,71.72514429629626,0.7682557037037299,Random_Forest
2025-11-14 07:00:00,67.0932,71.22432186408729,-4.131121864087291,Random_Forest
2025-11-14 08:00:00,108.4896,107.19558780753962,1.2940121924603716,Random_Forest
2025-11-14 09:00:00,113.5273,107.08194838293647,6.4453516170635226,Random_Forest
2025-11-14 10:00:00,101.796,106.54493717328043,-4.748937173280424,Random_Forest
2025-11-14 11:00:00,98.7941,107.10831568154761,-8.314215681547608,Random_Forest
2025-11-14 12:00:00,104.0349,103.60285996329364,0.43204003670635416,Random_Forest
2025-11-14 13:00:00,97.4363,106.72391338988095,-9.287613389880946,Random_Forest
2025-11-14 14:00:00,109.7709,106.28063170436509,3.4902682956349054,Random_Forest
2025-11-14 15:00:00,97.1774,106.27586495734127,-9.098464957341264,Random_Forest
2025-11-14 16:00:00,115.3714,105.73997728869044,9.631422711309554,Random_Forest
2025-11-14 17:00:00,111.5261,105.79630836210318,5.729791637896824,Random_Forest
2025-11-14 18:00:00,80.1448,85.07666178339942,-4.9318617833994125,Random_Forest
2025-11-14 19:00:00,79.6313,86.03910428968256,-6.407804289682559,Random_Forest
2025-11-14 20:00:00,89.8432,86.11673594642856,3.7264640535714335,Random_Forest
2025-11-14 21:00:00,90.8121,85.05539882936507,5.756701170634926,Random_Forest
2025-11-14 22:00:00,68.253,73.2087655535714,-4.955765553571396,Random_Forest
2025-11-14 23:00:00,71.3676,71.24830324107141,0.11929675892858427,Random_Forest
2025-11-15 00:00:00,50.139,51.61821747023807,-1.4792174702380692,Random_Forest
2025-11-15 01:00:00,50.1534,51.67875748908732,-1.5253574890873196,Random_Forest
2025-11-15 02:00:00,49.8342,51.49631445039682,-1.662114450396814,Random_Forest
2025-11-15 03:00:00,50.8392,51.81743580853173,-0.9782358085317284,Random_Forest
2025-11-15 04:00:00,53.175,51.543159548611094,1.6318404513889035,Random_Forest
2025-11-15 05:00:00,51.461,51.2961669593254,0.16483304067460125,Random_Forest
2025-11-15 06:00:00,49.6221,51.476235427579354,-1.854135427579351,Random_Forest
2025-11-15 07:00:00,49.2867,51.67196747718253,-2.3852674771825235,Random_Forest
2025-11-15 08:00:00,50.4746,51.645566434523815,-1.1709664345238124,Random_Forest
2025-11-15 09:00:00,67.8229,69.14168224966933,-1.3187822496693258,Random_Forest
2025-11-15 10:00:00,64.6184,69.37958156646823,-4.761181566468238,Random_Forest
2025-11-15 11:00:00,68.3088,67.20840766269843,1.100392337301571,Random_Forest
2025-11-15 12:00:00,66.5336,69.04280029166667,-2.5092002916666587,Random_Forest
2025-11-15 13:00:00,67.7111,69.4505938627645,-1.7394938627645047,Random_Forest
2025-11-15 14:00:00,72.45009999999999,67.12602925099206,5.32407074900793,Random_Forest
2025-11-15 15:00:00,74.7,69.33569545767195,5.364304542328057,Random_Forest
2025-11-15 16:00:00,68.94,70.09619800099208,-1.1561980009920774,Random_Forest
2025-11-15 17:00:00,68.3911,67.9364322185546,0.4546677814453943,Random_Forest
2025-11-15 18:00:00,64.553,68.73162070271164,-4.17862070271164,Random_Forest
2025-11-15 19:00:00,54.221900000000005,51.692375461640204,2.5295245383598015,Random_Forest
2025-11-15 20:00:00,50.4139,51.85903079365082,-1.4451307936508186,Random_Forest
2025-11-15 21:00:00,53.5957,51.43916435119047,2.1565356488095304,Random_Forest
2025-11-15 22:00:00,51.2119,52.09594898776457,-0.8840489877645723,Random_Forest
2025-11-15 23:00:00,50.0959,51.1579113482143,-1.0620113482142983,Random_Forest
2025-11-16 00:00:00,53.2893,51.55692768055553,1.7323723194444653,Random_Forest
2025-11-16 01:00:00,51.0281,51.713661374999994,-0.6855613749999918,Random_Forest
2025-11-16 02:00:00,52.6942,51.47673204761903,1.2174679523809715,Random_Forest
2025-11-16 03:00:00,49.024,51.640311388888904,-2.616311388888903,Random_Forest
2025-11-16 04:00:00,52.6093,51.309202645833324,1.3000973541666738,Random_Forest
2025-11-16 05:00:00,51.1487,50.88432357936509,0.2643764206349104,Random_Forest
2025-11-16 06:00:00,49.8733,51.27414087500001,-1.4008408750000072,Random_Forest
2025-11-16 07:00:00,54.2636,51.106548390211614,3.1570516097883825,Random_Forest
2025-11-16 08:00:00,50.7606,52.003171861111106,-1.2425718611111094,Random_Forest
2025-11-16 09:00:00,72.1399,69.35907349900795,2.780826500992049,Random_Forest
2025-11-16 10:00:00,73.9271,71.07980501818778,2.8472949818122117,Random_Forest
2025-11-16 11:00:00,67.2641,71.04014085978835,-3.7760408597883526,Random_Forest
2025-11-16 12:00:00,69.0269,69.34312353108463,-0.3162235310846313,Random_Forest
2025-11-16 13:00:00,68.511,69.31914002876984,-0.8081400287698415,Random_Forest
2025-11-16 14:00:00,72.5427,68.44590869742063,4.096791302579362,Random_Forest
2025-11-16 15:00:00,73.3361,68.57029740178571,4.765802598214293,Random_Forest
2025-11-16 16:00:00,63.6053,67.7916586299603,-4.186358629960296,Random_Forest
2025-11-16 17:00:00,65.7553,67.73143836607143,-1.9761383660714245,Random_Forest
2025-11-16 18:00:00,72.3539,67.94152651884922,4.41237348115078,Random_Forest
2025-11-16 19:00:00,53.6024,50.88399180158731,2.718408198412696,Random_Forest
2025-11-16 20:00:00,51.9134,52.074534946428585,-0.16113494642858228,Random_Forest
2025-11-16 21:00:00,54.3125,50.95094986904764,3.3615501309523594,Random_Forest
2025-11-16 22:00:00,53.8613,51.1947585386905,2.6665414613094995,Random_Forest
2025-11-16 23:00:00,51.3724,51.38687725198415,-0.014477251984153838,Random_Forest
2025-11-17 00:00:00,58.7127,54.99920312599206,3.7134968740079373,Random_Forest
2025-11-17 01:00:00,52.2641,54.619739212301596,-2.355639212301597,Random_Forest
2025-11-17 02:00:00,56.4634,54.62943798412699,1.8339620158730128,Random_Forest
2025-11-17 03:00:00,55.5706,53.97372937301588,1.5968706269841206,Random_Forest
2025-11-17 04:00:00,56.8258,53.77828237896825,3.0475176210317514,Random_Forest
2025-11-17 05:00:00,54.2067,53.0301091736111,1.176590826388896,Random_Forest
2025-11-17 06:00:00,72.3958,71.57303164947093,0.8227683505290599,Random_Forest
2025-11-17 07:00:00,71.4215,72.1131816117725,-0.6916816117725091,Random_Forest
2025-11-17 08:00:00,106.6216,109.09703677314818,-2.475436773148175,Random_Forest
2025-11-17 09:00:00,107.8359,106.72657884226189,1.1093211577381084,Random_Forest
2025-11-17 10:00:00,114.841,105.48079701984125,9.360202980158746,Random_Forest
2025-11-17 11:00:00,112.808,107.68070520337298,5.127294796627027,Random_Forest
2025-11-17 12:00:00,98.3346,104.84704781349208,-6.512447813492088,Random_Forest
2025-11-17 13:00:00,104.9671,106.77810265476192,-1.8110026547619213,Random_Forest
2025-11-17 14:00:00,98.8612,105.5033442083333,-6.642144208333306,Random_Forest
2025-11-17 15:00:00,107.3587,107.1505484302249,0.2081515697750973,Random_Forest
2025-11-17 16:00:00,106.9668,102.96938602380955,3.997413976190458,Random_Forest
2025-11-17 17:00:00,108.8195,106.00496818650795,2.814531813492053,Random_Forest
2025-11-17 18:00:00,88.4312,87.4790882592593,0.9521117407407047,Random_Forest
2025-11-17 19:00:00,80.6787,85.320780380291,-4.642080380290992,Random_Forest
2025-11-17 20:00:00,84.2948,87.51733110714282,-3.222531107142828,Random_Forest
2025-11-17 21:00:00,86.4503,85.80368007142857,0.6466199285714254,Random_Forest
2025-11-17 22:00:00,76.5477,73.62575362797617,2.9219463720238394,Random_Forest
2025-11-17 23:00:00,68.6314,71.42658266005293,-2.79518266005293,Random_Forest
2025-11-18 00:00:00,51.5862,54.779720172619065,-3.193520172619067,Random_Forest
2025-11-18 01:00:00,58.5803,54.01927627314815,4.56102372685185,Random_Forest
2025-11-18 02:00:00,51.6832,54.95219727050262,-3.2689972705026236,Random_Forest
2025-11-18 03:00:00,56.9951,55.07939670535714,1.91570329464286,Random_Forest
2025-11-18 04:00:00,54.2242,54.780295418650795,-0.5560954186507914,Random_Forest
2025-11-18 05:00:00,53.918,54.92544067228836,-1.0074406722883609,Random_Forest
2025-11-18 06:00:00,73.0958,74.0970373207672,-1.0012373207672027,Random_Forest
2025-11-18 07:00:00,76.1307,71.75931906415343,4.371380935846574,Random_Forest
2025-11-18 08:00:00,107.502,108.70298707936504,-1.2009870793650492,Random_Forest
2025-11-18 09:00:00,107.5352,106.62544203869047,0.9097579613095377,Random_Forest
2025-11-18 10:00:00,109.4252,105.81093464087301,3.614265359126989,Random_Forest
2025-11-18 11:00:00,105.3095,105.50123398809522,-0.19173398809522268,Random_Forest
2025-11-18 12:00:00,98.3127,107.38750715873014,-9.074807158730138,Random_Forest
2025-11-18 13:00:00,98.1689,108.30320464384923,-10.134304643849234,Random_Forest
2025-11-18 14:00:00,114.4131,107.74522156944447,6.6678784305555325,Random_Forest
2025-11-18 15:00:00,101.2115,106.66878357142856,-5.457283571428562,Random_Forest
2025-11-18 16:00:00,101.7552,106.11090234920633,-4.355702349206325,Random_Forest
2025-11-18 17:00:00,110.4965,105.4873381855159,5.009161814484102,Random_Forest
2025-11-18 18:00:00,83.9199,87.12146350694448,-3.201563506944481,Random_Forest
2025-11-18 19:00:00,88.0557,85.9559671964285,2.0997328035714986,Random_Forest
2025-11-18 20:00:00,84.945,85.39761312037035,-0.4526131203703585,Random_Forest
2025-11-18 21:00:00,90.3071,87.22236953174601,3.084730468253994,Random_Forest
2025-11-18 22:00:00,70.616,74.11252126388891,-3.4965212638889085,Random_Forest
2025-11-18 23:00:00,70.3388,72.9790024672619,-2.6402024672619007,Random_Forest
2025-11-19 00:00:00,57.8335,54.943366006944444,2.8901339930555565,Random_Forest
2025-11-19 01:00:00,53.3901,55.37610229365079,-1.9860022936507917,Random_Forest
2025-11-19 02:00:00,54.7018,55.53830181349205,-0.836501813492049,Random_Forest
2025-11-19 03:00:00,54.3696,55.39895638591269,-1.029356385912692,Random_Forest
2025-11-19 04:00:00,53.7998,55.52836603075396,-1.72856603075396,Random_Forest
2025-11-19 05:00:00,50.158,55.322112309523796,-5.164112309523794,Random_Forest
2025-11-19 06:00:00,74.6364,72.83852994742061,1.797870052579384,Random_Forest
2025-11-19 07:00:00,67.9056,72.18419691865078,-4.278596918650777,Random_Forest
2025-11-19 08:00:00,114.1091,106.12056146924601,7.988538530753985,Random_Forest
2025-11-19 09:00:00,98.8049,106.97579047982804,-8.170890479828032,Random_Forest
2025-11-19 10:00:00,101.3575,106.39900727182544,-5.041507271825438,Random_Forest
2025-11-19 11:00:00,110.2905,107.04611972123013,3.2443802787698672,Random_Forest
2025-11-19 12:00:00,106.8739,105.2246174732143,1.6492825267857114,Random_Forest
2025-11-19 13:00:00,106.505,106.84204969444444,-0.33704969444444544,Random_Forest
2025-11-19 14:00:00,105.3525,105.8383937873677,-0.4858937873677007,Random_Forest
2025-11-19 15:00:00,100.0023,105.53031073412694,-5.528010734126937,Random_Forest
2025-11-19 16:00:00,108.7091,107.18093633333328,1.5281636666667282,Random_Forest
2025-11-19 17:00:00,110.5747,107.12284634424601,3.451853655753993,Random_Forest
2025-11-19 18:00:00,92.5145,87.36207016170633,5.152429838293671,Random_Forest
2025-11-19 19:00:00,92.838,85.24737044047616,7.590629559523833,Random_Forest
2025-11-19 20:00:00,88.3164,85.40291407539677,2.9134859246032363,Random_Forest
2025-11-19 21:00:00,83.0483,85.1153539900794,-2.067053990079401,Random_Forest
2025-11-19 22:00:00,75.0891,73.35759998322513,1.7315000167748735,Random_Forest
2025-11-19 23:00:00,73.1839,74.58447895734129,-1.4005789573412954,Random_Forest
2025-11-20 00:00:00,55.8026,54.82536271825403,0.9772372817459711,Random_Forest
2025-11-20 01:00:00,51.8632,54.2519319371693,-2.388731937169304,Random_Forest
2025-11-20 02:00:00,58.3476,54.16567028670636,4.181929713293641,Random_Forest
2025-11-20 03:00:00,56.2291,54.81327921031746,1.4158207896825417,Random_Forest
2025-11-20 04:00:00,51.9393,55.27610100793649,-3.3368010079364865,Random_Forest
2025-11-20 05:00:00,57.9155,54.98425254365078,2.931247456349219,Random_Forest
2025-11-20 06:00:00,70.2431,70.79328553174602,-0.550185531746024,Random_Forest
2025-11-20 07:00:00,74.5053,71.53782560019843,2.9674743998015742,Random_Forest
2025-11-20 08:00:00,97.4743,106.56042132473543,-9.08612132473543,Random_Forest
2025-11-20 09:00:00,111.0754,107.13175934523807,3.9436406547619356,Random_Forest
2025-11-20 10:00:00,113.6599,106.7698704497863,6.890029550213697,Random_Forest
2025-11-20 11:00:00,103.182,106.29965466964285,-3.117654669642846,Random_Forest
2025-11-20 12:00:00,98.3799,105.21344523153229,-6.833545231532284,Random_Forest
2025-11-20 13:00:00,110.4117,106.65956095370372,3.7521390462962785,Random_Forest
2025-11-20 14:00:00,98.7165,106.65987273748473,-7.9433727374847365,Random_Forest
2025-11-20 15:00:00,105.4883,106.4579274523809,-0.9696274523809052,Random_Forest
2025-11-20 16:00:00,110.5195,105.86225922784392,4.657240772156072,Random_Forest
2025-11-20 17:00:00,101.819,107.51683130291008,-5.697831302910075,Random_Forest
2025-11-20 18:00:00,82.8822,85.44563523710319,-2.5634352371031923,Random_Forest
2025-11-20 19:00:00,86.1948,83.62534952083335,2.5694504791666475,Random_Forest
2025-11-20 20:00:00,88.7205,85.71372410714285,3.0067758928571493,Random_Forest
2025-11-20 21:00:00,79.6382,85.60871733035712,-5.970517330357126,Random_Forest
2025-11-20 22:00:00,67.4589,72.55148687896825,-5.092586878968248,Random_Forest
2025-11-20 23:00:00,77.4557,72.94435253835978,4.511347461640213,Random_Forest
2025-11-21 00:00:00,51.2029,55.48346148214287,-4.280561482142872,Random_Forest
2025-11-21 01:00:00,58.0785,53.77560560615082,4.302894393849179,Random_Forest
2025-11-21 02:00:00,53.6353,55.65914825793652,-2.023848257936521,Random_Forest
2025-11-21 03:00:00,51.6263,55.78255640476191,-4.156256404761912,Random_Forest
2025-11-21 04:00:00,53.1243,54.97555320436508,-1.8512532043650793,Random_Forest
2025-11-21 05:00:00,56.1446,55.78790271031746,0.3566972896825362,Random_Forest
2025-11-21 06:00:00,71.6405,72.06120731051587,-0.42070731051586563,Random_Forest
2025-11-21 07:00:00,70.8376,69.94364969940473,0.8939503005952645,Random_Forest
2025-11-21 08:00:00,112.0719,108.6869719871032,3.3849280128967933,Random_Forest
2025-11-21 09:00:00,107.788,105.65602876157399,2.1319712384260043,Random_Forest
2025-11-21 10:00:00,103.8066,106.29833861309523,-2.4917386130952224,Random_Forest
2025-11-21 11:00:00,107.8842,107.8278184920635,0.05638150793650709,Random_Forest
2025-11-21 12:00:00,114.8087,107.64245789484127,7.16624210515873,Random_Forest
2025-11-21 13:00:00,97.6188,107.35240871428569,-9.733608714285694,Random_Forest
2025-11-21 14:00:00,106.4516,107.8240510998677,-1.3724510998677033,Random_Forest
2025-11-21 15:00:00,98.8292,106.71716553571424,-7.887965535714244,Random_Forest
2025-11-21 16:00:00,97.118,105.98403554431212,-8.866035544312126,Random_Forest
2025-11-21 17:00:00,99.7957,107.81044565277776,-8.014745652777762,Random_Forest
2025-11-21 18:00:00,88.0137,85.90905319642852,2.104646803571484,Random_Forest
2025-11-21 19:00:00,82.0674,85.94910134722221,-3.8817013472222044,Random_Forest
2025-11-21 20:00:00,90.6385,86.51005110284395,4.128448897156048,Random_Forest
2025-11-21 21:00:00,83.6684,87.88915302182541,-4.220753021825402,Random_Forest
2025-11-21 22:00:00,68.5036,73.13488818353177,-4.631288183531765,Random_Forest
2025-11-21 23:00:00,69.7565,72.53503751951057,-2.7785375195105644,Random_Forest
2025-11-22 00:00:00,55.408,52.34494418253967,3.063055817460331,Random_Forest
2025-11-22 01:00:00,51.843,52.03867634722221,-0.19567634722220362,Random_Forest
2025-11-22 02:00:00,49.9116,51.89619209060846,-1.9845920906084586,Random_Forest
2025-11-22 03:00:00,50.7032,51.90352538293648,-1.2003253829364766,Random_Forest
2025-11-22 04:00:00,49.404,51.63368788492061,-2.229687884920608,Random_Forest
2025-11-22 05:00:00,52.4631,51.441099978174584,1.0220000218254128,Random_Forest
2025-11-22 06:00:00,54.1716,52.60998448710316,1.5616155128968359,Random_Forest
2025-11-22 07:00:00,50.7937,52.237930124999984,-1.444230124999983,Random_Forest
2025-11-22 08:00:00,50.8302,52.371569074074074,-1.5413690740740762,Random_Forest
2025-11-22 09:00:00,65.4069,68.97249818220901,-3.5655981822090155,Random_Forest
2025-11-22 10:00:00,65.8103,69.3058827748016,-3.495582774801605,Random_Forest
2025-11-22 11:00:00,64.0908,68.86086180224869,-4.770061802248691,Random_Forest
2025-11-22 12:00:00,67.1579,69.76040240244707,-2.6025024024470724,Random_Forest
2025-11-22 13:00:00,67.4317,69.61377821891529,-2.1820782189152794,Random_Forest
2025-11-22 14:00:00,66.9921,69.18732865542326,-2.1952286554232643,Random_Forest
2025-11-22 15:00:00,63.9685,69.18347681944444,-5.214976819444438,Random_Forest
2025-11-22 16:00:00,73.8524,66.408121744709,7.444278255290996,Random_Forest
2025-11-22 17:00:00,74.5446,69.04574024107141,5.498859758928589,Random_Forest
2025-11-22 18:00:00,72.1417,68.39101169411376,3.750688305886243,Random_Forest
2025-11-22 19:00:00,53.9163,51.24057497718253,2.675725022817467,Random_Forest
2025-11-22 20:00:00,50.5725,52.62307358928571,-2.0505735892857118,Random_Forest
2025-11-22 21:00:00,52.4293,51.11938344874337,1.3099165512566273,Random_Forest
2025-11-22 22:00:00,50.3721,51.27671794246032,-0.9046179424603196,Random_Forest
2025-11-22 23:00:00,50.1868,50.74442054100529,-0.5576205410052921,Random_Forest
2025-11-23 00:00:00,50.2055,51.687066781415375,-1.4815667814153741,Random_Forest
2025-11-23 01:00:00,51.2357,51.13836720138889,0.09733279861111299,Random_Forest
2025-11-23 02:00:00,51.7345,52.17588937500004,-0.4413893750000426,Random_Forest
2025-11-23 03:00:00,54.3317,52.03151615476194,2.3001838452380596,Random_Forest
2025-11-23 04:00:00,51.3471,52.43865345337303,-1.091553453373031,Random_Forest
2025-11-23 05:00:00,51.9998,51.777809951058195,0.22199004894180518,Random_Forest
2025-11-23 06:00:00,48.9291,51.64711844675926,-2.7180184467592596,Random_Forest
2025-11-23 07:00:00,49.5528,52.04225046825398,-2.4894504682539846,Random_Forest
2025-11-23 08:00:00,53.4624,52.34412922222221,1.118270777777795,Random_Forest
2025-11-23 09:00:00,66.1686,70.47067312599206,-4.302073125992067,Random_Forest
2025-11-23 10:00:00,64.2762,70.83876235912696,-6.562562359126957,Random_Forest
2025-11-23 11:00:00,70.519,71.30915803273811,-0.7901580327381055,Random_Forest
2025-11-23 12:00:00,68.1493,70.66052294444444,-2.511222944444441,Random_Forest
2025-11-23 13:00:00,67.7746,69.88071915575392,-2.106119155753916,Random_Forest
2025-11-23 14:00:00,66.4528,69.32187475793651,-2.8690747579365166,Random_Forest
2025-11-23 15:00:00,74.4342,69.11990677380953,5.314293226190472,Random_Forest
2025-11-23 16:00:00,66.131,67.92271076984125,-1.791710769841245,Random_Forest
2025-11-23 17:00:00,68.8269,68.21129362896825,0.6156063710317454,Random_Forest
2025-11-23 18:00:00,71.8591,68.6185569761905,3.2405430238094937,Random_Forest
2025-11-23 19:00:00,50.303,51.86785488095242,-1.5648548809524243,Random_Forest
2025-11-23 20:00:00,51.3527,51.51283460912696,-0.1601346091269633,Random_Forest
2025-11-23 21:00:00,52.8406,51.26895523842594,1.5716447615740634,Random_Forest
2025-11-23 22:00:00,49.6171,51.51968062996033,-1.902580629960326,Random_Forest
2025-11-23 23:00:00,50.5742,51.938026649470885,-1.3638266494708873,Random_Forest
2025-11-24 00:00:00,56.3274,55.58343937929893,0.7439606207010669,Random_Forest
2025-11-24 01:00:00,58.2655,54.52935908035713,3.736140919642871,Random_Forest
2025-11-24 02:00:00,52.5614,54.02068184027782,-1.4592818402778178,Random_Forest
2025-11-24 03:00:00,51.8524,54.78553696494711,-2.93313696494711,Random_Forest
2025-11-24 04:00:00,58.9047,55.37079652976193,3.533903470238066,Random_Forest
2025-11-24 05:00:00,51.8532,53.8655796329365,-2.0123796329365007,Random_Forest
2025-11-24 06:00:00,69.833,70.52060541765876,-0.6876054176587587,Random_Forest
2025-11-24 07:00:00,69.4687,71.45195352182539,-1.9832535218253895,Random_Forest
2025-11-24 08:00:00,104.911,106.94437496461644,-2.033374964616442,Random_Forest
2025-11-24 09:00:00,106.8453,106.37255035912698,0.47274964087301896,Random_Forest
2025-11-24 10:00:00,99.3187,107.82228462500004,-8.50358462500003,Random_Forest
2025-11-24 11:00:00,104.8346,107.46840129794974,-2.633801297949745,Random_Forest
2025-11-24 12:00:00,100.8952,108.00990272685179,-7.114702726851789,Random_Forest
2025-11-24 13:00:00,112.7165,105.5257048988095,7.190795101190503,Random_Forest
2025-11-24 14:00:00,111.8208,107.39005259126985,4.430747408730156,Random_Forest
2025-11-24 15:00:00,97.3374,105.82084281448418,-8.483442814484178,Random_Forest
2025-11-24 16:00:00,103.9245,105.53399066468258,-1.609490664682582,Random_Forest
2025-11-24 17:00:00,101.3208,106.81344036673276,-5.492640366732758,Random_Forest
2025-11-24 18:00:00,82.1031,86.04319333862438,-3.9400933386243793,Random_Forest
2025-11-24 19:00:00,81.25410000000001,87.79026026719575,-6.53616026719574,Random_Forest
2025-11-24 20:00:00,80.3697,88.54123766907169,-8.171537669071697,Random_Forest
2025-11-24 21:00:00,82.6928,89.2324717490981,-6.5396717490980905,Random_Forest
2025-11-24 22:00:00,72.8356,75.59186353571428,-2.7562635357142824,Random_Forest
2025-11-24 23:00:00,73.4417,73.4813682066799,-0.03966820667990589,Random_Forest
2025-11-25 00:00:00,58.8484,55.07995586574075,3.768444134259248,Random_Forest
2025-11-25 01:00:00,58.4227,55.55575265178573,2.8669473482142678,Random_Forest
2025-11-25 02:00:00,52.7783,55.128471339285696,-2.350171339285694,Random_Forest
2025-11-25 03:00:00,51.3887,55.42012397023807,-4.031423970238073,Random_Forest
2025-11-25 04:00:00,52.2525,53.98556613492061,-1.7330661349206125,Random_Forest
2025-11-25 05:00:00,51.1296,54.226369121031745,-3.096769121031741,Random_Forest
2025-11-25 06:00:00,77.5062,70.4948380654762,7.011361934523805,Random_Forest
2025-11-25 07:00:00,70.3697,72.38842685515874,-2.0187268551587465,Random_Forest
2025-11-25 08:00:00,103.4955,108.25316558333343,-4.75766558333342,Random_Forest
2025-11-25 09:00:00,103.4696,105.84815474735451,-2.3785547473545137,Random_Forest
2025-11-25 10:00:00,102.3089,106.67903499404767,-4.370134994047675,Random_Forest
2025-11-25 11:00:00,109.4888,106.52016349603174,2.9686365039682556,Random_Forest
2025-11-25 12:00:00,104.4607,107.59053925231484,-3.129839252314838,Random_Forest
2025-11-25 13:00:00,109.7598,106.73833683697089,3.021463163029111,Random_Forest
2025-11-25 14:00:00,100.4495,106.17070592857137,-5.721205928571365,Random_Forest
2025-11-25 15:00:00,98.6341,107.4092924543651,-8.775192454365097,Random_Forest
2025-11-25 16:00:00,113.8608,107.1539419017857,6.706858098214298,Random_Forest
2025-11-25 17:00:00,107.4639,107.42340706547624,0.0404929345237548,Random_Forest
2025-11-25 18:00:00,92.1138,88.35043863095238,3.7633613690476153,Random_Forest
2025-11-25 19:00:00,91.1149,86.80660631283065,4.308293687169353,Random_Forest
2025-11-25 20:00:00,85.8631,87.92533976984129,-2.062239769841284,Random_Forest
2025-11-25 21:00:00,91.4601,87.24633229166662,4.213767708333378,Random_Forest
2025-11-25 22:00:00,73.6281,73.27785238293646,0.3502476170635447,Random_Forest
2025-11-25 23:00:00,74.1222,73.26374624801588,0.8584537519841291,Random_Forest
2025-11-26 00:00:00,51.6236,55.43367653174606,-3.8100765317460557,Random_Forest
2025-11-26 01:00:00,56.3398,54.31650685912697,2.0232931408730295,Random_Forest
2025-11-26 02:00:00,58.7301,54.13057770205026,4.59952229794974,Random_Forest
2025-11-26 03:00:00,53.7116,54.74679781944444,-1.0351978194444413,Random_Forest
2025-11-26 04:00:00,52.9804,55.28178873412701,-2.301388734127009,Random_Forest
2025-11-26 05:00:00,52.7107,56.2357423541667,-3.5250423541667004,Random_Forest
2025-11-26 06:00:00,72.4119,70.82222246428572,1.5896775357142872,Random_Forest
2025-11-26 07:00:00,77.1543,71.07350402281745,6.080795977182561,Random_Forest
2025-11-26 08:00:00,106.2197,108.69720150297618,-2.4775015029761818,Random_Forest
2025-11-26 09:00:00,107.8791,110.16751880456344,-2.288418804563449,Random_Forest
2025-11-26 10:00:00,99.7163,110.32037854067451,-10.604078540674507,Random_Forest
2025-11-26 11:00:00,103.355,106.09726814356938,-2.742268143569376,Random_Forest
2025-11-26 12:00:00,108.5006,106.18548862538154,2.3151113746184677,Random_Forest
2025-11-26 13:00:00,100.5175,106.14685329237888,-5.62935329237888,Random_Forest
2025-11-26 14:00:00,113.5662,107.56631378907196,5.9998862109280395,Random_Forest
2025-11-26 15:00:00,105.6778,106.49764944047618,-0.819849440476176,Random_Forest
2025-11-26 16:00:00,101.955,105.4732781954365,-3.5182781954365083,Random_Forest
2025-11-26 17:00:00,110.1786,105.6625620400641,4.5160379599359,Random_Forest
2025-11-26 18:00:00,91.5439,85.66906570436507,5.874834295634926,Random_Forest
2025-11-26 19:00:00,82.0746,86.27597353339947,-4.201373533399462,Random_Forest
2025-11-26 20:00:00,88.8859,86.13872423115082,2.747175768849189,Random_Forest
2025-11-26 21:00:00,89.1601,85.18615601554235,3.973943984457648,Random_Forest
2025-11-26 22:00:00,72.9548,73.82630728968253,-0.8715072896825262,Random_Forest
2025-11-26 23:00:00,75.9554,73.44470627380952,2.510693726190482,Random_Forest
2025-11-27 00:00:00,57.7689,54.21039693154764,3.55850306845236,Random_Forest
2025-11-27 01:00:00,59.5457,54.94589300330688,4.599806996693118,Random_Forest
2025-11-27 02:00:00,51.4285,55.150448331349224,-3.7219483313492248,Random_Forest
2025-11-27 03:00:00,56.3022,54.27732436044975,2.0248756395502525,Random_Forest
2025-11-27 04:00:00,54.4645,54.57234464980159,-0.10784464980159214,Random_Forest
2025-11-27 05:00:00,55.3122,54.09867323115079,1.2135267688492064,Random_Forest
2025-11-27 06:00:00,68.7732,73.36734792824073,-4.59414792824073,Random_Forest
2025-11-27 07:00:00,72.7367,70.22597752083334,2.5107224791666596,Random_Forest
2025-11-27 08:00:00,109.7819,108.25199917592595,1.5299008240740477,Random_Forest
2025-11-27 09:00:00,107.4872,106.03257108630955,1.4546289136904562,Random_Forest
2025-11-27 10:00:00,112.8712,108.40343299404762,4.467767005952382,Random_Forest
2025-11-27 11:00:00,111.4009,106.43494014583331,4.965959854166684,Random_Forest
2025-11-27 12:00:00,97.9052,108.2757156855159,-10.370515685515912,Random_Forest
2025-11-27 13:00:00,108.5538,107.79286490277777,0.7609350972222302,Random_Forest
2025-11-27 14:00:00,99.7122,106.3450270843254,-6.632827084325399,Random_Forest
2025-11-27 15:00:00,105.2104,107.50602890712753,-2.295628907127522,Random_Forest
2025-11-27 16:00:00,113.8716,109.47384358646211,4.397756413537891,Random_Forest
2025-11-27 17:00:00,112.827,107.2491591051587,5.577840894841302,Random_Forest
2025-11-27 18:00:00,93.4797,87.32827662896825,6.15142337103174,Random_Forest
2025-11-27 19:00:00,89.1772,83.65453901322749,5.522660986772507,Random_Forest
2025-11-27 20:00:00,79.7474,86.91462272420632,-7.167222724206326,Random_Forest
2025-11-27 21:00:00,83.5641,86.69387191666665,-3.1297719166666553,Random_Forest
2025-11-27 22:00:00,73.8401,75.03126673710317,-1.1911667371031598,Random_Forest
2025-11-27 23:00:00,66.6835,75.6180315,-8.934531500000006,Random_Forest
2025-11-28 00:00:00,52.2667,54.489409449404754,-2.2227094494047535,Random_Forest
2025-11-28 01:00:00,56.9015,54.85255109226189,2.048948907738108,Random_Forest
2025-11-28 02:00:00,51.7871,53.89643484060844,-2.1093348406084402,Random_Forest
2025-11-28 03:00:00,58.9588,55.03961790277779,3.9191820972222047,Random_Forest
2025-11-28 04:00:00,56.4487,53.987158216269826,2.4615417837301763,Random_Forest
2025-11-28 05:00:00,56.9258,54.62759347784392,2.298206522156086,Random_Forest
2025-11-28 06:00:00,72.3679,73.20462208630953,-0.8367220863095213,Random_Forest
2025-11-28 07:00:00,71.0664,71.09941150496029,-0.033011504960285265,Random_Forest
2025-11-28 08:00:00,107.4476,106.50158128505291,0.9460187149470869,Random_Forest
2025-11-28 09:00:00,102.648,109.53611039484123,-6.8881103948412346,Random_Forest
2025-11-28 10:00:00,103.6591,105.11792037003967,-1.4588203700396747,Random_Forest
2025-11-28 11:00:00,109.7978,105.23752921891531,4.560270781084682,Random_Forest
2025-11-28 12:00:00,108.4492,109.0250978763227,-0.5758978763226992,Random_Forest
2025-11-28 13:00:00,98.0982,108.01509057440475,-9.916890574404746,Random_Forest
2025-11-28 14:00:00,100.7841,107.7024306329365,-6.918330632936502,Random_Forest
2025-11-28 15:00:00,100.5903,108.49646204365078,-7.906162043650781,Random_Forest
2025-11-28 16:00:00,114.6958,105.91907969940475,8.776720300595258,Random_Forest
2025-11-28 17:00:00,104.3333,106.0067139176587,-1.6734139176587064,Random_Forest
2025-11-28 18:00:00,90.9817,85.4500021765873,5.531697823412699,Random_Forest
2025-11-28 19:00:00,90.068,88.4021494050926,1.665850594907397,Random_Forest
2025-11-28 20:00:00,84.7306,85.88294144080686,-1.1523414408068646,Random_Forest
2025-11-28 21:00:00,92.619,89.61957721792326,2.999422782076735,Random_Forest
2025-11-28 22:00:00,69.8065,73.52686204365081,-3.720362043650809,Random_Forest
2025-11-28 23:00:00,73.35810000000001,74.4179773015873,-1.0598773015872922,Random_Forest
2025-11-29 00:00:00,52.5922,51.90352980886242,0.6886701911375752,Random_Forest
2025-11-29 01:00:00,54.4707,51.76131059623013,2.709389403769869,Random_Forest
2025-11-29 02:00:00,53.9101,52.11596531944442,1.7941346805555796,Random_Forest
2025-11-29 03:00:00,53.6973,52.57142648115079,1.125873518849211,Random_Forest
2025-11-29 04:00:00,55.0804,51.84480057275132,3.2355994272486797,Random_Forest
2025-11-29 05:00:00,49.8703,51.65115372850529,-1.780853728505292,Random_Forest
2025-11-29 06:00:00,49.9552,52.49673799206349,-2.541537992063489,Random_Forest
2025-11-29 07:00:00,50.1744,51.84060722916665,-1.6662072291666519,Random_Forest
2025-11-29 08:00:00,54.2103,52.41019918154764,1.800100818452357,Random_Forest
2025-11-29 09:00:00,66.1301,69.70970649041008,-3.579606490410086,Random_Forest
2025-11-29 10:00:00,65.0646,69.54766285978836,-4.483062859788362,Random_Forest
2025-11-29 11:00:00,69.2745,68.99780987698412,0.27669012301588225,Random_Forest
2025-11-29 12:00:00,65.2762,70.70264489847882,-5.42644489847882,Random_Forest
2025-11-29 13:00:00,66.4822,69.99782725694442,-3.5156272569444127,Random_Forest
2025-11-29 14:00:00,66.9868,69.28414665410052,-2.2973466541005223,Random_Forest
2025-11-29 15:00:00,70.1815,68.92638995701057,1.255110042989429,Random_Forest
2025-11-29 16:00:00,65.5678,69.12972777843916,-3.5619277784391556,Random_Forest
2025-11-29 17:00:00,63.765,68.68855512466932,-4.9235551246693205,Random_Forest
2025-11-29 18:00:00,73.8099,69.09320740046296,4.716692599537041,Random_Forest
2025-11-29 19:00:00,54.689,51.36341699404763,3.3255830059523674,Random_Forest
2025-11-29 20:00:00,52.8628,52.64287282142858,0.21992717857141741,Random_Forest
2025-11-29 21:00:00,52.1907,52.50716162433862,-0.316461624338622,Random_Forest
2025-11-29 22:00:00,52.0217,52.127926382936494,-0.10622638293649089,Random_Forest
2025-11-29 23:00:00,49.4082,52.262103259920636,-2.853903259920635,Random_Forest
2025-11-30 00:00:00,50.8865,52.323253569444454,-1.4367535694444555,Random_Forest
2025-11-30 01:00:00,52.6392,51.974436418650804,0.6647635813491988,Random_Forest
2025-11-30 02:00:00,50.7018,52.301167734127006,-1.5993677341270072,Random_Forest
2025-11-30 03:00:00,49.2254,52.61617699305555,-3.390776993055546,Random_Forest
2025-11-30 04:00:00,52.2039,52.0691793015873,0.13472069841269985,Random_Forest
2025-11-30 05:00:00,54.116,51.85692160515875,2.2590783948412465,Random_Forest
2025-11-30 06:00:00,51.912,51.52599717361109,0.3860028263889106,Random_Forest
2025-11-30 07:00:00,50.7833,52.070218412698395,-1.2869184126983981,Random_Forest
2025-11-30 08:00:00,49.8879,52.55959598214284,-2.671695982142836,Random_Forest
2025-11-30 09:00:00,67.4626,70.14864409126986,-2.6860440912698635,Random_Forest
2025-11-30 10:00:00,73.206,68.97108499603176,4.23491500396824,Random_Forest
2025-11-30 11:00:00,69.6347,69.04170727810842,0.5929927218915765,Random_Forest
2025-11-30 12:00:00,65.8619,70.09843623809523,-4.236536238095226,Random_Forest
2025-11-30 13:00:00,68.7762,70.46548079662699,-1.6892807966269885,Random_Forest
2025-11-30 14:00:00,74.3039,70.380971280754,3.922928719246002,Random_Forest
2025-11-30 15:00:00,69.1719,71.52365602480161,-2.3517560248016167,Random_Forest
2025-11-30 16:00:00,71.9963,69.43018498412698,2.5661150158730237,Random_Forest
2025-11-30 17:00:00,71.1882,70.4511011547619,0.7370988452380942,Random_Forest
2025-11-30 18:00:00,67.8629,69.78395055224865,-1.9210505522486585,Random_Forest
2025-11-30 19:00:00,50.1664,51.84774258961643,-1.6813425896164276,Random_Forest
2025-11-30 20:00:00,55.8636,51.538663040674585,4.324936959325413,Random_Forest
2025-11-30 21:00:00,50.675,52.072919372023826,-1.3979193720238285,Random_Forest
2025-11-30 22:00:00,52.7848,51.602422109126984,1.1823778908730134,Random_Forest
2025-11-30 23:00:00,55.1299,52.34937075595238,2.780529244047621,Random_Forest
2025-12-01 00:00:00,58.9358,54.570267414682554,4.365532585317446,Random_Forest
2025-12-01 01:00:00,50.2039,55.638373352513234,-5.434473352513237,Random_Forest
2025-12-01 02:00:00,52.715,56.01589497023809,-3.300894970238083,Random_Forest
2025-12-01 03:00:00,53.0148,55.96049039285713,-2.9456903928571307,Random_Forest
2025-12-01 04:00:00,59.0284,55.876429255952395,3.1519707440476026,Random_Forest
2025-12-01 05:00:00,53.529,55.44474558730159,-1.9157455873015863,Random_Forest
2025-12-01 06:00:00,75.327,71.55290558035715,3.77409441964285,Random_Forest
2025-12-01 07:00:00,73.7676,72.10734997982806,1.6602500201719437,Random_Forest
2025-12-01 08:00:00,115.0279,109.10808439384921,5.919815606150792,Random_Forest
2025-12-01 09:00:00,102.324,108.52712879861112,-6.203128798611118,Random_Forest
2025-12-01 10:00:00,104.9427,109.27184219047618,-4.329142190476176,Random_Forest
2025-12-01 11:00:00,111.822,107.37702905952386,4.444970940476139,Random_Forest
2025-12-01 12:00:00,103.785,107.85933439384915,-4.074334393849156,Random_Forest
2025-12-01 13:00:00,106.885,105.76063581547619,1.124364184523813,Random_Forest
2025-12-01 14:00:00,109.0132,109.31818744312162,-0.3049874431216182,Random_Forest
2025-12-01 15:00:00,112.7329,107.05594447916666,5.676955520833346,Random_Forest
2025-12-01 16:00:00,116.1489,106.95930140972223,9.189598590277768,Random_Forest
2025-12-01 17:00:00,100.5694,108.918550969246,-8.349150969245997,Random_Forest
2025-12-01 18:00:00,89.9383,87.36267936640212,2.575620633597879,Random_Forest
2025-12-01 19:00:00,89.01,87.61111614484123,1.398883855158772,Random_Forest
2025-12-01 20:00:00,91.5212,87.77663007142857,3.7445699285714227,Random_Forest
2025-12-01 21:00:00,83.9943,87.98259084523811,-3.9882908452381116,Random_Forest
2025-12-01 22:00:00,67.3482,74.28534027777775,-6.937140277777743,Random_Forest
2025-12-01 23:00:00,73.0256,74.31739925958998,-1.291799259589979,Random_Forest
2025-12-02 00:00:00,54.3968,54.363235122023816,0.03356487797618257,Random_Forest
2025-12-02 01:00:00,53.1119,54.19174361474867,-1.0798436147486683,Random_Forest
2025-12-02 02:00:00,57.5208,55.19747107473545,2.323328925264555,Random_Forest
2025-12-02 03:00:00,55.5931,54.36825682242063,1.2248431775793662,Random_Forest
2025-12-02 04:00:00,59.0092,55.39795069047617,3.611249309523828,Random_Forest
2025-12-02 05:00:00,56.0893,54.8144482334656,1.274851766534404,Random_Forest
2025-12-02 06:00:00,74.2636,73.7034886220238,0.5601113779761988,Random_Forest
2025-12-02 07:00:00,74.276,71.37402706117722,2.90197293882278,Random_Forest
2025-12-02 08:00:00,99.1983,106.66926667063491,-7.470966670634908,Random_Forest
2025-12-02 09:00:00,109.179,109.48860160416665,-0.3096016041666445,Random_Forest
2025-12-02 10:00:00,113.9863,106.32293470436503,7.663365295634975,Random_Forest
2025-12-02 11:00:00,114.1227,106.0589204206349,8.06377957936509,Random_Forest
2025-12-02 12:00:00,113.1325,106.5554703065476,6.577029693452388,Random_Forest
2025-12-02 13:00:00,104.6547,106.46704949470904,-1.8123494947090393,Random_Forest
2025-12-02 14:00:00,111.721,106.97185425396825,4.749145746031758,Random_Forest
2025-12-02 15:00:00,108.6218,107.53487200892856,1.086927991071434,Random_Forest
2025-12-02 16:00:00,101.0113,105.69282292261906,-4.6815229226190525,Random_Forest
2025-12-02 17:00:00,112.8093,110.26588635912698,2.5434136408730126,Random_Forest
2025-12-02 18:00:00,84.2025,86.21927708333332,-2.0167770833333236,Random_Forest
2025-12-02 19:00:00,90.3111,84.84050292658732,5.4705970734126765,Random_Forest
2025-12-02 20:00:00,82.6621,85.975614239418,-3.313514239417998,Random_Forest
2025-12-02 21:00:00,83.6064,88.6665320705267,-5.060132070526706,Random_Forest
2025-12-02 22:00:00,74.6329,74.65493897222223,-0.0220389722222194,Random_Forest
2025-12-02 23:00:00,78.545,74.56305669444444,3.9819433055555606,Random_Forest
2025-12-03 00:00:00,55.0171,55.797418573412685,-0.7803185734126856,Random_Forest
2025-12-03 01:00:00,51.7566,55.816573274801584,-4.059973274801585,Random_Forest
2025-12-03 02:00:00,51.874,55.299462666005304,-3.425462666005302,Random_Forest
2025-12-03 03:00:00,56.3222,55.90405543551588,0.4181445644841233,Random_Forest
2025-12-03 04:00:00,51.6438,54.57776489484127,-2.9339648948412744,Random_Forest
2025-12-03 05:00:00,51.1315,54.20427581150792,-3.072775811507917,Random_Forest
2025-12-03 06:00:00,75.12989999999999,73.61408446626983,1.5158155337301622,Random_Forest
2025-12-03 07:00:00,68.129,73.66910186309518,-5.540101863095174,Random_Forest
2025-12-03 08:00:00,104.6034,106.0493154444444,-1.4459154444444096,Random_Forest
2025-12-03 09:00:00,110.5011,106.32877549007934,4.1723245099206565,Random_Forest
2025-12-03 10:00:00,100.6843,106.25237879497355,-5.568078794973559,Random_Forest
2025-12-03 11:00:00,104.9404,104.28632934656085,0.6540706534391489,Random_Forest
2025-12-03 12:00:00,107.8043,105.35409607043653,2.4502039295634717,Random_Forest
2025-12-03 13:00:00,111.1708,110.280043485119,0.890756514881005,Random_Forest
2025-12-03 14:00:00,106.8195,105.76249482341268,1.0570051765873245,Random_Forest
2025-12-03 15:00:00,98.6655,106.68770457043654,-8.022204570436543,Random_Forest
2025-12-03 16:00:00,100.0843,107.1342795228174,-7.049979522817395,Random_Forest
2025-12-03 17:00:00,101.0658,105.423906713955,-4.35810671395501,Random_Forest
2025-12-03 18:00:00,86.5584,86.88130288624338,-0.3229028862433694,Random_Forest
2025-12-03 19:00:00,80.0697,86.27226357440476,-6.202563574404763,Random_Forest
2025-12-03 20:00:00,91.0591,89.1670522133838,1.892047786616203,Random_Forest
2025-12-03 21:00:00,90.4597,87.3614212652116,3.098278734788394,Random_Forest
2025-12-03 22:00:00,70.7893,74.34682537103177,-3.5575253710317725,Random_Forest
2025-12-03 23:00:00,71.767,73.07463896395502,-1.3076389639550285,Random_Forest
2025-12-04 00:00:00,54.3481,55.83840885780423,-1.49030885780423,Random_Forest
2025-12-04 01:00:00,57.4207,54.987433312499995,2.4332666875000015,Random_Forest
2025-12-04 02:00:00,58.8793,54.87527753703705,4.004022462962951,Random_Forest
2025-12-04 03:00:00,55.2741,54.89580080291004,0.37829919708995874,Random_Forest
2025-12-04 04:00:00,51.3565,54.29125730919311,-2.9347573091931096,Random_Forest
2025-12-04 05:00:00,54.2836,54.58899755357143,-0.3053975535714315,Random_Forest
2025-12-04 06:00:00,75.2042,73.80711946329365,1.3970805367063548,Random_Forest
2025-12-04 07:00:00,75.9807,71.86634217460319,4.114357825396809,Random_Forest
2025-12-04 08:00:00,108.1641,107.90041820833333,0.26368179166667005,Random_Forest
2025-12-04 09:00:00,108.2347,106.87317546329359,1.361524536706412,Random_Forest
2025-12-04 10:00:00,99.5523,108.43864484325402,-8.886344843254022,Random_Forest
2025-12-04 11:00:00,107.7489,109.12206718253968,-1.3731671825396745,Random_Forest
2025-12-04 12:00:00,101.9479,108.51950887103176,-6.571608871031756,Random_Forest
2025-12-04 13:00:00,101.3528,104.86230421527779,-3.5095042152777864,Random_Forest
2025-12-04 14:00:00,111.0006,106.72770815707665,4.272891842923357,Random_Forest
2025-12-04 15:00:00,104.3838,106.48345278075399,-2.099652780753999,Random_Forest
2025-12-04 16:00:00,98.7094,107.39732723710323,-8.687927237103224,Random_Forest
2025-12-04 17:00:00,102.5739,108.5756447132937,-6.001744713293704,Random_Forest
2025-12-04 18:00:00,82.7596,87.40348334656086,-4.643883346560855,Random_Forest
2025-12-04 19:00:00,89.1261,87.34005502810848,1.7860449718915135,Random_Forest
2025-12-04 20:00:00,92.4833,87.73066387202383,4.752636127976174,Random_Forest
2025-12-04 21:00:00,82.0476,88.3332813015873,-6.285681301587303,Random_Forest
2025-12-04 22:00:00,70.4212,73.14723469146819,-2.726034691468186,Random_Forest
2025-12-04 23:00:00,72.2154,74.28474319411376,-2.069343194113756,Random_Forest
2025-12-05 00:00:00,55.3886,55.957627160714296,-0.5690271607142989,Random_Forest
2025-12-05 01:00:00,57.0723,56.23457074404761,0.8377292559523895,Random_Forest
2025-12-05 02:00:00,52.5854,55.035644505291025,-2.4502445052910247,Random_Forest
2025-12-05 03:00:00,53.5094,55.386768033730156,-1.877368033730157,Random_Forest
2025-12-05 04:00:00,53.9336,55.334473696428596,-1.4008736964285973,Random_Forest
2025-12-05 05:00:00,56.5201,56.103624312499996,0.41647568750000374,Random_Forest
2025-12-05 06:00:00,74.2865,72.78131130853174,1.5051886914682626,Random_Forest
2025-12-05 07:00:00,77.5,71.50884494742061,5.991155052579387,Random_Forest
2025-12-05 08:00:00,115.3637,105.77139585119052,9.592304148809475,Random_Forest
2025-12-05 09:00:00,109.3137,106.51066104960312,2.803038950396882,Random_Forest
2025-12-05 10:00:00,112.1374,109.65605469014557,2.481345309854433,Random_Forest
2025-12-05 11:00:00,108.8727,107.11871421726187,1.7539857827381269,Random_Forest
2025-12-05 12:00:00,115.0091,108.1909632242063,6.818136775793704,Random_Forest
2025-12-05 13:00:00,108.6655,108.14880385714274,0.5166961428572563,Random_Forest
2025-12-05 14:00:00,109.5362,107.15499254761903,2.3812074523809628,Random_Forest
2025-12-05 15:00:00,103.7992,108.26140607738095,-4.462206077380955,Random_Forest
2025-12-05 16:00:00,110.3293,109.82950763789681,0.499792362103193,Random_Forest
2025-12-05 17:00:00,112.0597,108.40123297321429,3.658467026785715,Random_Forest
2025-12-05 18:00:00,83.9517,85.54433980158727,-1.5926398015872678,Random_Forest
2025-12-05 19:00:00,87.6589,84.10221681448415,3.556683185515851,Random_Forest
2025-12-05 20:00:00,84.0394,88.79865988822753,-4.7592598882275325,Random_Forest
2025-12-05 21:00:00,81.1209,88.46514936904761,-7.344249369047603,Random_Forest
2025-12-05 22:00:00,72.2788,71.86174938392858,0.41705061607142113,Random_Forest
2025-12-05 23:00:00,71.3247,74.45099224867725,-3.1262922486772453,Random_Forest
2025-12-06 00:00:00,49.5345,52.19303179662699,-2.6585317966269884,Random_Forest
2025-12-06 01:00:00,52.5998,52.29861658829364,0.3011834117063614,Random_Forest
2025-12-06 02:00:00,49.6563,52.34802317460318,-2.691723174603176,Random_Forest
2025-12-06 03:00:00,49.7667,52.344054727182545,-2.577354727182545,Random_Forest
2025-12-06 04:00:00,50.8422,52.47350343551586,-1.6313034355158607,Random_Forest
2025-12-06 05:00:00,52.2944,52.156818512896834,0.1375814871031693,Random_Forest
2025-12-06 06:00:00,52.6572,53.30659816666665,-0.64939816666665,Random_Forest
2025-12-06 07:00:00,51.1131,53.235001515873,-2.121901515872999,Random_Forest
2025-12-06 08:00:00,53.597100000000005,52.885325993055545,0.7117740069444594,Random_Forest
2025-12-06 09:00:00,74.8945,69.91004729629633,4.984452703703667,Random_Forest
2025-12-06 10:00:00,66.3907,69.41097099636241,-3.020270996362413,Random_Forest
2025-12-06 11:00:00,67.50959999999999,68.50372206150793,-0.9941220615079374,Random_Forest
2025-12-06 12:00:00,69.5218,69.72536289682542,-0.20356289682541728,Random_Forest
2025-12-06 13:00:00,72.8866,70.48377320304233,2.402826796957669,Random_Forest
2025-12-06 14:00:00,74.0893,71.08501508994709,3.0042849100529025,Random_Forest
2025-12-06 15:00:00,67.703,68.95442116071426,-1.2514211607142585,Random_Forest
2025-12-06 16:00:00,65.2153,70.10881750760585,-4.89351750760585,Random_Forest
2025-12-06 17:00:00,75.8813,69.21579214649472,6.665507853505275,Random_Forest
2025-12-06 18:00:00,74.3083,72.2644342142857,2.0438657857143028,Random_Forest
2025-12-06 19:00:00,54.9561,51.510138649801576,3.4459613501984236,Random_Forest
2025-12-06 20:00:00,55.8301,51.830315175595246,3.999784824404756,Random_Forest
2025-12-06 21:00:00,50.2553,52.588033886904775,-2.3327338869047765,Random_Forest
2025-12-06 22:00:00,50.9596,51.969693346891546,-1.0100933468915443,Random_Forest
2025-12-06 23:00:00,49.5919,51.735668035714276,-2.143768035714274,Random_Forest
2025-12-07 00:00:00,52.4997,52.34690907738096,0.15279092261904026,Random_Forest
2025-12-07 01:00:00,52.3613,51.96524338789681,0.39605661210318743,Random_Forest
2025-12-07 02:00:00,51.2115,51.83575847619047,-0.6242584761904695,Random_Forest
2025-12-07 03:00:00,52.3399,52.329498315476194,0.01040168452380641,Random_Forest
2025-12-07 04:00:00,50.371,52.18254360747354,-1.8115436074735385,Random_Forest
2025-12-07 05:00:00,52.5731,52.12153652943122,0.45156347056877877,Random_Forest
2025-12-07 06:00:00,50.4353,51.6206416137566,-1.1853416137565986,Random_Forest
2025-12-07 07:00:00,55.8176,51.51681256349207,4.300787436507932,Random_Forest
2025-12-07 08:00:00,49.631,52.53694385218252,-2.905943852182517,Random_Forest
2025-12-07 09:00:00,72.3794,69.9625515079365,2.416848492063508,Random_Forest
2025-12-07 10:00:00,70.315,71.00203999537032,-0.687039995370327,Random_Forest
2025-12-07 11:00:00,74.3091,70.24244990277778,4.066650097222222,Random_Forest
2025-12-07 12:00:00,70.2604,70.14817501190474,0.11222498809526371,Random_Forest
2025-12-07 13:00:00,74.3338,70.57546305654759,3.758336943452406,Random_Forest
2025-12-07 14:00:00,72.6218,71.97635705257935,0.6454429474206478,Random_Forest
2025-12-07 15:00:00,72.8938,71.35287665079362,1.5409233492063805,Random_Forest
2025-12-07 16:00:00,73.8438,70.2020459583333,3.641754041666701,Random_Forest
2025-12-07 17:00:00,70.0689,70.83319788988095,-0.7642978898809503,Random_Forest
2025-12-07 18:00:00,73.6046,70.22469483630952,3.3799051636904807,Random_Forest
2025-12-07 19:00:00,49.7877,51.34336587533068,-1.555665875330682,Random_Forest
2025-12-07 20:00:00,55.9021,52.37781339153438,3.5242866084656157,Random_Forest
2025-12-07 21:00:00,52.0127,52.85913214153441,-0.8464321415344074,Random_Forest
2025-12-07 22:00:00,52.2918,52.49877846263228,-0.2069784626322786,Random_Forest
2025-12-07 23:00:00,53.6003,52.533547222222246,1.0667527777777508,Random_Forest
2025-12-08 00:00:00,57.7032,55.10653221031744,2.596667789682563,Random_Forest
2025-12-08 01:00:00,58.4172,55.38694081250002,3.030259187499979,Random_Forest
2025-12-08 02:00:00,55.4476,56.30765136507936,-0.8600513650793573,Random_Forest
2025-12-08 03:00:00,50.5165,54.52074312003971,-4.00424312003971,Random_Forest
2025-12-08 04:00:00,55.8808,55.17678890972224,0.7040110902777599,Random_Forest
2025-12-08 05:00:00,58.6971,53.95493484523809,4.742165154761906,Random_Forest
2025-12-08 06:00:00,73.5416,72.01502402777778,1.5265759722222185,Random_Forest
2025-12-08 07:00:00,68.0817,72.49065382440476,-4.408953824404762,Random_Forest
2025-12-08 08:00:00,113.0729,107.86037329464287,5.212526705357135,Random_Forest
2025-12-08 09:00:00,115.382,107.13288700992065,8.249112990079354,Random_Forest
2025-12-08 10:00:00,113.1094,107.32555976488092,5.783840235119072,Random_Forest
2025-12-08 11:00:00,102.8065,106.24718211111113,-3.44068211111113,Random_Forest
2025-12-08 12:00:00,108.8495,105.28612545535712,3.5633745446428833,Random_Forest
2025-12-08 13:00:00,111.0219,109.8975050089285,1.1243949910714974,Random_Forest
2025-12-08 14:00:00,111.9081,105.43147703207677,6.476622967923234,Random_Forest
2025-12-08 15:00:00,112.6591,104.81848730291011,7.840612697089881,Random_Forest
2025-12-08 16:00:00,109.873,108.5244055747355,1.3485944252645083,Random_Forest
2025-12-08 17:00:00,110.0076,112.49279257936513,-2.4851925793651333,Random_Forest
2025-12-08 18:00:00,83.6851,87.50990729629629,-3.824807296296285,Random_Forest
2025-12-08 19:00:00,87.1522,86.14950099636242,1.0026990036375736,Random_Forest
2025-12-08 20:00:00,81.2315,84.99441296825397,-3.7629129682539713,Random_Forest
2025-12-08 21:00:00,81.2663,88.56213155134678,-7.2958315513467795,Random_Forest
2025-12-08 22:00:00,70.4382,73.68701379861113,-3.2488137986111383,Random_Forest
2025-12-08 23:00:00,76.9363,74.71646868816143,2.2198313118385755,Random_Forest
2025-12-09 00:00:00,59.7267,55.54527478869049,4.181425211309509,Random_Forest
2025-12-09 01:00:00,52.9962,55.66037826388888,-2.6641782638888785,Random_Forest
2025-12-09 02:00:00,55.8546,54.520102837962924,1.3344971620370742,Random_Forest
2025-12-09 03:00:00,58.0551,55.639918312499994,2.4151816875000094,Random_Forest
2025-12-09 04:00:00,60.6657,55.171455499007934,5.4942445009920675,Random_Forest
2025-12-09 05:00:00,52.4849,55.69768881944446,-3.212788819444455,Random_Forest
2025-12-09 06:00:00,67.3687,72.56157917658727,-5.192879176587269,Random_Forest
2025-12-09 07:00:00,69.7434,73.14481349371694,-3.4014134937169445,Random_Forest
2025-12-09 08:00:00,105.6646,106.86429278670632,-1.199692786706322,Random_Forest
2025-12-09 09:00:00,98.3969,105.59264949702383,-7.195749497023826,Random_Forest
2025-12-09 10:00:00,104.7008,106.63557972817459,-1.9347797281745898,Random_Forest
2025-12-09 11:00:00,107.6393,108.3903830386905,-0.7510830386904956,Random_Forest
2025-12-09 12:00:00,110.697,107.36894873908724,3.3280512609127584,Random_Forest
2025-12-09 13:00:00,109.1689,106.86351154894182,2.305388451058178,Random_Forest
2025-12-09 14:00:00,106.3069,105.97185567162698,0.3350443283730158,Random_Forest
2025-12-09 15:00:00,105.0243,105.42323920568782,-0.3989392056878245,Random_Forest
2025-12-09 16:00:00,100.5255,107.45220998809516,-6.926709988095169,Random_Forest
2025-12-09 17:00:00,113.4756,106.70728592658725,6.768314073412753,Random_Forest
2025-12-09 18:00:00,93.1034,87.84419835218254,5.259201647817449,Random_Forest
2025-12-09 19:00:00,88.4902,90.00813247222217,-1.5179324722221708,Random_Forest
2025-12-09 20:00:00,93.2473,90.09874674272483,3.148553257275168,Random_Forest
2025-12-09 21:00:00,93.6832,91.43315441468259,2.250045585317409,Random_Forest
2025-12-09 22:00:00,74.3828,73.28944199007938,1.093358009920621,Random_Forest
2025-12-09 23:00:00,68.8402,73.0928027748918,-4.252602774891798,Random_Forest
2025-12-10 00:00:00,56.6953,55.459049322420626,1.2362506775793776,Random_Forest
2025-12-10 01:00:00,53.7188,57.03483042096562,-3.3160304209656175,Random_Forest
2025-12-10 02:00:00,58.5173,57.92533178174605,0.5919682182539461,Random_Forest
2025-12-10 03:00:00,55.0171,56.1260709160053,-1.1089709160052976,Random_Forest
2025-12-10 04:00:00,51.4614,57.22581094279103,-5.764410942791031,Random_Forest
2025-12-10 05:00:00,55.3134,54.58298280257938,0.7304171974206213,Random_Forest
2025-12-10 06:00:00,71.5611,74.37230323809521,-2.811203238095217,Random_Forest
2025-12-10 07:00:00,68.6165,72.46169148214288,-3.84519148214288,Random_Forest
2025-12-10 08:00:00,98.986,108.02310291931214,-9.037102919312133,Random_Forest
2025-12-10 09:00:00,112.2886,109.87046776488098,2.4181322351190175,Random_Forest
2025-12-10 10:00:00,113.3109,108.23022938888886,5.080670611111145,Random_Forest
2025-12-10 11:00:00,115.7684,106.5737472638889,9.194652736111095,Random_Forest
2025-12-10 12:00:00,112.1879,107.63697670634926,4.55092329365074,Random_Forest
2025-12-10 13:00:00,114.4452,107.28007286805556,7.165127131944445,Random_Forest
2025-12-10 14:00:00,103.2587,106.85227920634922,-3.5935792063492187,Random_Forest
2025-12-10 15:00:00,106.109,105.84824424603173,0.2607557539682688,Random_Forest
2025-12-10 16:00:00,99.6529,106.8211803333333,-7.1682803333333,Random_Forest
2025-12-10 17:00:00,97.8931,106.92051190674603,-9.027411906746025,Random_Forest
2025-12-10 18:00:00,81.5311,87.64190102777773,-6.11080102777774,Random_Forest
2025-12-10 19:00:00,82.0139,87.60377155952379,-5.589871559523786,Random_Forest
2025-12-10 20:00:00,90.8056,88.55023497628068,2.255365023719321,Random_Forest
2025-12-10 21:00:00,91.9902,88.18129479668708,3.808905203312918,Random_Forest
2025-12-10 22:00:00,68.1453,73.22212445701061,-5.076824457010602,Random_Forest
2025-12-10 23:00:00,74.5832,74.36101979861107,0.22218020138893735,Random_Forest
2025-12-11 00:00:00,53.4224,55.225269166666706,-1.802869166666703,Random_Forest
2025-12-11 01:00:00,53.5823,54.91249428935184,-1.3301942893518444,Random_Forest
2025-12-11 02:00:00,55.8044,53.96700338194445,1.8373966180555499,Random_Forest
2025-12-11 03:00:00,51.8622,54.08219606944444,-2.2199960694444414,Random_Forest
2025-12-11 04:00:00,58.394400000000005,56.021957188492074,2.3724428115079306,Random_Forest
2025-12-11 05:00:00,51.8151,53.76462015277777,-1.9495201527777724,Random_Forest
2025-12-11 06:00:00,67.608,73.53354225694446,-5.925542256944453,Random_Forest
2025-12-11 07:00:00,75.4755,75.3013378938492,0.17416210615080274,Random_Forest
2025-12-11 08:00:00,104.5336,108.93218782738096,-4.39858782738095,Random_Forest
2025-12-11 09:00:00,112.957,105.02307555158733,7.933924448412668,Random_Forest
2025-12-11 10:00:00,113.8637,106.09338466369046,7.770315336309537,Random_Forest
2025-12-11 11:00:00,106.2859,105.40608788888889,0.8798121111111072,Random_Forest
2025-12-11 12:00:00,101.1243,104.92074308035716,-3.7964430803571503,Random_Forest
2025-12-11 13:00:00,106.5258,106.00691139484121,0.5188886051587929,Random_Forest
2025-12-11 14:00:00,102.0809,108.1412871243386,-6.060387124338604,Random_Forest
2025-12-11 15:00:00,110.798,106.31172936640208,4.486270633597925,Random_Forest
2025-12-11 16:00:00,113.6407,109.78873978075399,3.85196021924601,Random_Forest
2025-12-11 17:00:00,110.2802,106.85939469146822,3.4208053085317687,Random_Forest
2025-12-11 18:00:00,92.2432,89.30513129563494,2.9380687043650653,Random_Forest
2025-12-11 19:00:00,90.8713,83.90353511772487,6.967764882275134,Random_Forest
2025-12-11 20:00:00,92.5838,89.73233506150787,2.8514649384921285,Random_Forest
2025-12-11 21:00:00,82.8128,90.00605388492065,-7.193253884920651,Random_Forest
2025-12-11 22:00:00,71.4803,73.23374509193127,-1.753445091931269,Random_Forest
2025-12-11 23:00:00,70.9264,73.46087222420633,-2.5344722242063256,Random_Forest
2025-12-12 00:00:00,59.3472,55.52836737301588,3.8188326269841184,Random_Forest
2025-12-12 01:00:00,58.1153,54.43405071825396,3.681249281746041,Random_Forest
2025-12-12 02:00:00,53.3469,55.6012499950397,-2.2543499950397035,Random_Forest
2025-12-12 03:00:00,51.3811,56.65900064186508,-5.277900641865074,Random_Forest
2025-12-12 04:00:00,51.9689,54.9443767876984,-2.9754767876984047,Random_Forest
2025-12-12 05:00:00,53.9502,53.84389220337301,0.10630779662699297,Random_Forest
2025-12-12 06:00:00,76.011,74.05471158531745,1.9562884146825468,Random_Forest
2025-12-12 07:00:00,71.1578,75.2790878125,-4.1212878125,Random_Forest
2025-12-12 08:00:00,109.9939,108.72495423809526,1.2689457619047317,Random_Forest
2025-12-12 09:00:00,100.8245,105.55927971031748,-4.734779710317483,Random_Forest
2025-12-12 10:00:00,112.7889,104.78552387500005,8.003376124999946,Random_Forest
2025-12-12 11:00:00,108.9362,108.28547953373013,0.650720466269874,Random_Forest
2025-12-12 12:00:00,102.1987,109.57977853968255,-7.381078539682548,Random_Forest
2025-12-12 13:00:00,109.1703,109.37648679265872,-0.20618679265872686,Random_Forest
2025-12-12 14:00:00,105.7723,107.00390062698418,-1.231600626984175,Random_Forest
2025-12-12 15:00:00,106.6387,106.58915657473544,0.04954342526455946,Random_Forest
2025-12-12 16:00:00,101.5558,104.47130528273814,-2.9155052827381382,Random_Forest
2025-12-12 17:00:00,110.8262,107.80123043452377,3.0249695654762263,Random_Forest
2025-12-12 18:00:00,87.7696,86.39196495138891,1.3776350486110829,Random_Forest
2025-12-12 19:00:00,85.1278,84.47358292195767,0.654217078042322,Random_Forest
2025-12-12 20:00:00,86.6803,89.80512157732086,-3.1248215773208585,Random_Forest
2025-12-12 21:00:00,89.239,89.09672967652719,0.14227032347281465,Random_Forest
2025-12-12 22:00:00,68.8659,74.4465526924603,-5.580652692460305,Random_Forest
2025-12-12 23:00:00,67.9732,73.9184474047619,-5.945247404761901,Random_Forest
2025-12-13 00:00:00,54.1905,52.78510021957672,1.4053997804232807,Random_Forest
2025-12-13 01:00:00,49.7404,52.227442943452395,-2.487042943452394,Random_Forest
2025-12-13 02:00:00,49.5555,52.79572688690477,-3.2402268869047646,Random_Forest
2025-12-13 03:00:00,53.8666,52.11836886309523,1.7482311369047707,Random_Forest
2025-12-13 04:00:00,53.7656,52.82546007142856,0.9401399285714405,Random_Forest
2025-12-13 05:00:00,50.816,52.10192500297622,-1.2859250029762208,Random_Forest
2025-12-13 06:00:00,53.007,51.47773522718252,1.529264772817477,Random_Forest
2025-12-13 07:00:00,55.8152,52.14465117757936,3.670548822420635,Random_Forest
2025-12-13 08:00:00,56.2417,53.03881862698412,3.2028813730158845,Random_Forest
2025-12-13 09:00:00,73.7936,72.3757420843254,1.4178579156746025,Random_Forest
2025-12-13 10:00:00,73.3445,70.13433890839949,3.2101610916005114,Random_Forest
2025-12-13 11:00:00,74.9313,70.39900917724866,4.532290822751335,Random_Forest
2025-12-13 12:00:00,66.188,69.73827563888888,-3.550275638888877,Random_Forest
2025-12-13 13:00:00,64.8408,69.64603883035713,-4.805238830357126,Random_Forest
2025-12-13 14:00:00,73.3839,69.72249073015873,3.661409269841272,Random_Forest
2025-12-13 15:00:00,66.6739,71.7045114434524,-5.0306114434524005,Random_Forest
2025-12-13 16:00:00,65.4777,68.2206675896164,-2.7429675896163985,Random_Forest
2025-12-13 17:00:00,71.5305,74.7867510188492,-3.2562510188491984,Random_Forest
2025-12-13 18:00:00,65.6002,69.31902470039681,-3.7188247003968087,Random_Forest
2025-12-13 19:00:00,51.7288,51.20943481746031,0.519365182539687,Random_Forest
2025-12-13 20:00:00,51.9586,52.39411861574074,-0.43551861574074024,Random_Forest
2025-12-13 21:00:00,50.798,52.795387235119044,-1.9973872351190423,Random_Forest
2025-12-13 22:00:00,51.0371,51.887220446428586,-0.8501204464285834,Random_Forest
2025-12-13 23:00:00,52.5685,52.649706933531746,-0.08120693353174602,Random_Forest
2025-12-14 00:00:00,54.587,52.87941119444448,1.707588805555524,Random_Forest
2025-12-14 01:00:00,49.7276,52.80125636507937,-3.0736563650793656,Random_Forest
2025-12-14 02:00:00,53.6272,52.16715105158731,1.460048948412691,Random_Forest
2025-12-14 03:00:00,50.0175,52.39476200000001,-2.377262000000009,Random_Forest
2025-12-14 04:00:00,50.8062,51.723166722222224,-0.9169667222222273,Random_Forest
2025-12-14 05:00:00,56.2489,51.32840173809526,4.92049826190474,Random_Forest
2025-12-14 06:00:00,54.1403,52.15091888095238,1.9893811190476214,Random_Forest
2025-12-14 07:00:00,49.5099,52.235258862433874,-2.725358862433872,Random_Forest
2025-12-14 08:00:00,56.574,52.32893571428571,4.245064285714285,Random_Forest
2025-12-14 09:00:00,69.8583,70.70882092676767,-0.8505209267676719,Random_Forest
2025-12-14 10:00:00,71.1988,69.72938809623017,1.4694119037698385,Random_Forest
2025-12-14 11:00:00,71.0588,70.14019473412695,0.9186052658730546,Random_Forest
2025-12-14 12:00:00,72.3412,71.04082837301588,1.3003716269841163,Random_Forest
2025-12-14 13:00:00,70.1434,69.95939512301585,0.18400487698414736,Random_Forest
2025-12-14 14:00:00,70.6465,70.34627096130951,0.3002290386904889,Random_Forest
2025-12-14 15:00:00,72.1964,69.52186832539684,2.674531674603159,Random_Forest
2025-12-14 16:00:00,69.4686,69.5358732936508,-0.06727329365079981,Random_Forest
2025-12-14 17:00:00,68.7693,69.36442008432537,-0.595120084325373,Random_Forest
2025-12-14 18:00:00,74.6502,69.32214341269845,5.328056587301546,Random_Forest
2025-12-14 19:00:00,55.83,51.162670078703705,4.667329921296293,Random_Forest
2025-12-14 20:00:00,54.4474,52.62880145039682,1.8185985496031805,Random_Forest
2025-12-14 21:00:00,52.6129,52.596941172619054,0.015958827380949003,Random_Forest
2025-12-14 22:00:00,49.5932,52.54696141633598,-2.953761416335979,Random_Forest
2025-12-14 23:00:00,54.6268,51.98245098611111,2.644349013888892,Random_Forest
2025-12-15 00:00:00,54.1515,55.70828771792326,-1.5567877179232639,Random_Forest
2025-12-15 01:00:00,59.5911,54.764381417989426,4.826718582010571,Random_Forest
2025-12-15 02:00:00,57.8619,54.33261095238094,3.5292890476190593,Random_Forest
2025-12-15 03:00:00,58.0672,56.75242348544974,1.3147765145502603,Random_Forest
2025-12-15 04:00:00,56.016,53.74744116468252,2.268558835317478,Random_Forest
2025-12-15 05:00:00,57.9106,55.321729538690484,2.5888704613095186,Random_Forest
2025-12-15 06:00:00,68.7066,72.99792387003967,-4.291323870039676,Random_Forest
2025-12-15 07:00:00,72.3688,72.50902264484128,-0.14022264484128755,Random_Forest
2025-12-15 08:00:00,101.9465,108.58628842956351,-6.6397884295635095,Random_Forest
2025-12-15 09:00:00,109.6215,107.2234294077381,2.3980705922619023,Random_Forest
2025-12-15 10:00:00,104.3487,105.65695962103175,-1.3082596210317519,Random_Forest
2025-12-15 11:00:00,100.7215,106.87789200958994,-6.156392009589936,Random_Forest
2025-12-15 12:00:00,100.9254,107.52174635218256,-6.5963463521825645,Random_Forest
2025-12-15 13:00:00,112.2911,106.91398889781749,5.377111102182511,Random_Forest
2025-12-15 14:00:00,102.5184,105.91135475198413,-3.392954751984135,Random_Forest
2025-12-15 15:00:00,106.8993,109.95848105985449,-3.0591810598544953,Random_Forest
2025-12-15 16:00:00,99.897,107.87339655537752,-7.976396555377519,Random_Forest
2025-12-15 17:00:00,101.9817,109.94683783961645,-7.965137839616446,Random_Forest
2025-12-15 18:00:00,83.2647,85.40301864484125,-2.138318644841249,Random_Forest
2025-12-15 19:00:00,91.4051,87.71788176190476,3.687218238095241,Random_Forest
2025-12-15 20:00:00,82.5168,89.33752324801586,-6.820723248015852,Random_Forest
2025-12-15 21:00:00,85.4077,89.58345994651879,-4.175759946518781,Random_Forest
2025-12-15 22:00:00,71.4796,73.1223293677249,-1.6427293677248969,Random_Forest
2025-12-15 23:00:00,70.3798,73.31094438128308,-2.931144381283076,Random_Forest
2025-12-16 00:00:00,56.7357,56.84761389517193,-0.11191389517193073,Random_Forest
2025-12-16 01:00:00,57.3614,54.822911116071445,2.538488883928558,Random_Forest
2025-12-16 02:00:00,55.9256,55.03245765178569,0.8931423482143117,Random_Forest
2025-12-16 03:00:00,59.2814,55.008800209986795,4.272599790013203,Random_Forest
2025-12-16 04:00:00,51.4351,62.19690981051587,-10.76180981051587,Random_Forest
2025-12-16 05:00:00,53.4986,55.24978467559525,-1.7511846755952476,Random_Forest
2025-12-16 06:00:00,71.1964,73.836874271164,-2.6404742711640097,Random_Forest
2025-12-16 07:00:00,71.5009,71.72990731613758,-0.22900731613758296,Random_Forest
2025-12-16 08:00:00,113.1954,108.45003152182541,4.745368478174598,Random_Forest
2025-12-16 09:00:00,111.108,106.73334692261906,4.374653077380941,Random_Forest
2025-12-16 10:00:00,106.4856,107.9650835628307,-1.4794835628306942,Random_Forest
2025-12-16 11:00:00,115.623,110.44157698015876,5.181423019841247,Random_Forest
2025-12-16 12:00:00,104.1048,109.40351976884922,-5.2987197688492245,Random_Forest
2025-12-16 13:00:00,104.6852,104.3234180029762,0.36178199702379743,Random_Forest
2025-12-16 14:00:00,105.2283,106.82107743716925,-1.5927774371692465,Random_Forest
2025-12-16 15:00:00,111.85,108.56981517195761,3.2801848280423798,Random_Forest
2025-12-16 16:00:00,110.4413,110.00188397321425,0.4394160267857501,Random_Forest
2025-12-16 17:00:00,107.0868,108.89525361309528,-1.8084536130952813,Random_Forest
2025-12-16 18:00:00,85.8764,85.42431451355817,0.4520854864418311,Random_Forest
2025-12-16 19:00:00,91.6608,88.85615744940476,2.804642550595233,Random_Forest
2025-12-16 20:00:00,96.3974,89.48777392261904,6.909626077380963,Random_Forest
2025-12-16 21:00:00,84.2806,89.9751609404762,-5.694560940476194,Random_Forest
2025-12-16 22:00:00,77.0185,75.78607690939155,1.2324230906084495,Random_Forest
2025-12-16 23:00:00,74.3443,73.48109094675928,0.8632090532407233,Random_Forest
2025-12-17 00:00:00,59.4487,55.56444728373017,3.8842527162698346,Random_Forest
2025-12-17 01:00:00,56.0663,56.37337048809525,-0.30707048809524906,Random_Forest
2025-12-17 02:00:00,51.7461,54.835599389880954,-3.089499389880956,Random_Forest
2025-12-17 03:00:00,57.6856,55.02477710416667,2.660822895833334,Random_Forest
2025-12-17 04:00:00,60.6449,57.24578072123017,3.399119278769831,Random_Forest
2025-12-17 05:00:00,58.5542,55.04721114153439,3.5069888584656113,Random_Forest
2025-12-17 06:00:00,68.1641,72.9626773280423,-4.798577328042299,Random_Forest
2025-12-17 07:00:00,77.0762,72.0853670327381,4.990832967261895,Random_Forest
2025-12-17 08:00:00,107.0941,108.38703917261904,-1.2929391726190431,Random_Forest
2025-12-17 09:00:00,105.1189,106.3561257331349,-1.2372257331349061,Random_Forest
2025-12-17 10:00:00,112.2417,108.04533765476192,4.196362345238072,Random_Forest
2025-12-17 11:00:00,110.8039,106.85799734623016,3.945902653769835,Random_Forest
2025-12-17 12:00:00,109.4072,109.82054418055556,-0.4133441805555549,Random_Forest
2025-12-17 13:00:00,112.7358,109.2739454041005,3.4618545958994957,Random_Forest
2025-12-17 14:00:00,109.0258,107.5670136170635,1.458786382936509,Random_Forest
2025-12-17 15:00:00,114.3711,108.3442252222222,6.026874777777792,Random_Forest
2025-12-17 16:00:00,107.2448,108.16635386309527,-0.9215538630952693,Random_Forest
2025-12-17 17:00:00,112.5825,111.2881894556878,1.2943105443121965,Random_Forest
2025-12-17 18:00:00,86.6695,88.71743317791002,-2.047933177910025,Random_Forest
2025-12-17 19:00:00,86.45830000000001,87.0574684318783,-0.5991684318782973,Random_Forest
2025-12-17 20:00:00,88.9987,90.57209498716328,-1.573394987163283,Random_Forest
2025-12-17 21:00:00,92.326,88.61273505952379,3.7132649404762077,Random_Forest
2025-12-17 22:00:00,73.09270000000001,75.69266376488096,-2.599963764880954,Random_Forest
2025-12-17 23:00:00,78.1473,72.58108617824077,5.566213821759234,Random_Forest
2025-12-18 00:00:00,52.2962,55.94767493551588,-3.6514749355158784,Random_Forest
2025-12-18 01:00:00,52.297,56.16307906944446,-3.86607906944446,Random_Forest
2025-12-18 02:00:00,58.0321,56.950285761574065,1.0818142384259346,Random_Forest
2025-12-18 03:00:00,53.0052,56.782576734127,-3.777376734126996,Random_Forest
2025-12-18 04:00:00,57.4377,54.9510702906746,2.486629709325399,Random_Forest
2025-12-18 05:00:00,53.879,56.688597717923294,-2.809597717923296,Random_Forest
2025-12-18 06:00:00,75.3448,73.0204919050926,2.3243080949074084,Random_Forest
2025-12-18 07:00:00,79.1367,74.52922523908731,4.6074747609126945,Random_Forest
2025-12-18 08:00:00,112.6643,108.76749113293654,3.8968088670634558,Random_Forest
2025-12-18 09:00:00,109.3734,105.73539590873014,3.6380040912698632,Random_Forest
2025-12-18 10:00:00,99.1562,105.08931890476191,-5.933118904761912,Random_Forest
2025-12-18 11:00:00,107.4565,106.60274217063494,0.8537578293650654,Random_Forest
2025-12-18 12:00:00,108.9079,109.99643523908735,-1.0885352390873493,Random_Forest
2025-12-18 13:00:00,106.6232,107.11388187698412,-0.4906818769841266,Random_Forest
2025-12-18 14:00:00,103.3899,107.72938701190476,-4.339487011904765,Random_Forest
2025-12-18 15:00:00,103.6169,105.7821473958333,-2.1652473958333047,Random_Forest
2025-12-18 16:00:00,102.8903,108.88792879398146,-5.9976287939814625,Random_Forest
2025-12-18 17:00:00,114.281,105.70618020370374,8.574819796296268,Random_Forest
2025-12-18 18:00:00,85.55499999999999,89.62211739351855,-4.067117393518558,Random_Forest
2025-12-18 19:00:00,86.4987,87.42379091865081,-0.9250909186508096,Random_Forest
2025-12-18 20:00:00,90.5015,87.41434659126989,3.087153408730103,Random_Forest
2025-12-18 21:00:00,84.1305,89.63182771527775,-5.501327715277753,Random_Forest
2025-12-18 22:00:00,79.5181,75.4690833045635,4.0490166954365066,Random_Forest
2025-12-18 23:00:00,72.3449,72.74936551917988,-0.4044655191798796,Random_Forest
2025-12-19 00:00:00,53.3775,56.33285968849205,-2.9553596884920523,Random_Forest
2025-12-19 01:00:00,54.2764,56.216311601851864,-1.9399116018518612,Random_Forest
2025-12-19 02:00:00,52.2194,56.35494624404764,-4.135546244047639,Random_Forest
2025-12-19 03:00:00,55.7059,54.642726972222235,1.063173027777765,Random_Forest
2025-12-19 04:00:00,52.825,57.04640337500002,-4.2214033750000155,Random_Forest
2025-12-19 05:00:00,57.7147,56.83537951289686,0.8793204871031435,Random_Forest
2025-12-19 06:00:00,78.0538,73.87212084589946,4.181679154100536,Random_Forest
2025-12-19 07:00:00,76.932,73.31818196329364,3.6138180367063626,Random_Forest
2025-12-19 08:00:00,99.4687,106.28005566600527,-6.811355666005269,Random_Forest
2025-12-19 09:00:00,102.6432,107.27119102414018,-4.6279910241401865,Random_Forest
2025-12-19 10:00:00,108.1776,108.6372119027778,-0.4596119027778087,Random_Forest
2025-12-19 11:00:00,110.2614,107.8147149560694,2.4466850439306,Random_Forest
2025-12-19 12:00:00,105.0016,108.18213684523808,-3.1805368452380804,Random_Forest
2025-12-19 13:00:00,106.1963,109.72607867890208,-3.5297786789020904,Random_Forest
2025-12-19 14:00:00,113.9013,110.87542640873012,3.0258735912698853,Random_Forest
2025-12-19 15:00:00,102.6596,108.8249551974206,-6.16535519742061,Random_Forest
2025-12-19 16:00:00,116.6339,110.84151410449732,5.792385895502676,Random_Forest
2025-12-19 17:00:00,106.9884,108.95916196626986,-1.9707619662698619,Random_Forest
2025-12-19 18:00:00,92.4056,87.59463560284392,4.810964397156084,Random_Forest
2025-12-19 19:00:00,86.6079,88.85981480853175,-2.251914808531751,Random_Forest
2025-12-19 20:00:00,90.0055,86.07643044543653,3.929069554563469,Random_Forest
2025-12-19 21:00:00,81.2898,88.31628007341274,-7.026480073412742,Random_Forest
2025-12-19 22:00:00,67.5678,74.69923812301589,-7.131438123015883,Random_Forest
2025-12-19 23:00:00,75.043,73.81103182804235,1.2319681719576607,Random_Forest
2025-12-20 00:00:00,55.9279,52.267328060846566,3.660571939153435,Random_Forest
2025-12-20 01:00:00,53.5456,51.91502545171957,1.6305745482804284,Random_Forest
2025-12-20 02:00:00,52.0034,52.78345110912695,-0.7800511091269513,Random_Forest
2025-12-20 03:00:00,52.2752,52.78341515873016,-0.5082151587301595,Random_Forest
2025-12-20 04:00:00,54.4805,52.5745034021164,1.9059965978836004,Random_Forest
2025-12-20 05:00:00,52.7201,51.99162289219578,0.728477107804224,Random_Forest
2025-12-20 06:00:00,55.7758,52.24314116369047,3.5326588363095297,Random_Forest
2025-12-20 07:00:00,50.252,52.56399162929893,-2.31199162929893,Random_Forest
2025-12-20 08:00:00,53.6084,52.224002334325405,1.384397665674598,Random_Forest
2025-12-20 09:00:00,73.2765,70.47144988293648,2.805050117063516,Random_Forest
2025-12-20 10:00:00,65.893,70.93098959226187,-5.037989592261866,Random_Forest
2025-12-20 11:00:00,72.52590000000001,69.67269402876983,2.8532059712301816,Random_Forest
2025-12-20 12:00:00,66.0128,70.22026469808199,-4.207464698081992,Random_Forest
2025-12-20 13:00:00,66.3616,70.77675467757938,-4.41515467757938,Random_Forest
2025-12-20 14:00:00,66.2101,69.80787423809527,-3.597774238095269,Random_Forest
2025-12-20 15:00:00,65.9398,69.66185045469577,-3.7220504546957613,Random_Forest
2025-12-20 16:00:00,74.1611,69.69993226752648,4.461167732473527,Random_Forest
2025-12-20 17:00:00,75.0827,71.24113020535715,3.841569794642851,Random_Forest
2025-12-20 18:00:00,68.0993,69.43147597189154,-1.3321759718915445,Random_Forest
2025-12-20 19:00:00,49.9651,52.141257970899474,-2.1761579708994745,Random_Forest
2025-12-20 20:00:00,50.5168,52.30400247387567,-1.7872024738756664,Random_Forest
2025-12-20 21:00:00,52.5597,51.69372043452382,0.8659795654761808,Random_Forest
2025-12-20 22:00:00,56.4438,52.81886639583334,3.6249336041666638,Random_Forest
2025-12-20 23:00:00,54.0618,52.75410395238096,1.3076960476190393,Random_Forest
2025-12-21 00:00:00,55.6319,52.83721065674606,2.7946893432539426,Random_Forest
2025-12-21 01:00:00,55.4809,52.58383204761904,2.897067952380958,Random_Forest
2025-12-21 02:00:00,54.0678,53.59004045634922,0.47775954365077666,Random_Forest
2025-12-21 03:00:00,52.8784,52.54552471031748,0.33287528968251934,Random_Forest
2025-12-21 04:00:00,55.2567,52.74066810052913,2.5160318994708746,Random_Forest
2025-12-21 05:00:00,54.0268,52.27927573048943,1.7475242695105706,Random_Forest
2025-12-21 06:00:00,51.6125,53.091901720238106,-1.4794017202381085,Random_Forest
2025-12-21 07:00:00,52.4235,52.25163170833332,0.1718682916666765,Random_Forest
2025-12-21 08:00:00,54.8608,52.775133603174595,2.0856663968254026,Random_Forest
2025-12-21 09:00:00,72.8746,70.50481480753969,2.369785192460313,Random_Forest
2025-12-21 10:00:00,69.2416,71.7659582976191,-2.524358297619088,Random_Forest
2025-12-21 11:00:00,65.0497,71.89603709027777,-6.846337090277771,Random_Forest
2025-12-21 12:00:00,69.803,69.4146530049603,0.38834699503969716,Random_Forest
2025-12-21 13:00:00,70.3906,71.67046315277777,-1.2798631527777644,Random_Forest
2025-12-21 14:00:00,73.8583,71.75296450198412,2.105335498015876,Random_Forest
2025-12-21 15:00:00,72.6668,71.04942119940478,1.617378800595219,Random_Forest
2025-12-21 16:00:00,71.9341,72.40457760019844,-0.47047760019843565,Random_Forest
2025-12-21 17:00:00,71.1651,71.19432563789684,-0.029225637896843182,Random_Forest
2025-12-21 18:00:00,64.672,71.03598986904764,-6.363989869047643,Random_Forest
2025-12-21 19:00:00,55.8329,52.24864815873015,3.584251841269854,Random_Forest
2025-12-21 20:00:00,55.2875,52.29731607738095,2.990183922619053,Random_Forest
2025-12-21 21:00:00,54.1688,52.744495062500015,1.4243049374999828,Random_Forest
2025-12-21 22:00:00,49.0583,53.142863748015884,-4.084563748015881,Random_Forest
2025-12-21 23:00:00,52.237,52.85121524206352,-0.6142152420635156,Random_Forest
2025-12-22 00:00:00,59.832,55.97693162500001,3.8550683749999877,Random_Forest
2025-12-22 01:00:00,52.876,56.5614933554894,-3.685493355489399,Random_Forest
2025-12-22 02:00:00,57.5674,55.6811646636905,1.8862353363094968,Random_Forest
2025-12-22 03:00:00,51.401,55.35236571031746,-3.9513657103174538,Random_Forest
2025-12-22 04:00:00,55.1217,55.20412405059523,-0.08242405059523605,Random_Forest
2025-12-22 05:00:00,55.6758,54.73144617923277,0.9443538207672333,Random_Forest
2025-12-22 06:00:00,70.3421,72.24101501421953,-1.8989150142195257,Random_Forest
2025-12-22 07:00:00,78.5991,72.62060073908732,5.978499260912685,Random_Forest
2025-12-22 08:00:00,105.3912,108.10204200694444,-2.7108420069444463,Random_Forest
2025-12-22 09:00:00,107.5384,106.65978938392858,0.8786106160714127,Random_Forest
2025-12-22 10:00:00,104.2613,105.94816637797618,-1.6868663779761732,Random_Forest
2025-12-22 11:00:00,113.3529,108.86519937896824,4.487700621031763,Random_Forest
2025-12-22 12:00:00,106.0981,108.4403952123016,-2.342295212301593,Random_Forest
2025-12-22 13:00:00,103.0218,106.21302409523808,-3.191224095238084,Random_Forest
2025-12-22 14:00:00,116.2477,108.9671486299603,7.280551370039689,Random_Forest
2025-12-22 15:00:00,104.9087,107.57906434027781,-2.670364340277814,Random_Forest
2025-12-22 16:00:00,104.9663,110.10879378406085,-5.1424937840608465,Random_Forest
2025-12-22 17:00:00,113.9649,109.5375694437831,4.427330556216901,Random_Forest
2025-12-22 18:00:00,85.0373,88.35724062301587,-3.3199406230158672,Random_Forest
2025-12-22 19:00:00,89.8543,88.05061578201659,1.8036842179834025,Random_Forest
2025-12-22 20:00:00,83.5043,89.64521340476189,-6.140913404761889,Random_Forest
2025-12-22 21:00:00,89.9439,89.61451249795574,0.3293875020442556,Random_Forest
2025-12-22 22:00:00,73.30630000000001,75.01809902744712,-1.711799027447114,Random_Forest
2025-12-22 23:00:00,78.25540000000001,73.10963396428569,5.145766035714317,Random_Forest
2025-12-23 00:00:00,59.0043,55.25633520337301,3.747964796626988,Random_Forest
2025-12-23 01:00:00,55.7076,55.5007360843254,0.20686391567459594,Random_Forest
2025-12-23 02:00:00,53.2022,55.23712724305559,-2.0349272430555914,Random_Forest
2025-12-23 03:00:00,55.8506,55.97565570039682,-0.12505570039682112,Random_Forest
2025-12-23 04:00:00,51.3643,56.865409470568814,-5.501109470568814,Random_Forest
2025-12-23 05:00:00,55.5707,54.47677614980159,1.093923850198415,Random_Forest
2025-12-23 06:00:00,77.6484,73.70833202182537,3.940067978174625,Random_Forest
2025-12-23 07:00:00,74.8109,73.35210092559524,1.4587990744047659,Random_Forest
2025-12-23 08:00:00,111.3973,108.33441536706344,3.0628846329365587,Random_Forest
2025-12-23 09:00:00,100.1414,108.46951851190474,-8.328118511904734,Random_Forest
2025-12-23 10:00:00,106.7449,108.4927466216931,-1.7478466216930997,Random_Forest
2025-12-23 11:00:00,100.2638,105.85890285416666,-5.5951028541666545,Random_Forest
2025-12-23 12:00:00,105.9908,110.16888163591268,-4.17808163591269,Random_Forest
2025-12-23 13:00:00,102.6107,110.97979146825395,-8.369091468253956,Random_Forest
2025-12-23 14:00:00,111.2432,106.19292671924603,5.05027328075397,Random_Forest
2025-12-23 15:00:00,112.5087,109.35904742559522,3.149652574404783,Random_Forest
2025-12-23 16:00:00,100.169,109.09410559737489,-8.925105597374895,Random_Forest
2025-12-23 17:00:00,112.0499,107.06672344675926,4.983176553240739,Random_Forest
2025-12-23 18:00:00,89.8506,87.2601407364418,2.590459263558202,Random_Forest
2025-12-23 19:00:00,94.3167,86.62561392791002,7.691086072089973,Random_Forest
2025-12-23 20:00:00,95.1885,88.61138701785715,6.57711298214285,Random_Forest
2025-12-23 21:00:00,87.2968,90.60941107142862,-3.31261107142862,Random_Forest
2025-12-23 22:00:00,72.4364,74.23617697628067,-1.7997769762806684,Random_Forest
2025-12-23 23:00:00,70.2147,73.10112252447087,-2.8864225244708734,Random_Forest
2025-12-24 00:00:00,52.9794,57.27946038392856,-4.30006038392856,Random_Forest
2025-12-24 01:00:00,52.7262,56.24570983134923,-3.5195098313492323,Random_Forest
2025-12-24 02:00:00,54.5546,56.82925725198413,-2.274657251984131,Random_Forest
2025-12-24 03:00:00,58.2258,55.66156609490742,2.5642339050925784,Random_Forest
2025-12-24 04:00:00,55.6186,61.00894005853173,-5.390340058531727,Random_Forest
2025-12-24 05:00:00,56.001,55.73313435714286,0.26786564285713865,Random_Forest
2025-12-24 06:00:00,69.0201,74.61144386276455,-5.591343862764546,Random_Forest
2025-12-24 07:00:00,73.3166,72.62437587830684,0.6922241216931582,Random_Forest
2025-12-24 08:00:00,114.3444,107.22512425396826,7.119275746031732,Random_Forest
2025-12-24 09:00:00,108.5758,107.18472352480161,1.391076475198389,Random_Forest
2025-12-24 10:00:00,107.5621,108.85006210019843,-1.2879621001984276,Random_Forest
2025-12-24 11:00:00,102.1617,109.21450520039684,-7.052805200396847,Random_Forest
2025-12-24 12:00:00,105.8305,108.60867081448416,-2.778170814484156,Random_Forest
2025-12-24 13:00:00,111.2757,110.01319713591275,1.2625028640872529,Random_Forest
2025-12-24 14:00:00,102.703,107.16435888095239,-4.461358880952389,Random_Forest
2025-12-24 15:00:00,109.174,104.53056583928573,4.643434160714278,Random_Forest
2025-12-24 16:00:00,100.1292,109.2453861746032,-9.1161861746032,Random_Forest
2025-12-24 17:00:00,112.9369,106.21790355555554,6.718996444444457,Random_Forest
2025-12-24 18:00:00,80.8841,89.13233915873015,-8.248239158730144,Random_Forest
2025-12-24 19:00:00,81.6072,89.44539473328521,-7.838194733285206,Random_Forest
2025-12-24 20:00:00,86.4345,89.55850015193599,-3.124000151935988,Random_Forest
2025-12-24 21:00:00,93.0245,87.70588332864358,5.318616671356423,Random_Forest
2025-12-24 22:00:00,72.2132,74.96628568849206,-2.753085688492064,Random_Forest
2025-12-24 23:00:00,76.8353,74.3915277063492,2.4437722936508095,Random_Forest
2025-12-25 00:00:00,56.4671,54.83278464583334,1.6343153541666595,Random_Forest
2025-12-25 01:00:00,58.2666,56.68333133432541,1.5832686656745878,Random_Forest
2025-12-25 02:00:00,60.0493,55.390375448082004,4.658924551917998,Random_Forest
2025-12-25 03:00:00,55.4016,56.17375985019844,-0.7721598501984346,Random_Forest
2025-12-25 04:00:00,58.333,56.25002699404762,2.0829730059523754,Random_Forest
2025-12-25 05:00:00,56.59,55.04139816666667,1.5486018333333362,Random_Forest
2025-12-25 06:00:00,77.2538,73.55897666865079,3.6948233313492125,Random_Forest
2025-12-25 07:00:00,68.0392,72.4087471819685,-4.3695471819685,Random_Forest
2025-12-25 08:00:00,115.2172,105.41412872453702,9.803071275462983,Random_Forest
2025-12-25 09:00:00,114.8017,106.38555478174607,8.41614521825393,Random_Forest
2025-12-25 10:00:00,114.8924,108.55338856547618,6.339011434523812,Random_Forest
2025-12-25 11:00:00,110.0115,107.620456250992,2.3910437490079914,Random_Forest
2025-12-25 12:00:00,102.2175,110.24880283333333,-8.031302833333328,Random_Forest
2025-12-25 13:00:00,103.8694,107.1001146676587,-3.2307146676587024,Random_Forest
2025-12-25 14:00:00,116.414,110.84768712996029,5.5663128700397095,Random_Forest
2025-12-25 15:00:00,114.1672,107.94302142757937,6.224178572420627,Random_Forest
2025-12-25 16:00:00,110.8226,108.41769376984125,2.404906230158744,Random_Forest
2025-12-25 17:00:00,106.1654,107.79114143452382,-1.6257414345238175,Random_Forest
2025-12-25 18:00:00,82.4649,84.67048551653438,-2.2055855165343843,Random_Forest
2025-12-25 19:00:00,84.0869,86.45996814781742,-2.3730681478174205,Random_Forest
2025-12-25 20:00:00,91.3784,89.82840932142861,1.5499906785713904,Random_Forest
2025-12-25 21:00:00,84.8443,90.79256985052915,-5.948269850529144,Random_Forest
2025-12-25 22:00:00,69.38380000000001,74.52313372916662,-5.139333729166609,Random_Forest
2025-12-25 23:00:00,73.0321,73.50476671494704,-0.4726667149470387,Random_Forest
2025-12-26 00:00:00,59.0985,56.79607082407412,2.30242917592588,Random_Forest
2025-12-26 01:00:00,52.1932,56.323979243055554,-4.1307792430555565,Random_Forest
2025-12-26 02:00:00,58.216,56.52519657341268,1.6908034265873226,Random_Forest
2025-12-26 03:00:00,53.206,56.146798762896836,-2.940798762896833,Random_Forest
2025-12-26 04:00:00,59.9895,57.531307039682545,2.4581929603174544,Random_Forest
2025-12-26 05:00:00,52.0479,55.067188392857126,-3.0192883928571277,Random_Forest
2025-12-26 06:00:00,76.8404,73.19759788988092,3.642802110119078,Random_Forest
2025-12-26 07:00:00,80.6402,74.68599263789677,5.954207362103219,Random_Forest
2025-12-26 08:00:00,114.9439,106.48045605952379,8.46344394047621,Random_Forest
2025-12-26 09:00:00,110.7579,106.11044569675921,4.647454303240792,Random_Forest
2025-12-26 10:00:00,112.8592,105.79377445039682,7.065425549603177,Random_Forest
2025-12-26 11:00:00,115.1127,106.65291954365085,8.45978045634915,Random_Forest
2025-12-26 12:00:00,103.6908,106.07664381547616,-2.3858438154761643,Random_Forest
2025-12-26 13:00:00,102.6609,106.16476384126977,-3.5038638412697765,Random_Forest
2025-12-26 14:00:00,108.9131,104.71215781613758,4.2009421838624235,Random_Forest
2025-12-26 15:00:00,106.8707,106.13738167857143,0.7333183214285697,Random_Forest
2025-12-26 16:00:00,116.8485,106.22975912499996,10.618740875000043,Random_Forest
2025-12-26 17:00:00,101.5958,109.66330025198415,-8.067500251984157,Random_Forest
2025-12-26 18:00:00,83.2014,84.61485325330686,-1.4134532533068551,Random_Forest
2025-12-26 19:00:00,81.6334,89.14157592171715,-7.508175921717154,Random_Forest
2025-12-26 20:00:00,92.2804,89.71618891245792,2.564211087542077,Random_Forest
2025-12-26 21:00:00,91.8182,89.50915474999996,2.3090452500000396,Random_Forest
2025-12-26 22:00:00,71.6166,74.26999168551588,-2.653391685515871,Random_Forest
2025-12-26 23:00:00,78.474,73.94979345800266,4.524206541997344,Random_Forest
2025-12-27 00:00:00,49.932,52.3158752195767,-2.3838752195766943,Random_Forest
2025-12-27 01:00:00,54.8177,52.21875917956347,2.598940820436532,Random_Forest
2025-12-27 02:00:00,53.6143,52.30794107539685,1.3063589246031526,Random_Forest
2025-12-27 03:00:00,53.5823,53.562967218253945,0.019332781746051353,Random_Forest
2025-12-27 04:00:00,56.2685,53.41687562301591,2.851624376984091,Random_Forest
2025-12-27 05:00:00,53.97,52.568350555555554,1.4016494444444447,Random_Forest
2025-12-27 06:00:00,50.3473,53.33504599041007,-2.987745990410076,Random_Forest
2025-12-27 07:00:00,55.861,52.46557128670634,3.3954287132936543,Random_Forest
2025-12-27 08:00:00,56.5237,53.78136950793653,2.7423304920634664,Random_Forest
2025-12-27 09:00:00,70.0488,72.65591803769844,-2.6071180376984415,Random_Forest
2025-12-27 10:00:00,64.6855,69.47566051984131,-4.790160519841308,Random_Forest
2025-12-27 11:00:00,65.7746,72.36382905191803,-6.589229051918025,Random_Forest
2025-12-27 12:00:00,67.4087,69.72572985085979,-2.3170298508597966,Random_Forest
2025-12-27 13:00:00,72.5405,71.10847852149472,1.432021478505277,Random_Forest
2025-12-27 14:00:00,67.1846,71.61865937896825,-4.434059378968243,Random_Forest
2025-12-27 15:00:00,74.0088,69.44760949966931,4.561190500330682,Random_Forest
2025-12-27 16:00:00,66.2752,71.37550281746032,-5.100302817460317,Random_Forest
2025-12-27 17:00:00,64.9118,68.7742824262566,-3.862482426256605,Random_Forest
2025-12-27 18:00:00,70.2233,70.86676316898145,-0.6434631689814552,Random_Forest
2025-12-27 19:00:00,52.8126,51.988500279761915,0.8240997202380882,Random_Forest
2025-12-27 20:00:00,55.6646,52.51062719642856,3.153972803571442,Random_Forest
2025-12-27 21:00:00,54.4886,53.012490569444445,1.476109430555553,Random_Forest
2025-12-27 22:00:00,52.695,52.63533731580687,0.05966268419312826,Random_Forest
2025-12-27 23:00:00,49.5171,51.97114731646825,-2.454047316468248,Random_Forest
2025-12-28 00:00:00,55.8071,52.20991383333333,3.597186166666667,Random_Forest
2025-12-28 01:00:00,51.1715,52.825241857142856,-1.6537418571428546,Random_Forest
2025-12-28 02:00:00,55.614,52.94811547420635,2.6658845257936505,Random_Forest
2025-12-28 03:00:00,55.992,52.20428918750002,3.7877108124999808,Random_Forest
2025-12-28 04:00:00,51.2706,52.58672358994709,-1.3161235899470896,Random_Forest
2025-12-28 05:00:00,49.9856,52.37026904662698,-2.384669046626982,Random_Forest
2025-12-28 06:00:00,56.4278,51.32201766666665,5.1057823333333445,Random_Forest
2025-12-28 07:00:00,49.8773,52.43691430985449,-2.5596143098544886,Random_Forest
2025-12-28 08:00:00,53.2566,52.30988069841267,0.9467193015873292,Random_Forest
2025-12-28 09:00:00,66.7179,69.36512264583334,-2.647222645833338,Random_Forest
2025-12-28 10:00:00,67.0726,71.5432157767857,-4.470615776785706,Random_Forest
2025-12-28 11:00:00,65.0423,69.76253397420636,-4.720233974206366,Random_Forest
2025-12-28 12:00:00,74.9728,71.2295384047619,3.74326159523811,Random_Forest
2025-12-28 13:00:00,67.7016,70.68020832638886,-2.9786083263888656,Random_Forest
2025-12-28 14:00:00,69.7858,67.5678987936508,2.2179012063491967,Random_Forest
2025-12-28 15:00:00,68.1895,69.72909081646824,-1.5395908164682481,Random_Forest
2025-12-28 16:00:00,67.0949,69.14079423809524,-2.0458942380952436,Random_Forest
2025-12-28 17:00:00,67.0088,70.74149320039682,-3.732693200396824,Random_Forest
2025-12-28 18:00:00,72.1095,68.70165002546295,3.4078499745370436,Random_Forest
2025-12-28 19:00:00,50.233,52.86498150694445,-2.631981506944456,Random_Forest
2025-12-28 20:00:00,53.3984,52.038804369047604,1.3595956309523984,Random_Forest
2025-12-28 21:00:00,50.1439,52.235347019841285,-2.091447019841283,Random_Forest
2025-12-28 22:00:00,52.7579,51.60245098809524,1.1554490119047571,Random_Forest
2025-12-28 23:00:00,51.4236,52.73706140079368,-1.3134614007936776,Random_Forest
2025-12-29 00:00:00,53.7201,57.70159246494712,-3.9814924649471166,Random_Forest
2025-12-29 01:00:00,55.4042,55.59814268650793,-0.19394268650792412,Random_Forest
2025-12-29 02:00:00,54.9363,55.509615049272504,-0.5733150492725017,Random_Forest
2025-12-29 03:00:00,55.7309,56.673957670634906,-0.9430576706349072,Random_Forest
2025-12-29 04:00:00,56.0703,54.21939421031743,1.850905789682571,Random_Forest
2025-12-29 05:00:00,53.6683,53.9260582003968,-0.2577582003968004,Random_Forest
2025-12-29 06:00:00,68.3306,71.8599202390873,-3.5293202390872978,Random_Forest
2025-12-29 07:00:00,72.6442,73.0029808869048,-0.35878088690479615,Random_Forest
2025-12-29 08:00:00,101.864,109.45284289583331,-7.588842895833309,Random_Forest
2025-12-29 09:00:00,105.2028,107.80421360317457,-2.601413603174578,Random_Forest
2025-12-29 10:00:00,101.1906,107.39744028174604,-6.2068402817460395,Random_Forest
2025-12-29 11:00:00,107.5496,107.67253763690476,-0.12293763690476567,Random_Forest
2025-12-29 12:00:00,109.471,107.56677318849208,1.9042268115079253,Random_Forest
2025-12-29 13:00:00,114.8541,108.47554922420633,6.37855077579367,Random_Forest
2025-12-29 14:00:00,114.1515,108.29931544543648,5.852184554563522,Random_Forest
2025-12-29 15:00:00,111.2081,108.31352919047616,2.8945708095238416,Random_Forest
2025-12-29 16:00:00,117.4263,108.02775789947094,9.398542100529056,Random_Forest
2025-12-29 17:00:00,112.6398,110.50229256117726,2.1375074388227375,Random_Forest
2025-12-29 18:00:00,91.6322,88.08113286507935,3.5510671349206433,Random_Forest
2025-12-29 19:00:00,85.96000000000001,86.73114477513226,-0.7711447751322567,Random_Forest
2025-12-29 20:00:00,82.3166,86.676420353836,-4.359820353836,Random_Forest
2025-12-29 21:00:00,88.5499,85.20963801785713,3.340261982142863,Random_Forest
2025-12-29 22:00:00,71.0906,74.73687954232801,-3.646279542328017,Random_Forest
2025-12-29 23:00:00,69.7236,74.75049343981482,-5.026893439814813,Random_Forest
2025-12-30 00:00:00,50.948,54.25361750132273,-3.305617501322729,Random_Forest
2025-12-30 01:00:00,52.5441,54.762538233134954,-2.218438233134954,Random_Forest
2025-12-30 02:00:00,57.8895,56.5993660297619,1.2901339702380952,Random_Forest
2025-12-30 03:00:00,60.3891,55.96775817361111,4.42134182638889,Random_Forest
2025-12-30 04:00:00,52.4064,54.64063744146826,-2.2342374414682595,Random_Forest
2025-12-30 05:00:00,60.6651,55.6487553769841,5.016344623015904,Random_Forest
2025-12-30 06:00:00,70.53490000000001,75.25148666865078,-4.716586668650777,Random_Forest
2025-12-30 07:00:00,79.8756,74.03507673478835,5.840523265211658,Random_Forest
2025-12-30 08:00:00,111.77,107.74080916369049,4.02919083630951,Random_Forest
2025-12-30 09:00:00,117.9449,108.90656927711638,9.038330722883629,Random_Forest
2025-12-30 10:00:00,101.3499,107.10514891269844,-5.755248912698434,Random_Forest
2025-12-30 11:00:00,115.2187,108.56032180357143,6.658378196428572,Random_Forest
2025-12-30 12:00:00,112.9496,106.02540980952382,6.924190190476182,Random_Forest
2025-12-30 13:00:00,98.4189,106.55440800760579,-8.135508007605793,Random_Forest
2025-12-30 14:00:00,113.7715,105.2160282199074,8.555471780092603,Random_Forest
2025-12-30 15:00:00,117.2267,108.08223528373014,9.144464716269852,Random_Forest
2025-12-30 16:00:00,103.0271,108.10432750992064,-5.0772275099206325,Random_Forest
2025-12-30 17:00:00,104.7878,106.21544010714281,-1.4276401071428069,Random_Forest
2025-12-30 18:00:00,82.5429,84.651685860119,-2.1087858601189993,Random_Forest
2025-12-30 19:00:00,86.60549999999999,88.22911217171716,-1.6236121717171699,Random_Forest
2025-12-30 20:00:00,90.0946,88.15737045039683,1.937229549603174,Random_Forest
2025-12-30 21:00:00,84.0973,89.00826692261907,-4.9109669226190675,Random_Forest
2025-12-30 22:00:00,75.9916,76.09180489351851,-0.1002048935185087,Random_Forest
2025-12-30 23:00:00,70.5083,71.72269949900796,-1.2143994990079534,Random_Forest
2025-12-31 00:00:00,52.5273,55.631609982142855,-3.1043099821428584,Random_Forest
2025-12-31 01:00:00,55.4459,57.16803702678573,-1.722137026785731,Random_Forest
2025-12-31 02:00:00,52.6839,56.35917876190477,-3.675278761904771,Random_Forest
2025-12-31 03:00:00,53.0963,54.324496181547616,-1.2281961815476166,Random_Forest
2025-12-31 04:00:00,54.8246,55.973476491071416,-1.1488764910714195,Random_Forest
2025-12-31 05:00:00,52.326,55.67078185515872,-3.344781855158722,Random_Forest
2025-12-31 06:00:00,72.2716,73.1928151273148,-0.9212151273147953,Random_Forest
2025-12-31 07:00:00,76.4987,72.4768982172619,4.021801782738095,Random_Forest
2025-12-31 08:00:00,105.694,106.03642062896824,-0.34242062896824166,Random_Forest
2025-12-31 09:00:00,110.0886,105.8441953075397,4.244404692460293,Random_Forest
2025-12-31 10:00:00,115.6543,107.46095737698415,8.193342623015852,Random_Forest
2025-12-31 11:00:00,110.3865,106.63619434953699,3.7503056504630052,Random_Forest
2025-12-31 12:00:00,115.6941,104.96036648247353,10.733733517526474,Random_Forest
2025-12-31 13:00:00,108.2752,107.07548174603174,1.199718253968257,Random_Forest
2025-12-31 14:00:00,107.7592,106.64671773677246,1.1124822632275482,Random_Forest
2025-12-31 15:00:00,107.844,104.74856651620367,3.0954334837963273,Random_Forest
2025-12-31 16:00:00,107.1028,109.39394326785713,-2.291143267857123,Random_Forest
2025-12-31 17:00:00,108.4345,108.8064765304233,-0.3719765304232965,Random_Forest
2025-12-31 18:00:00,95.9863,89.40604083333331,6.580259166666693,Random_Forest
2025-12-31 19:00:00,90.4668,88.46252181547622,2.004278184523784,Random_Forest
2025-12-31 20:00:00,84.3291,89.58548986706346,-5.2563898670634615,Random_Forest
2025-12-31 21:00:00,83.148,89.272416125,-6.12441612500001,Random_Forest
2025-12-31 22:00:00,79.92320000000001,75.59847091203706,4.32472908796295,Random_Forest
2025-12-31 23:00:00,74.7336,74.9044381765873,-0.17083817658730993,Random_Forest
