object_id,measured_at,temperature_c,irradiation_w_m2
1,2025-01-01 00:00:00,-9.76,0.13
1,2025-01-01 01:00:00,-10.06,27.62
1,2025-01-01 02:00:00,-8.17,0.0
1,2025-01-01 03:00:00,-9.24,25.83
1,2025-01-01 04:00:00,-7.28,0.77
1,2025-01-01 05:00:00,-6.92,0.0
1,2025-01-01 06:00:00,-7.04,26.04
1,2025-01-01 07:00:00,-5.31,37.15
1,2025-01-01 08:00:00,-4.52,36.82
1,2025-01-01 09:00:00,-0.94,36.87
1,2025-01-01 10:00:00,-1.38,51.67
1,2025-01-01 11:00:00,0.12,110.37
1,2025-01-01 12:00:00,-2.18,84.97
1,2025-01-01 13:00:00,-1.02,60.36
1,2025-01-01 14:00:00,-1.36,85.04
1,2025-01-01 15:00:00,-3.16,51.58
1,2025-01-01 16:00:00,-1.77,29.03
1,2025-01-01 17:00:00,-2.25,31.86
1,2025-01-01 18:00:00,-5.11,0.0
1,2025-01-01 19:00:00,-2.94,19.27
1,2025-01-01 20:00:00,-5.52,0.0
1,2025-01-01 21:00:00,-7.55,1.85
1,2025-01-01 22:00:00,-7.97,10.26
1,2025-01-01 23:00:00,-9.8,14.02
1,2025-01-02 00:00:00,-9.41,5.02
1,2025-01-02 01:00:00,-7.57,0.0
1,2025-01-02 02:00:00,-9.8,13.68
1,2025-01-02 03:00:00,-7.34,13.41
1,2025-01-02 04:00:00,-9.55,0.0
1,2025-01-02 05:00:00,-8.05,23.43
1,2025-01-02 06:00:00,-4.86,14.16
1,2025-01-02 07:00:00,-4.23,36.34
1,2025-01-02 08:00:00,-2.8,74.77
1,2025-01-02 09:00:00,-2.41,47.84
1,2025-01-02 10:00:00,-0.66,99.48
1,2025-01-02 11:00:00,-2.68,111.67
1,2025-01-02 12:00:00,-0.92,117.27
1,2025-01-02 13:00:00,-0.69,67.07
1,2025-01-02 14:00:00,-1.5,64.86
1,2025-01-02 15:00:00,-3.21,56.59
1,2025-01-02 16:00:00,-3.27,67.14
1,2025-01-02 17:00:00,-0.95,45.39
1,2025-01-02 18:00:00,-1.94,0.0
1,2025-01-02 19:00:00,-3.89,20.99
1,2025-01-02 20:00:00,-4.28,0.0
1,2025-01-02 21:00:00,-7.47,0.0
1,2025-01-02 22:00:00,-8.73,2.27
1,2025-01-02 23:00:00,-6.4,0.0
1,2025-01-03 00:00:00,-9.73,24.89
1,2025-01-03 01:00:00,-8.69,0.0
1,2025-01-03 02:00:00,-10.52,0.0
1,2025-01-03 03:00:00,-7.07,19.67
1,2025-01-03 04:00:00,-9.12,0.0
1,2025-01-03 05:00:00,-8.35,9.83
1,2025-01-03 06:00:00,-5.35,7.4
1,2025-01-03 07:00:00,-4.33,9.9
1,2025-01-03 08:00:00,-1.9,48.8
1,2025-01-03 09:00:00,-3.54,66.68
1,2025-01-03 10:00:00,-3.9,76.49
1,2025-01-03 11:00:00,-2.9,101.68
1,2025-01-03 12:00:00,-2.72,97.4
1,2025-01-03 13:00:00,-0.07,103.06
1,2025-01-03 14:00:00,-2.13,99.08
1,2025-01-03 15:00:00,-2.86,85.54
1,2025-01-03 16:00:00,-3.73,57.37
1,2025-01-03 17:00:00,-1.79,1.44
1,2025-01-03 18:00:00,-5.52,0.0
1,2025-01-03 19:00:00,-5.55,0.0
1,2025-01-03 20:00:00,-5.68,13.97
1,2025-01-03 21:00:00,-7.11,0.0
1,2025-01-03 22:00:00,-9.24,0.0
1,2025-01-03 23:00:00,-8.81,24.4
1,2025-01-04 00:00:00,-9.54,18.48
1,2025-01-04 01:00:00,-7.72,25.32
1,2025-01-04 02:00:00,-8.59,28.89
1,2025-01-04 03:00:00,-8.21,0.0
1,2025-01-04 04:00:00,-8.91,0.0
1,2025-01-04 05:00:00,-5.93,0.0
1,2025-01-04 06:00:00,-7.88,7.61
1,2025-01-04 07:00:00,-4.48,31.9
1,2025-01-04 08:00:00,-2.66,43.92
1,2025-01-04 09:00:00,-3.71,72.05
1,2025-01-04 10:00:00,-0.33,109.93
1,2025-01-04 11:00:00,-1.52,98.37
1,2025-01-04 12:00:00,-1.64,113.5
1,2025-01-04 13:00:00,-2.89,92.7
1,2025-01-04 14:00:00,0.02,75.49
1,2025-01-04 15:00:00,-2.36,58.2
1,2025-01-04 16:00:00,-1.01,19.76
1,2025-01-04 17:00:00,-4.36,8.94
1,2025-01-04 18:00:00,-4.26,17.23
1,2025-01-04 19:00:00,-4.38,0.0
1,2025-01-04 20:00:00,-6.44,0.0
1,2025-01-04 21:00:00,-7.54,0.0
1,2025-01-04 22:00:00,-7.36,28.09
1,2025-01-04 23:00:00,-8.36,6.89
1,2025-01-05 00:00:00,-8.16,0.0
1,2025-01-05 01:00:00,-8.23,9.69
1,2025-01-05 02:00:00,-8.28,0.0
1,2025-01-05 03:00:00,-7.49,15.1
1,2025-01-05 04:00:00,-6.89,23.54
1,2025-01-05 05:00:00,-8.9,4.19
1,2025-01-05 06:00:00,-4.31,12.59
1,2025-01-05 07:00:00,-3.77,36.61
1,2025-01-05 08:00:00,-2.11,44.59
1,2025-01-05 09:00:00,-4.11,76.26
1,2025-01-05 10:00:00,-1.75,85.14
1,2025-01-05 11:00:00,-1.01,93.24
1,2025-01-05 12:00:00,-1.95,82.74
1,2025-01-05 13:00:00,-0.99,112.96
1,2025-01-05 14:00:00,-2.29,83.63
1,2025-01-05 15:00:00,-0.91,85.17
1,2025-01-05 16:00:00,-1.89,45.42
1,2025-01-05 17:00:00,-1.95,24.85
1,2025-01-05 18:00:00,-5.65,6.5
1,2025-01-05 19:00:00,-4.16,0.0
1,2025-01-05 20:00:00,-7.21,0.0
1,2025-01-05 21:00:00,-7.39,9.73
1,2025-01-05 22:00:00,-7.87,0.0
1,2025-01-05 23:00:00,-6.44,0.0
1,2025-01-06 00:00:00,-7.99,28.94
1,2025-01-06 01:00:00,-8.13,0.0
1,2025-01-06 02:00:00,-9.8,18.6
1,2025-01-06 03:00:00,-7.94,0.0
1,2025-01-06 04:00:00,-8.14,0.0
1,2025-01-06 05:00:00,-5.85,0.0
1,2025-01-06 06:00:00,-7.19,6.34
1,2025-01-06 07:00:00,-6.43,8.32
1,2025-01-06 08:00:00,-3.46,72.57
1,2025-01-06 09:00:00,-4.52,48.47
1,2025-01-06 10:00:00,-1.4,116.25
1,2025-01-06 11:00:00,-2.73,76.9
1,2025-01-06 12:00:00,-2.66,121.27
1,2025-01-06 13:00:00,0.69,75.81
1,2025-01-06 14:00:00,-1.13,103.26
1,2025-01-06 15:00:00,-1.26,100.37
1,2025-01-06 16:00:00,-0.68,37.51
1,2025-01-06 17:00:00,-1.18,28.53
1,2025-01-06 18:00:00,-3.55,18.75
1,2025-01-06 19:00:00,-6.02,0.0
1,2025-01-06 20:00:00,-5.16,0.0
1,2025-01-06 21:00:00,-5.68,27.23
1,2025-01-06 22:00:00,-8.88,0.0
1,2025-01-06 23:00:00,-6.63,2.73
1,2025-01-07 00:00:00,-9.81,0.0
1,2025-01-07 01:00:00,-9.43,0.0
1,2025-01-07 02:00:00,-10.77,2.98
1,2025-01-07 03:00:00,-8.8,0.0
1,2025-01-07 04:00:00,-6.07,5.76
1,2025-01-07 05:00:00,-5.23,0.0
1,2025-01-07 06:00:00,-4.86,0.0
1,2025-01-07 07:00:00,-3.0,44.75
1,2025-01-07 08:00:00,-5.15,70.06
1,2025-01-07 09:00:00,-2.98,85.05
1,2025-01-07 10:00:00,-0.57,105.62
1,2025-01-07 11:00:00,-1.34,114.74
1,2025-01-07 12:00:00,-1.05,119.6
1,2025-01-07 13:00:00,-2.0,123.82
1,2025-01-07 14:00:00,-1.91,77.69
1,2025-01-07 15:00:00,-2.61,101.67
1,2025-01-07 16:00:00,-2.83,34.04
1,2025-01-07 17:00:00,-4.58,30.31
1,2025-01-07 18:00:00,-3.14,29.54
1,2025-01-07 19:00:00,-5.57,18.43
1,2025-01-07 20:00:00,-5.74,24.14
1,2025-01-07 21:00:00,-5.57,18.71
1,2025-01-07 22:00:00,-6.92,4.45
1,2025-01-07 23:00:00,-7.86,0.0
1,2025-01-08 00:00:00,-7.14,0.0
1,2025-01-08 01:00:00,-10.07,0.0
1,2025-01-08 02:00:00,-9.33,0.0
1,2025-01-08 03:00:00,-8.12,0.0
1,2025-01-08 04:00:00,-6.88,3.7
1,2025-01-08 05:00:00,-6.89,11.99
1,2025-01-08 06:00:00,-4.54,0.0
1,2025-01-08 07:00:00,-6.85,5.74
1,2025-01-08 08:00:00,-4.7,44.77
1,2025-01-08 09:00:00,-4.75,70.6
1,2025-01-08 10:00:00,-0.94,69.93
1,2025-01-08 11:00:00,-0.42,108.34
1,2025-01-08 12:00:00,-1.59,103.62
1,2025-01-08 13:00:00,0.92,120.27
1,2025-01-08 14:00:00,-2.05,113.36
1,2025-01-08 15:00:00,-1.37,95.76
1,2025-01-08 16:00:00,-3.06,46.37
1,2025-01-08 17:00:00,-1.95,20.9
1,2025-01-08 18:00:00,-3.81,0.0
1,2025-01-08 19:00:00,-5.12,17.7
1,2025-01-08 20:00:00,-7.0,0.0
1,2025-01-08 21:00:00,-6.2,0.0
1,2025-01-08 22:00:00,-6.28,10.13
1,2025-01-08 23:00:00,-8.13,0.28
1,2025-01-09 00:00:00,-7.1,0.0
1,2025-01-09 01:00:00,-7.3,0.0
1,2025-01-09 02:00:00,-7.37,0.0
1,2025-01-09 03:00:00,-10.36,26.24
1,2025-01-09 04:00:00,-8.2,23.91
1,2025-01-09 05:00:00,-7.48,9.46
1,2025-01-09 06:00:00,-6.4,25.49
1,2025-01-09 07:00:00,-3.31,44.45
1,2025-01-09 08:00:00,-2.8,28.64
1,2025-01-09 09:00:00,-4.73,86.78
1,2025-01-09 10:00:00,-0.72,114.7
1,2025-01-09 11:00:00,0.32,121.91
1,2025-01-09 12:00:00,-1.51,86.46
1,2025-01-09 13:00:00,0.61,119.7
1,2025-01-09 14:00:00,0.17,71.72
1,2025-01-09 15:00:00,-0.52,57.25
1,2025-01-09 16:00:00,-2.26,80.64
1,2025-01-09 17:00:00,-1.22,15.8
1,2025-01-09 18:00:00,-2.82,22.35
1,2025-01-09 19:00:00,-6.44,0.0
1,2025-01-09 20:00:00,-4.48,22.21
1,2025-01-09 21:00:00,-7.92,0.0
1,2025-01-09 22:00:00,-7.89,25.7
1,2025-01-09 23:00:00,-8.12,0.0
1,2025-01-10 00:00:00,-8.66,0.0
1,2025-01-10 01:00:00,-10.55,0.0
1,2025-01-10 02:00:00,-8.62,0.0
1,2025-01-10 03:00:00,-9.58,9.77
1,2025-01-10 04:00:00,-6.51,22.88
1,2025-01-10 05:00:00,-7.37,0.0
1,2025-01-10 06:00:00,-7.9,6.33
1,2025-01-10 07:00:00,-5.68,43.75
1,2025-01-10 08:00:00,-2.94,85.05
1,2025-01-10 09:00:00,-1.8,77.25
1,2025-01-10 10:00:00,-0.54,123.39
1,2025-01-10 11:00:00,-2.36,126.16
1,2025-01-10 12:00:00,-2.75,87.39
1,2025-01-10 13:00:00,-1.35,118.92
1,2025-01-10 14:00:00,-0.2,79.33
1,2025-01-10 15:00:00,-3.03,96.99
1,2025-01-10 16:00:00,-3.4,31.96
1,2025-01-10 17:00:00,-2.98,41.39
1,2025-01-10 18:00:00,-5.83,0.0
1,2025-01-10 19:00:00,-3.85,0.0
1,2025-01-10 20:00:00,-5.2,0.0
1,2025-01-10 21:00:00,-7.42,9.42
1,2025-01-10 22:00:00,-8.63,25.88
1,2025-01-10 23:00:00,-9.44,0.0
1,2025-01-11 00:00:00,-10.02,0.0
1,2025-01-11 01:00:00,-8.84,13.4
1,2025-01-11 02:00:00,-10.02,26.33
1,2025-01-11 03:00:00,-10.03,23.78
1,2025-01-11 04:00:00,-6.48,0.0
1,2025-01-11 05:00:00,-7.26,0.0
1,2025-01-11 06:00:00,-5.93,0.0
1,2025-01-11 07:00:00,-3.57,29.94
1,2025-01-11 08:00:00,-5.91,65.75
1,2025-01-11 09:00:00,-1.8,54.28
1,2025-01-11 10:00:00,-4.06,69.26
1,2025-01-11 11:00:00,-0.38,111.56
1,2025-01-11 12:00:00,-1.89,127.66
1,2025-01-11 13:00:00,-2.13,121.59
1,2025-01-11 14:00:00,-1.67,115.21
1,2025-01-11 15:00:00,-0.99,51.39
1,2025-01-11 16:00:00,-2.34,69.89
1,2025-01-11 17:00:00,-4.18,35.95
1,2025-01-11 18:00:00,-2.33,0.0
1,2025-01-11 19:00:00,-3.06,0.0
1,2025-01-11 20:00:00,-7.64,28.16
1,2025-01-11 21:00:00,-7.48,26.72
1,2025-01-11 22:00:00,-9.81,0.0
1,2025-01-11 23:00:00,-7.0,0.0
1,2025-01-12 00:00:00,-7.62,17.2
1,2025-01-12 01:00:00,-9.25,25.78
1,2025-01-12 02:00:00,-8.65,3.26
1,2025-01-12 03:00:00,-8.42,0.0
1,2025-01-12 04:00:00,-8.05,0.0
1,2025-01-12 05:00:00,-6.97,0.0
1,2025-01-12 06:00:00,-4.42,20.8
1,2025-01-12 07:00:00,-5.14,48.87
1,2025-01-12 08:00:00,-4.13,38.92
1,2025-01-12 09:00:00,-4.06,65.95
1,2025-01-12 10:00:00,-2.47,120.53
1,2025-01-12 11:00:00,0.06,120.02
1,2025-01-12 12:00:00,-1.87,134.19
1,2025-01-12 13:00:00,-1.24,100.34
1,2025-01-12 14:00:00,0.59,108.1
1,2025-01-12 15:00:00,-2.82,66.0
1,2025-01-12 16:00:00,-0.19,76.5
1,2025-01-12 17:00:00,-0.99,56.22
1,2025-01-12 18:00:00,-2.12,0.0
1,2025-01-12 19:00:00,-3.72,0.0
1,2025-01-12 20:00:00,-7.83,0.0
1,2025-01-12 21:00:00,-6.95,0.3
1,2025-01-12 22:00:00,-9.02,0.0
1,2025-01-12 23:00:00,-9.23,0.0
1,2025-01-13 00:00:00,-8.58,0.71
1,2025-01-13 01:00:00,-7.66,12.16
1,2025-01-13 02:00:00,-10.56,0.0
1,2025-01-13 03:00:00,-8.39,5.6
1,2025-01-13 04:00:00,-9.12,0.0
1,2025-01-13 05:00:00,-5.53,0.0
1,2025-01-13 06:00:00,-7.3,0.0
1,2025-01-13 07:00:00,-4.46,47.39
1,2025-01-13 08:00:00,-3.14,53.7
1,2025-01-13 09:00:00,-3.18,105.6
1,2025-01-13 10:00:00,-1.2,79.03
1,2025-01-13 11:00:00,-1.77,136.15
1,2025-01-13 12:00:00,-1.54,126.11
1,2025-01-13 13:00:00,-2.01,88.45
1,2025-01-13 14:00:00,0.71,85.69
1,2025-01-13 15:00:00,-1.85,65.71
1,2025-01-13 16:00:00,-2.05,63.03
1,2025-01-13 17:00:00,-1.74,52.38
1,2025-01-13 18:00:00,-5.28,0.0
1,2025-01-13 19:00:00,-5.02,0.0
1,2025-01-13 20:00:00,-5.97,21.84
1,2025-01-13 21:00:00,-6.32,22.06
1,2025-01-13 22:00:00,-7.89,0.0
1,2025-01-13 23:00:00,-10.4,6.27
1,2025-01-14 00:00:00,-9.92,7.79
1,2025-01-14 01:00:00,-7.77,28.19
1,2025-01-14 02:00:00,-7.75,29.94
1,2025-01-14 03:00:00,-8.55,0.0
1,2025-01-14 04:00:00,-8.03,0.0
1,2025-01-14 05:00:00,-5.32,0.0
1,2025-01-14 06:00:00,-4.64,21.69
1,2025-01-14 07:00:00,-6.76,32.83
1,2025-01-14 08:00:00,-3.24,48.16
1,2025-01-14 09:00:00,-2.56,70.07
1,2025-01-14 10:00:00,-0.61,85.84
1,2025-01-14 11:00:00,-2.7,112.02
1,2025-01-14 12:00:00,-2.35,126.5
1,2025-01-14 13:00:00,-1.89,98.72
1,2025-01-14 14:00:00,-1.68,87.25
1,2025-01-14 15:00:00,0.51,101.97
1,2025-01-14 16:00:00,-0.42,59.93
1,2025-01-14 17:00:00,-1.64,4.41
1,2025-01-14 18:00:00,-2.71,11.09
1,2025-01-14 19:00:00,-5.88,18.5
1,2025-01-14 20:00:00,-7.18,0.0
1,2025-01-14 21:00:00,-6.07,0.0
1,2025-01-14 22:00:00,-5.87,16.85
1,2025-01-14 23:00:00,-8.31,0.0
1,2025-01-15 00:00:00,-10.01,0.0
1,2025-01-15 01:00:00,-7.61,0.0
1,2025-01-15 02:00:00,-7.6,13.83
1,2025-01-15 03:00:00,-9.22,5.62
1,2025-01-15 04:00:00,-8.82,0.0
1,2025-01-15 05:00:00,-6.26,0.0
1,2025-01-15 06:00:00,-4.76,0.0
1,2025-01-15 07:00:00,-5.65,42.51
1,2025-01-15 08:00:00,-2.32,76.81
1,2025-01-15 09:00:00,-4.18,68.1
1,2025-01-15 10:00:00,-1.05,134.8
1,2025-01-15 11:00:00,-0.59,127.65
1,2025-01-15 12:00:00,0.32,131.64
1,2025-01-15 13:00:00,-2.59,111.83
1,2025-01-15 14:00:00,-0.82,114.47
1,2025-01-15 15:00:00,-2.23,67.71
1,2025-01-15 16:00:00,-2.83,83.14
1,2025-01-15 17:00:00,-3.76,33.9
1,2025-01-15 18:00:00,-2.94,3.25
1,2025-01-15 19:00:00,-6.63,2.82
1,2025-01-15 20:00:00,-5.47,8.7
1,2025-01-15 21:00:00,-5.1,1.57
1,2025-01-15 22:00:00,-6.92,0.0
1,2025-01-15 23:00:00,-6.5,19.76
1,2025-01-16 00:00:00,-7.27,0.0
1,2025-01-16 01:00:00,-10.86,0.53
1,2025-01-16 02:00:00,-8.79,24.26
1,2025-01-16 03:00:00,-9.37,0.0
1,2025-01-16 04:00:00,-9.05,7.07
1,2025-01-16 05:00:00,-7.97,0.0
1,2025-01-16 06:00:00,-5.63,0.0
1,2025-01-16 07:00:00,-6.79,62.62
1,2025-01-16 08:00:00,-3.84,51.92
1,2025-01-16 09:00:00,-4.46,93.23
1,2025-01-16 10:00:00,-0.64,102.83
1,2025-01-16 11:00:00,-1.82,112.92
1,2025-01-16 12:00:00,-0.13,111.08
1,2025-01-16 13:00:00,0.12,136.71
1,2025-01-16 14:00:00,-1.9,93.75
1,2025-01-16 15:00:00,-2.53,86.62
1,2025-01-16 16:00:00,-1.67,66.03
1,2025-01-16 17:00:00,-4.68,61.12
1,2025-01-16 18:00:00,-1.98,0.0
1,2025-01-16 19:00:00,-3.08,6.65
1,2025-01-16 20:00:00,-6.13,0.0
1,2025-01-16 21:00:00,-8.07,25.2
1,2025-01-16 22:00:00,-8.26,0.0
1,2025-01-16 23:00:00,-7.27,0.0
1,2025-01-17 00:00:00,-9.86,0.98
1,2025-01-17 01:00:00,-8.38,21.31
1,2025-01-17 02:00:00,-7.67,0.0
1,2025-01-17 03:00:00,-8.68,0.41
1,2025-01-17 04:00:00,-7.59,0.0
1,2025-01-17 05:00:00,-8.7,12.71
1,2025-01-17 06:00:00,-4.92,0.0
1,2025-01-17 07:00:00,-6.7,6.22
1,2025-01-17 08:00:00,-5.3,86.02
1,2025-01-17 09:00:00,-1.85,83.33
1,2025-01-17 10:00:00,-3.81,104.69
1,2025-01-17 11:00:00,0.38,115.21
1,2025-01-17 12:00:00,-2.16,133.37
1,2025-01-17 13:00:00,-2.37,142.13
1,2025-01-17 14:00:00,-2.49,84.57
1,2025-01-17 15:00:00,-1.91,96.49
1,2025-01-17 16:00:00,-1.39,56.36
1,2025-01-17 17:00:00,-1.06,17.63
1,2025-01-17 18:00:00,-3.26,22.44
1,2025-01-17 19:00:00,-5.7,20.26
1,2025-01-17 20:00:00,-4.57,25.81
1,2025-01-17 21:00:00,-6.75,0.0
1,2025-01-17 22:00:00,-9.68,0.17
1,2025-01-17 23:00:00,-9.56,0.0
1,2025-01-18 00:00:00,-7.92,4.12
1,2025-01-18 01:00:00,-7.78,0.0
1,2025-01-18 02:00:00,-6.72,0.0
1,2025-01-18 03:00:00,-8.24,27.07
1,2025-01-18 04:00:00,-8.47,2.04
1,2025-01-18 05:00:00,-7.14,0.0
1,2025-01-18 06:00:00,-3.95,12.62
1,2025-01-18 07:00:00,-3.2,21.34
1,2025-01-18 08:00:00,-2.84,63.83
1,2025-01-18 09:00:00,-4.58,113.01
1,2025-01-18 10:00:00,-2.99,125.21
1,2025-01-18 11:00:00,-1.88,113.88
1,2025-01-18 12:00:00,0.75,127.69
1,2025-01-18 13:00:00,0.69,145.15
1,2025-01-18 14:00:00,-0.95,107.67
1,2025-01-18 15:00:00,-0.47,77.61
1,2025-01-18 16:00:00,-0.01,49.96
1,2025-01-18 17:00:00,-1.69,37.44
1,2025-01-18 18:00:00,-4.93,16.96
1,2025-01-18 19:00:00,-2.87,0.0
1,2025-01-18 20:00:00,-5.09,0.0
1,2025-01-18 21:00:00,-5.15,0.0
1,2025-01-18 22:00:00,-6.9,0.0
1,2025-01-18 23:00:00,-8.28,0.0
1,2025-01-19 00:00:00,-9.56,20.51
1,2025-01-19 01:00:00,-9.97,0.0
1,2025-01-19 02:00:00,-10.18,0.0
1,2025-01-19 03:00:00,-7.65,27.97
1,2025-01-19 04:00:00,-9.34,0.0
1,2025-01-19 05:00:00,-5.78,0.0
1,2025-01-19 06:00:00,-5.5,14.19
1,2025-01-19 07:00:00,-6.27,11.52
1,2025-01-19 08:00:00,-5.66,94.87
1,2025-01-19 09:00:00,-2.48,124.78
1,2025-01-19 10:00:00,-2.95,96.23
1,2025-01-19 11:00:00,-3.16,128.72
1,2025-01-19 12:00:00,0.87,132.0
1,2025-01-19 13:00:00,-0.66,144.84
1,2025-01-19 14:00:00,-2.52,95.52
1,2025-01-19 15:00:00,-2.98,79.05
1,2025-01-19 16:00:00,-1.68,88.49
1,2025-01-19 17:00:00,-2.91,30.33
1,2025-01-19 18:00:00,-2.42,0.0
1,2025-01-19 19:00:00,-5.41,22.17
1,2025-01-19 20:00:00,-4.84,0.0
1,2025-01-19 21:00:00,-6.5,24.87
1,2025-01-19 22:00:00,-7.22,5.44
1,2025-01-19 23:00:00,-10.19,0.0
1,2025-01-20 00:00:00,-7.21,0.0
1,2025-01-20 01:00:00,-7.63,16.08
1,2025-01-20 02:00:00,-7.04,0.0
1,2025-01-20 03:00:00,-9.99,0.0
1,2025-01-20 04:00:00,-8.87,13.98
1,2025-01-20 05:00:00,-8.39,0.0
1,2025-01-20 06:00:00,-3.91,0.0
1,2025-01-20 07:00:00,-3.59,27.64
1,2025-01-20 08:00:00,-2.91,91.54
1,2025-01-20 09:00:00,-2.4,95.48
1,2025-01-20 10:00:00,-1.89,107.95
1,2025-01-20 11:00:00,-0.37,150.34
1,2025-01-20 12:00:00,0.23,140.82
1,2025-01-20 13:00:00,-2.54,109.54
1,2025-01-20 14:00:00,-1.06,97.11
1,2025-01-20 15:00:00,-1.73,126.17
1,2025-01-20 16:00:00,-1.19,54.3
1,2025-01-20 17:00:00,-2.11,45.22
1,2025-01-20 18:00:00,-3.05,0.0
1,2025-01-20 19:00:00,-6.28,24.38
1,2025-01-20 20:00:00,-3.79,0.0
1,2025-01-20 21:00:00,-4.79,0.0
1,2025-01-20 22:00:00,-7.18,0.04
1,2025-01-20 23:00:00,-6.9,0.0
1,2025-01-21 00:00:00,-7.3,0.0
1,2025-01-21 01:00:00,-8.17,11.24
1,2025-01-21 02:00:00,-9.15,0.0
1,2025-01-21 03:00:00,-6.34,0.0
1,2025-01-21 04:00:00,-7.81,28.56
1,2025-01-21 05:00:00,-6.75,0.0
1,2025-01-21 06:00:00,-7.08,0.0
1,2025-01-21 07:00:00,-4.29,16.42
1,2025-01-21 08:00:00,-4.39,41.97
1,2025-01-21 09:00:00,-4.25,88.85
1,2025-01-21 10:00:00,-1.7,94.38
1,2025-01-21 11:00:00,0.76,148.87
1,2025-01-21 12:00:00,-0.06,131.69
1,2025-01-21 13:00:00,-0.53,117.51
1,2025-01-21 14:00:00,-0.46,137.09
1,2025-01-21 15:00:00,-1.64,127.65
1,2025-01-21 16:00:00,-2.73,82.39
1,2025-01-21 17:00:00,-3.82,30.55
1,2025-01-21 18:00:00,-4.19,2.95
1,2025-01-21 19:00:00,-4.16,0.0
1,2025-01-21 20:00:00,-5.31,12.18
1,2025-01-21 21:00:00,-7.48,0.0
1,2025-01-21 22:00:00,-8.01,0.0
1,2025-01-21 23:00:00,-9.12,5.2
1,2025-01-22 00:00:00,-9.97,0.0
1,2025-01-22 01:00:00,-10.56,0.0
1,2025-01-22 02:00:00,-8.69,0.0
1,2025-01-22 03:00:00,-7.78,0.0
1,2025-01-22 04:00:00,-7.24,6.36
1,2025-01-22 05:00:00,-6.12,21.76
1,2025-01-22 06:00:00,-3.73,0.0
1,2025-01-22 07:00:00,-6.11,56.44
1,2025-01-22 08:00:00,-2.62,102.34
1,2025-01-22 09:00:00,-2.89,102.67
1,2025-01-22 10:00:00,-2.41,127.32
1,2025-01-22 11:00:00,-0.1,153.13
1,2025-01-22 12:00:00,0.3,139.22
1,2025-01-22 13:00:00,-0.63,132.38
1,2025-01-22 14:00:00,0.12,104.74
1,2025-01-22 15:00:00,-0.26,90.84
1,2025-01-22 16:00:00,-1.13,66.12
1,2025-01-22 17:00:00,-3.27,17.45
1,2025-01-22 18:00:00,-4.11,21.75
1,2025-01-22 19:00:00,-4.64,0.0
1,2025-01-22 20:00:00,-7.39,0.0
1,2025-01-22 21:00:00,-6.28,19.28
1,2025-01-22 22:00:00,-8.48,0.0
1,2025-01-22 23:00:00,-6.93,0.0
1,2025-01-23 00:00:00,-6.53,0.0
1,2025-01-23 01:00:00,-10.19,0.0
1,2025-01-23 02:00:00,-9.74,0.0
1,2025-01-23 03:00:00,-9.38,0.0
1,2025-01-23 04:00:00,-9.37,20.68
1,2025-01-23 05:00:00,-5.93,18.74
1,2025-01-23 06:00:00,-4.16,0.0
1,2025-01-23 07:00:00,-2.59,21.22
1,2025-01-23 08:00:00,-4.91,96.46
1,2025-01-23 09:00:00,-2.75,86.67
1,2025-01-23 10:00:00,-2.25,153.77
1,2025-01-23 11:00:00,-2.37,136.38
1,2025-01-23 12:00:00,0.84,142.71
1,2025-01-23 13:00:00,-1.48,135.07
1,2025-01-23 14:00:00,-1.62,102.7
1,2025-01-23 15:00:00,-2.96,91.48
1,2025-01-23 16:00:00,-1.73,53.65
1,2025-01-23 17:00:00,-2.37,65.52
1,2025-01-23 18:00:00,-5.05,28.41
1,2025-01-23 19:00:00,-6.27,0.0
1,2025-01-23 20:00:00,-5.4,0.0
1,2025-01-23 21:00:00,-6.97,7.62
1,2025-01-23 22:00:00,-7.15,8.59
1,2025-01-23 23:00:00,-8.72,26.24
1,2025-01-24 00:00:00,-7.96,0.0
1,2025-01-24 01:00:00,-9.27,0.0
1,2025-01-24 02:00:00,-9.73,6.43
1,2025-01-24 03:00:00,-7.82,16.66
1,2025-01-24 04:00:00,-8.09,27.5
1,2025-01-24 05:00:00,-6.47,5.13
1,2025-01-24 06:00:00,-4.57,6.25
1,2025-01-24 07:00:00,-4.34,26.18
1,2025-01-24 08:00:00,-4.89,100.9
1,2025-01-24 09:00:00,-1.87,111.6
1,2025-01-24 10:00:00,0.2,105.49
1,2025-01-24 11:00:00,-2.74,120.99
1,2025-01-24 12:00:00,1.33,178.77
1,2025-01-24 13:00:00,-1.53,176.13
1,2025-01-24 14:00:00,-0.05,127.42
1,2025-01-24 15:00:00,-2.04,131.88
1,2025-01-24 16:00:00,-3.41,76.2
1,2025-01-24 17:00:00,-2.48,13.22
1,2025-01-24 18:00:00,-3.75,18.95
1,2025-01-24 19:00:00,-4.49,0.0
1,2025-01-24 20:00:00,-6.81,6.63
1,2025-01-24 21:00:00,-6.57,13.76
1,2025-01-24 22:00:00,-7.73,3.93
1,2025-01-24 23:00:00,-6.78,2.4
1,2025-01-25 00:00:00,-8.1,27.89
1,2025-01-25 01:00:00,-7.2,0.0
1,2025-01-25 02:00:00,-8.14,0.0
1,2025-01-25 03:00:00,-8.36,6.38
1,2025-01-25 04:00:00,-6.3,13.21
1,2025-01-25 05:00:00,-6.74,0.0
1,2025-01-25 06:00:00,-3.47,17.06
1,2025-01-25 07:00:00,-3.7,22.89
1,2025-01-25 08:00:00,-3.39,80.84
1,2025-01-25 09:00:00,-1.29,139.93
1,2025-01-25 10:00:00,-1.15,136.05
1,2025-01-25 11:00:00,-2.22,170.47
1,2025-01-25 12:00:00,-1.03,178.75
1,2025-01-25 13:00:00,-1.11,140.7
1,2025-01-25 14:00:00,0.88,153.14
1,2025-01-25 15:00:00,-2.34,109.43
1,2025-01-25 16:00:00,-2.17,62.5
1,2025-01-25 17:00:00,-3.24,32.69
1,2025-01-25 18:00:00,-5.23,24.15
1,2025-01-25 19:00:00,-2.49,0.0
1,2025-01-25 20:00:00,-5.56,0.0
1,2025-01-25 21:00:00,-6.83,18.12
1,2025-01-25 22:00:00,-7.15,15.75
1,2025-01-25 23:00:00,-9.53,4.07
1,2025-01-26 00:00:00,-8.79,0.0
1,2025-01-26 01:00:00,-7.07,21.38
1,2025-01-26 02:00:00,-10.12,0.0
1,2025-01-26 03:00:00,-9.48,0.0
1,2025-01-26 04:00:00,-8.03,0.0
1,2025-01-26 05:00:00,-6.76,0.0
1,2025-01-26 06:00:00,-5.13,0.0
1,2025-01-26 07:00:00,-5.41,62.3
1,2025-01-26 08:00:00,-1.95,102.72
1,2025-01-26 09:00:00,-4.14,128.83
1,2025-01-26 10:00:00,-3.26,112.18
1,2025-01-26 11:00:00,0.57,180.33
1,2025-01-26 12:00:00,0.33,155.21
1,2025-01-26 13:00:00,-2.11,169.84
1,2025-01-26 14:00:00,-1.95,158.75
1,2025-01-26 15:00:00,-0.82,98.3
1,2025-01-26 16:00:00,-2.8,84.31
1,2025-01-26 17:00:00,-2.59,43.16
1,2025-01-26 18:00:00,-4.63,10.08
1,2025-01-26 19:00:00,-4.47,0.0
1,2025-01-26 20:00:00,-5.67,0.0
1,2025-01-26 21:00:00,-6.93,0.0
1,2025-01-26 22:00:00,-5.88,22.82
1,2025-01-26 23:00:00,-8.19,17.77
1,2025-01-27 00:00:00,-8.23,0.0
1,2025-01-27 01:00:00,-7.33,0.0
1,2025-01-27 02:00:00,-9.0,10.68
1,2025-01-27 03:00:00,-7.98,0.0
1,2025-01-27 04:00:00,-5.38,26.37
1,2025-01-27 05:00:00,-7.87,24.06
1,2025-01-27 06:00:00,-5.54,0.0
1,2025-01-27 07:00:00,-2.46,60.71
1,2025-01-27 08:00:00,-1.29,88.74
1,2025-01-27 09:00:00,-4.2,100.36
1,2025-01-27 10:00:00,-2.76,150.85
1,2025-01-27 11:00:00,-0.16,139.44
1,2025-01-27 12:00:00,1.33,172.14
1,2025-01-27 13:00:00,-0.33,171.03
1,2025-01-27 14:00:00,-0.35,130.83
1,2025-01-27 15:00:00,0.58,146.07
1,2025-01-27 16:00:00,-0.06,71.51
1,2025-01-27 17:00:00,-0.6,15.76
1,2025-01-27 18:00:00,-3.82,0.0
1,2025-01-27 19:00:00,-6.14,29.95
1,2025-01-27 20:00:00,-4.93,22.25
1,2025-01-27 21:00:00,-7.74,0.0
1,2025-01-27 22:00:00,-7.87,0.0
1,2025-01-27 23:00:00,-6.48,19.35
1,2025-01-28 00:00:00,-7.04,0.0
1,2025-01-28 01:00:00,-7.47,17.48
1,2025-01-28 02:00:00,-9.05,10.69
1,2025-01-28 03:00:00,-9.46,13.78
1,2025-01-28 04:00:00,-6.9,0.0
1,2025-01-28 05:00:00,-5.82,4.43
1,2025-01-28 06:00:00,-5.26,0.0
1,2025-01-28 07:00:00,-5.01,39.93
1,2025-01-28 08:00:00,-3.85,103.15
1,2025-01-28 09:00:00,-2.19,102.51
1,2025-01-28 10:00:00,-1.78,158.33
1,2025-01-28 11:00:00,-0.06,168.9
1,2025-01-28 12:00:00,-1.7,160.64
1,2025-01-28 13:00:00,-0.68,185.47
1,2025-01-28 14:00:00,0.67,144.6
1,2025-01-28 15:00:00,-0.94,117.8
1,2025-01-28 16:00:00,-0.32,97.05
1,2025-01-28 17:00:00,-0.87,70.65
1,2025-01-28 18:00:00,-1.24,0.0
1,2025-01-28 19:00:00,-5.84,22.31
1,2025-01-28 20:00:00,-6.3,0.0
1,2025-01-28 21:00:00,-7.96,17.42
1,2025-01-28 22:00:00,-6.66,0.0
1,2025-01-28 23:00:00,-8.67,0.0
1,2025-01-29 00:00:00,-9.87,1.43
1,2025-01-29 01:00:00,-9.41,0.0
1,2025-01-29 02:00:00,-7.43,0.0
1,2025-01-29 03:00:00,-6.28,0.0
1,2025-01-29 04:00:00,-7.52,15.15
1,2025-01-29 05:00:00,-6.69,23.08
1,2025-01-29 06:00:00,-5.16,0.0
1,2025-01-29 07:00:00,-3.51,72.9
1,2025-01-29 08:00:00,-4.23,64.04
1,2025-01-29 09:00:00,-2.35,93.77
1,2025-01-29 10:00:00,0.2,173.0
1,2025-01-29 11:00:00,-2.39,155.04
1,2025-01-29 12:00:00,-1.96,144.94
1,2025-01-29 13:00:00,-1.45,173.78
1,2025-01-29 14:00:00,0.68,169.84
1,2025-01-29 15:00:00,-2.36,120.03
1,2025-01-29 16:00:00,-0.19,96.46
1,2025-01-29 17:00:00,-1.5,23.57
1,2025-01-29 18:00:00,-4.41,12.55
1,2025-01-29 19:00:00,-4.32,0.0
1,2025-01-29 20:00:00,-5.38,28.63
1,2025-01-29 21:00:00,-6.71,23.44
1,2025-01-29 22:00:00,-5.24,0.0
1,2025-01-29 23:00:00,-6.79,0.0
1,2025-01-30 00:00:00,-8.87,24.61
1,2025-01-30 01:00:00,-9.54,29.41
1,2025-01-30 02:00:00,-6.69,1.83
1,2025-01-30 03:00:00,-7.3,8.06
1,2025-01-30 04:00:00,-5.88,13.47
1,2025-01-30 05:00:00,-7.89,1.8
1,2025-01-30 06:00:00,-4.06,0.0
1,2025-01-30 07:00:00,-3.24,39.27
1,2025-01-30 08:00:00,-1.98,97.4
1,2025-01-30 09:00:00,-2.38,141.11
1,2025-01-30 10:00:00,0.24,178.72
1,2025-01-30 11:00:00,-1.04,167.29
1,2025-01-30 12:00:00,0.3,172.3
1,2025-01-30 13:00:00,0.8,176.47
1,2025-01-30 14:00:00,-0.27,127.11
1,2025-01-30 15:00:00,-2.08,107.39
1,2025-01-30 16:00:00,-0.14,59.01
1,2025-01-30 17:00:00,-3.77,30.94
1,2025-01-30 18:00:00,-4.71,0.0
1,2025-01-30 19:00:00,-2.74,16.71
1,2025-01-30 20:00:00,-3.18,0.0
1,2025-01-30 21:00:00,-7.9,4.08
1,2025-01-30 22:00:00,-7.67,20.45
1,2025-01-30 23:00:00,-6.98,0.0
1,2025-01-31 00:00:00,-8.23,0.0
1,2025-01-31 01:00:00,-9.44,11.06
1,2025-01-31 02:00:00,-9.56,10.46
1,2025-01-31 03:00:00,-6.43,4.38
1,2025-01-31 04:00:00,-5.62,3.38
1,2025-01-31 05:00:00,-6.9,0.0
1,2025-01-31 06:00:00,-4.2,10.67
1,2025-01-31 07:00:00,-3.49,56.1
1,2025-01-31 08:00:00,-1.44,69.69
1,2025-01-31 09:00:00,-0.54,123.79
1,2025-01-31 10:00:00,-0.38,161.03
1,2025-01-31 11:00:00,-1.85,187.13
1,2025-01-31 12:00:00,-0.37,196.57
1,2025-01-31 13:00:00,1.18,186.52
1,2025-01-31 14:00:00,-1.94,142.31
1,2025-01-31 15:00:00,1.54,140.11
1,2025-01-31 16:00:00,0.36,78.11
1,2025-01-31 17:00:00,-2.19,52.52
1,2025-01-31 18:00:00,-3.85,21.24
1,2025-01-31 19:00:00,-5.88,0.0
1,2025-01-31 20:00:00,-6.27,21.22
1,2025-01-31 21:00:00,-7.51,0.0
1,2025-01-31 22:00:00,-7.45,17.12
1,2025-01-31 23:00:00,-7.13,2.77
1,2025-02-01 00:00:00,-7.9,0.0
1,2025-02-01 01:00:00,-5.86,0.0
1,2025-02-01 02:00:00,-7.8,21.79
1,2025-02-01 03:00:00,-8.91,0.0
1,2025-02-01 04:00:00,-6.68,16.53
1,2025-02-01 05:00:00,-7.21,5.38
1,2025-02-01 06:00:00,-6.85,1.42
1,2025-02-01 07:00:00,-4.77,61.78
1,2025-02-01 08:00:00,-2.51,71.53
1,2025-02-01 09:00:00,-0.16,156.84
1,2025-02-01 10:00:00,0.45,154.74
1,2025-02-01 11:00:00,-2.16,170.76
1,2025-02-01 12:00:00,-0.85,208.92
1,2025-02-01 13:00:00,-1.19,155.46
1,2025-02-01 14:00:00,0.06,152.32
1,2025-02-01 15:00:00,1.34,149.71
1,2025-02-01 16:00:00,-2.54,73.74
1,2025-02-01 17:00:00,-3.42,18.87
1,2025-02-01 18:00:00,-2.3,0.0
1,2025-02-01 19:00:00,-5.01,2.9
1,2025-02-01 20:00:00,-5.54,0.0
1,2025-02-01 21:00:00,-7.67,0.0
1,2025-02-01 22:00:00,-8.03,0.0
1,2025-02-01 23:00:00,-8.95,0.0
1,2025-02-02 00:00:00,-8.9,7.56
1,2025-02-02 01:00:00,-6.11,0.83
1,2025-02-02 02:00:00,-8.96,0.0
1,2025-02-02 03:00:00,-6.69,0.0
1,2025-02-02 04:00:00,-5.77,25.7
1,2025-02-02 05:00:00,-4.74,23.48
1,2025-02-02 06:00:00,-5.23,4.64
1,2025-02-02 07:00:00,-2.9,30.15
1,2025-02-02 08:00:00,-2.95,98.06
1,2025-02-02 09:00:00,0.2,139.87
1,2025-02-02 10:00:00,0.01,149.41
1,2025-02-02 11:00:00,1.18,197.69
1,2025-02-02 12:00:00,-0.04,169.76
1,2025-02-02 13:00:00,-0.39,188.75
1,2025-02-02 14:00:00,-0.12,161.27
1,2025-02-02 15:00:00,1.11,105.47
1,2025-02-02 16:00:00,-1.51,66.2
1,2025-02-02 17:00:00,-0.78,77.95
1,2025-02-02 18:00:00,-3.47,0.0
1,2025-02-02 19:00:00,-3.09,0.0
1,2025-02-02 20:00:00,-5.68,0.0
1,2025-02-02 21:00:00,-6.87,5.15
1,2025-02-02 22:00:00,-7.77,0.0
1,2025-02-02 23:00:00,-6.25,24.37
1,2025-02-03 00:00:00,-9.13,0.0
1,2025-02-03 01:00:00,-7.97,7.16
1,2025-02-03 02:00:00,-5.75,0.0
1,2025-02-03 03:00:00,-5.52,0.0
1,2025-02-03 04:00:00,-7.03,16.88
1,2025-02-03 05:00:00,-7.39,0.0
1,2025-02-03 06:00:00,-4.83,8.25
1,2025-02-03 07:00:00,-5.07,26.48
1,2025-02-03 08:00:00,-1.44,98.82
1,2025-02-03 09:00:00,-2.5,136.42
1,2025-02-03 10:00:00,0.81,187.23
1,2025-02-03 11:00:00,0.68,167.44
1,2025-02-03 12:00:00,-1.43,218.58
1,2025-02-03 13:00:00,1.97,205.59
1,2025-02-03 14:00:00,1.46,171.61
1,2025-02-03 15:00:00,1.38,164.02
1,2025-02-03 16:00:00,-1.2,89.28
1,2025-02-03 17:00:00,-0.78,20.83
1,2025-02-03 18:00:00,-1.25,0.9
1,2025-02-03 19:00:00,-4.07,0.0
1,2025-02-03 20:00:00,-5.32,25.72
1,2025-02-03 21:00:00,-4.99,18.05
1,2025-02-03 22:00:00,-6.45,0.0
1,2025-02-03 23:00:00,-5.85,13.92
1,2025-02-04 00:00:00,-8.68,0.0
1,2025-02-04 01:00:00,-8.68,20.12
1,2025-02-04 02:00:00,-7.39,0.0
1,2025-02-04 03:00:00,-5.08,0.0
1,2025-02-04 04:00:00,-7.71,0.0
1,2025-02-04 05:00:00,-4.93,0.0
1,2025-02-04 06:00:00,-4.69,6.31
1,2025-02-04 07:00:00,-1.68,49.33
1,2025-02-04 08:00:00,-0.89,74.81
1,2025-02-04 09:00:00,-2.34,159.18
1,2025-02-04 10:00:00,-1.7,164.36
1,2025-02-04 11:00:00,1.95,181.03
1,2025-02-04 12:00:00,2.04,226.79
1,2025-02-04 13:00:00,-0.06,199.17
1,2025-02-04 14:00:00,-0.43,183.28
1,2025-02-04 15:00:00,-1.32,158.74
1,2025-02-04 16:00:00,-2.48,114.17
1,2025-02-04 17:00:00,-0.67,67.09
1,2025-02-04 18:00:00,-2.32,25.7
1,2025-02-04 19:00:00,-2.04,21.04
1,2025-02-04 20:00:00,-5.25,0.0
1,2025-02-04 21:00:00,-5.38,16.92
1,2025-02-04 22:00:00,-6.55,21.17
1,2025-02-04 23:00:00,-5.16,24.63
1,2025-02-05 00:00:00,-7.08,0.0
1,2025-02-05 01:00:00,-7.41,11.69
1,2025-02-05 02:00:00,-5.49,0.0
1,2025-02-05 03:00:00,-6.97,29.77
1,2025-02-05 04:00:00,-7.4,0.0
1,2025-02-05 05:00:00,-6.48,0.0
1,2025-02-05 06:00:00,-5.46,1.83
1,2025-02-05 07:00:00,-4.71,27.89
1,2025-02-05 08:00:00,-2.53,127.41
1,2025-02-05 09:00:00,0.22,174.47
1,2025-02-05 10:00:00,-2.4,167.24
1,2025-02-05 11:00:00,1.24,207.24
1,2025-02-05 12:00:00,-0.8,197.01
1,2025-02-05 13:00:00,0.43,210.89
1,2025-02-05 14:00:00,-1.42,186.52
1,2025-02-05 15:00:00,1.41,137.93
1,2025-02-05 16:00:00,-0.27,96.65
1,2025-02-05 17:00:00,-1.25,68.55
1,2025-02-05 18:00:00,-2.07,1.07
1,2025-02-05 19:00:00,-1.79,0.0
1,2025-02-05 20:00:00,-2.76,0.32
1,2025-02-05 21:00:00,-5.38,0.0
1,2025-02-05 22:00:00,-7.84,0.0
1,2025-02-05 23:00:00,-8.34,10.79
1,2025-02-06 00:00:00,-5.81,26.15
1,2025-02-06 01:00:00,-8.88,0.0
1,2025-02-06 02:00:00,-7.11,27.53
1,2025-02-06 03:00:00,-8.01,12.96
1,2025-02-06 04:00:00,-4.38,0.0
1,2025-02-06 05:00:00,-6.4,3.02
1,2025-02-06 06:00:00,-3.73,0.0
1,2025-02-06 07:00:00,-2.78,72.17
1,2025-02-06 08:00:00,-2.3,82.77
1,2025-02-06 09:00:00,-1.56,170.31
1,2025-02-06 10:00:00,-1.11,163.05
1,2025-02-06 11:00:00,-0.63,227.52
1,2025-02-06 12:00:00,-0.61,194.63
1,2025-02-06 13:00:00,-0.66,188.95
1,2025-02-06 14:00:00,0.1,204.98
1,2025-02-06 15:00:00,1.86,132.75
1,2025-02-06 16:00:00,0.13,75.18
1,2025-02-06 17:00:00,0.72,65.79
1,2025-02-06 18:00:00,-3.92,20.29
1,2025-02-06 19:00:00,-4.14,24.97
1,2025-02-06 20:00:00,-3.63,0.0
1,2025-02-06 21:00:00,-6.45,0.0
1,2025-02-06 22:00:00,-8.04,0.0
1,2025-02-06 23:00:00,-5.3,0.32
1,2025-02-07 00:00:00,-5.8,0.0
1,2025-02-07 01:00:00,-6.92,0.0
1,2025-02-07 02:00:00,-6.93,6.91
1,2025-02-07 03:00:00,-5.27,7.61
1,2025-02-07 04:00:00,-5.91,26.97
1,2025-02-07 05:00:00,-4.94,0.0
1,2025-02-07 06:00:00,-4.84,12.46
1,2025-02-07 07:00:00,-5.07,63.18
1,2025-02-07 08:00:00,-2.73,94.47
1,2025-02-07 09:00:00,-0.24,180.55
1,2025-02-07 10:00:00,-1.21,202.66
1,2025-02-07 11:00:00,1.77,198.88
1,2025-02-07 12:00:00,-0.22,215.54
1,2025-02-07 13:00:00,2.67,201.63
1,2025-02-07 14:00:00,2.07,180.29
1,2025-02-07 15:00:00,-1.17,177.11
1,2025-02-07 16:00:00,0.08,81.71
1,2025-02-07 17:00:00,-1.79,28.68
1,2025-02-07 18:00:00,-1.71,24.63
1,2025-02-07 19:00:00,-3.36,6.71
1,2025-02-07 20:00:00,-3.06,7.88
1,2025-02-07 21:00:00,-6.54,28.82
1,2025-02-07 22:00:00,-4.77,0.0
1,2025-02-07 23:00:00,-5.25,5.19
1,2025-02-08 00:00:00,-5.83,0.0
1,2025-02-08 01:00:00,-6.6,20.57
1,2025-02-08 02:00:00,-8.72,0.0
1,2025-02-08 03:00:00,-5.39,0.0
1,2025-02-08 04:00:00,-7.73,29.94
1,2025-02-08 05:00:00,-3.06,0.0
1,2025-02-08 06:00:00,-4.03,0.0
1,2025-02-08 07:00:00,-3.74,58.32
1,2025-02-08 08:00:00,-1.07,89.66
1,2025-02-08 09:00:00,-1.84,165.5
1,2025-02-08 10:00:00,0.55,193.88
1,2025-02-08 11:00:00,-0.66,199.93
1,2025-02-08 12:00:00,-0.47,197.77
1,2025-02-08 13:00:00,0.9,232.97
1,2025-02-08 14:00:00,0.86,169.18
1,2025-02-08 15:00:00,1.12,154.73
1,2025-02-08 16:00:00,0.73,96.59
1,2025-02-08 17:00:00,0.92,79.81
1,2025-02-08 18:00:00,-2.04,0.0
1,2025-02-08 19:00:00,-3.76,0.0
1,2025-02-08 20:00:00,-3.49,0.0
1,2025-02-08 21:00:00,-5.66,22.14
1,2025-02-08 22:00:00,-7.83,19.48
1,2025-02-08 23:00:00,-6.4,22.72
1,2025-02-09 00:00:00,-8.5,11.65
1,2025-02-09 01:00:00,-5.49,4.98
1,2025-02-09 02:00:00,-7.65,6.55
1,2025-02-09 03:00:00,-4.59,0.0
1,2025-02-09 04:00:00,-7.31,21.32
1,2025-02-09 05:00:00,-3.04,26.95
1,2025-02-09 06:00:00,-3.64,18.37
1,2025-02-09 07:00:00,-1.11,49.11
1,2025-02-09 08:00:00,-2.09,121.91
1,2025-02-09 09:00:00,-1.46,179.61
1,2025-02-09 10:00:00,-0.85,175.93
1,2025-02-09 11:00:00,-0.07,204.07
1,2025-02-09 12:00:00,1.15,245.84
1,2025-02-09 13:00:00,-0.2,211.59
1,2025-02-09 14:00:00,2.37,175.88
1,2025-02-09 15:00:00,1.66,157.68
1,2025-02-09 16:00:00,-1.94,83.28
1,2025-02-09 17:00:00,-1.37,59.06
1,2025-02-09 18:00:00,-3.82,0.0
1,2025-02-09 19:00:00,-3.16,5.22
1,2025-02-09 20:00:00,-5.57,0.0
1,2025-02-09 21:00:00,-3.29,0.0
1,2025-02-09 22:00:00,-5.1,0.59
1,2025-02-09 23:00:00,-6.22,24.9
1,2025-02-10 00:00:00,-8.04,18.37
1,2025-02-10 01:00:00,-5.74,0.0
1,2025-02-10 02:00:00,-5.71,0.0
1,2025-02-10 03:00:00,-6.06,0.0
1,2025-02-10 04:00:00,-4.34,0.0
1,2025-02-10 05:00:00,-5.25,0.0
1,2025-02-10 06:00:00,-2.51,0.0
1,2025-02-10 07:00:00,-2.77,77.34
1,2025-02-10 08:00:00,-0.88,132.24
1,2025-02-10 09:00:00,-1.35,166.87
1,2025-02-10 10:00:00,1.82,227.73
1,2025-02-10 11:00:00,0.36,227.22
1,2025-02-10 12:00:00,1.56,241.49
1,2025-02-10 13:00:00,3.23,241.22
1,2025-02-10 14:00:00,0.48,194.27
1,2025-02-10 15:00:00,1.58,138.78
1,2025-02-10 16:00:00,0.99,130.64
1,2025-02-10 17:00:00,-0.36,71.86
1,2025-02-10 18:00:00,-0.87,0.0
1,2025-02-10 19:00:00,-3.74,5.92
1,2025-02-10 20:00:00,-2.46,23.27
1,2025-02-10 21:00:00,-2.87,0.0
1,2025-02-10 22:00:00,-6.86,27.57
1,2025-02-10 23:00:00,-5.16,29.78
1,2025-02-11 00:00:00,-5.62,0.0
1,2025-02-11 01:00:00,-5.29,0.0
1,2025-02-11 02:00:00,-7.72,0.0
1,2025-02-11 03:00:00,-5.6,24.44
1,2025-02-11 04:00:00,-4.19,14.1
1,2025-02-11 05:00:00,-6.04,0.0
1,2025-02-11 06:00:00,-2.64,5.76
1,2025-02-11 07:00:00,-2.52,34.9
1,2025-02-11 08:00:00,-0.73,142.8
1,2025-02-11 09:00:00,1.24,181.89
1,2025-02-11 10:00:00,0.71,181.05
1,2025-02-11 11:00:00,2.82,199.79
1,2025-02-11 12:00:00,0.53,215.85
1,2025-02-11 13:00:00,0.65,242.45
1,2025-02-11 14:00:00,0.31,195.8
1,2025-02-11 15:00:00,2.37,158.89
1,2025-02-11 16:00:00,2.1,117.79
1,2025-02-11 17:00:00,-2.24,34.92
1,2025-02-11 18:00:00,0.29,0.0
1,2025-02-11 19:00:00,-4.51,0.89
1,2025-02-11 20:00:00,-3.49,0.0
1,2025-02-11 21:00:00,-3.71,0.0
1,2025-02-11 22:00:00,-4.02,2.45
1,2025-02-11 23:00:00,-6.15,20.5
1,2025-02-12 00:00:00,-6.71,23.14
1,2025-02-12 01:00:00,-5.33,0.0
1,2025-02-12 02:00:00,-4.84,15.73
1,2025-02-12 03:00:00,-4.43,0.0
1,2025-02-12 04:00:00,-6.47,21.45
1,2025-02-12 05:00:00,-4.41,21.25
1,2025-02-12 06:00:00,-1.79,12.81
1,2025-02-12 07:00:00,-3.89,44.56
1,2025-02-12 08:00:00,-0.64,137.56
1,2025-02-12 09:00:00,-1.76,189.33
1,2025-02-12 10:00:00,2.1,182.39
1,2025-02-12 11:00:00,2.88,215.12
1,2025-02-12 12:00:00,-0.39,240.64
1,2025-02-12 13:00:00,3.3,245.51
1,2025-02-12 14:00:00,-0.42,232.2
1,2025-02-12 15:00:00,1.13,151.41
1,2025-02-12 16:00:00,-0.9,143.97
1,2025-02-12 17:00:00,-1.04,81.94
1,2025-02-12 18:00:00,-1.98,0.0
1,2025-02-12 19:00:00,-0.75,18.22
1,2025-02-12 20:00:00,-4.35,13.4
1,2025-02-12 21:00:00,-2.76,0.0
1,2025-02-12 22:00:00,-5.12,0.0
1,2025-02-12 23:00:00,-6.78,29.65
1,2025-02-13 00:00:00,-6.51,0.0
1,2025-02-13 01:00:00,-6.57,15.77
1,2025-02-13 02:00:00,-6.21,0.0
1,2025-02-13 03:00:00,-4.45,0.0
1,2025-02-13 04:00:00,-4.28,28.31
1,2025-02-13 05:00:00,-5.36,0.0
1,2025-02-13 06:00:00,-3.53,0.71
1,2025-02-13 07:00:00,-1.06,43.03
1,2025-02-13 08:00:00,0.63,126.08
1,2025-02-13 09:00:00,-1.89,169.3
1,2025-02-13 10:00:00,0.12,183.88
1,2025-02-13 11:00:00,-0.81,247.64
1,2025-02-13 12:00:00,2.82,235.81
1,2025-02-13 13:00:00,0.31,219.28
1,2025-02-13 14:00:00,0.3,212.63
1,2025-02-13 15:00:00,0.3,198.74
1,2025-02-13 16:00:00,0.79,151.95
1,2025-02-13 17:00:00,0.1,92.21
1,2025-02-13 18:00:00,-1.92,0.0
1,2025-02-13 19:00:00,-1.39,0.0
1,2025-02-13 20:00:00,-3.05,8.42
1,2025-02-13 21:00:00,-4.14,7.24
1,2025-02-13 22:00:00,-3.36,0.0
1,2025-02-13 23:00:00,-7.02,15.83
1,2025-02-14 00:00:00,-7.84,27.3
1,2025-02-14 01:00:00,-5.0,0.0
1,2025-02-14 02:00:00,-6.98,24.9
1,2025-02-14 03:00:00,-5.76,0.0
1,2025-02-14 04:00:00,-3.45,0.0
1,2025-02-14 05:00:00,-4.4,0.0
1,2025-02-14 06:00:00,-4.3,0.0
1,2025-02-14 07:00:00,-1.9,56.02
1,2025-02-14 08:00:00,-2.04,149.09
1,2025-02-14 09:00:00,-1.07,164.64
1,2025-02-14 10:00:00,-0.97,198.57
1,2025-02-14 11:00:00,1.41,244.04
1,2025-02-14 12:00:00,2.02,243.11
1,2025-02-14 13:00:00,1.25,251.13
1,2025-02-14 14:00:00,-0.09,192.35
1,2025-02-14 15:00:00,2.06,171.67
1,2025-02-14 16:00:00,0.6,146.5
1,2025-02-14 17:00:00,-0.03,66.87
1,2025-02-14 18:00:00,-3.11,0.0
1,2025-02-14 19:00:00,-2.0,0.0
1,2025-02-14 20:00:00,-3.42,14.27
1,2025-02-14 21:00:00,-3.94,3.03
1,2025-02-14 22:00:00,-5.67,0.0
1,2025-02-14 23:00:00,-7.27,0.0
1,2025-02-15 00:00:00,-5.44,15.36
1,2025-02-15 01:00:00,-5.14,0.0
1,2025-02-15 02:00:00,-5.73,0.0
1,2025-02-15 03:00:00,-6.52,0.0
1,2025-02-15 04:00:00,-3.55,8.09
1,2025-02-15 05:00:00,-2.43,0.0
1,2025-02-15 06:00:00,-1.79,0.0
1,2025-02-15 07:00:00,-3.92,49.13
1,2025-02-15 08:00:00,-0.84,123.48
1,2025-02-15 09:00:00,0.55,175.35
1,2025-02-15 10:00:00,2.79,205.57
1,2025-02-15 11:00:00,2.79,243.47
1,2025-02-15 12:00:00,2.02,257.34
1,2025-02-15 13:00:00,2.78,274.48
1,2025-02-15 14:00:00,1.55,218.67
1,2025-02-15 15:00:00,-0.42,201.5
1,2025-02-15 16:00:00,0.51,121.64
1,2025-02-15 17:00:00,0.4,92.41
1,2025-02-15 18:00:00,-2.52,0.0
1,2025-02-15 19:00:00,-3.27,0.0
1,2025-02-15 20:00:00,-2.87,9.53
1,2025-02-15 21:00:00,-5.91,0.0
1,2025-02-15 22:00:00,-3.99,8.53
1,2025-02-15 23:00:00,-7.11,17.47
1,2025-02-16 00:00:00,-5.86,0.0
1,2025-02-16 01:00:00,-4.39,0.0
1,2025-02-16 02:00:00,-3.81,0.0
1,2025-02-16 03:00:00,-6.16,0.0
1,2025-02-16 04:00:00,-6.39,0.0
1,2025-02-16 05:00:00,-4.76,27.93
1,2025-02-16 06:00:00,-4.88,1.96
1,2025-02-16 07:00:00,-3.46,79.62
1,2025-02-16 08:00:00,0.59,120.3
1,2025-02-16 09:00:00,-1.39,196.44
1,2025-02-16 10:00:00,-0.2,212.63
1,2025-02-16 11:00:00,3.56,230.33
1,2025-02-16 12:00:00,3.75,281.64
1,2025-02-16 13:00:00,2.93,271.63
1,2025-02-16 14:00:00,3.52,234.98
1,2025-02-16 15:00:00,0.1,212.42
1,2025-02-16 16:00:00,1.93,130.71
1,2025-02-16 17:00:00,0.85,74.85
1,2025-02-16 18:00:00,-1.56,23.99
1,2025-02-16 19:00:00,0.0,2.22
1,2025-02-16 20:00:00,-1.03,0.0
1,2025-02-16 21:00:00,-3.06,15.8
1,2025-02-16 22:00:00,-6.12,0.0
1,2025-02-16 23:00:00,-4.08,0.0
1,2025-02-17 00:00:00,-4.32,29.79
1,2025-02-17 01:00:00,-6.89,6.5
1,2025-02-17 02:00:00,-4.07,2.37
1,2025-02-17 03:00:00,-5.45,0.0
1,2025-02-17 04:00:00,-4.89,12.18
1,2025-02-17 05:00:00,-1.86,20.27
1,2025-02-17 06:00:00,-1.85,18.18
1,2025-02-17 07:00:00,0.28,70.8
1,2025-02-17 08:00:00,-0.64,159.02
1,2025-02-17 09:00:00,0.2,176.57
1,2025-02-17 10:00:00,0.03,205.52
1,2025-02-17 11:00:00,0.15,246.88
1,2025-02-17 12:00:00,2.65,248.81
1,2025-02-17 13:00:00,2.97,267.56
1,2025-02-17 14:00:00,1.62,205.17
1,2025-02-17 15:00:00,1.99,177.98
1,2025-02-17 16:00:00,0.46,136.22
1,2025-02-17 17:00:00,-0.64,73.29
1,2025-02-17 18:00:00,-2.11,0.0
1,2025-02-17 19:00:00,-0.75,22.83
1,2025-02-17 20:00:00,-3.47,11.44
1,2025-02-17 21:00:00,-4.27,29.58
1,2025-02-17 22:00:00,-4.59,0.0
1,2025-02-17 23:00:00,-6.99,18.78
1,2025-02-18 00:00:00,-5.69,10.67
1,2025-02-18 01:00:00,-4.49,0.0
1,2025-02-18 02:00:00,-5.73,0.0
1,2025-02-18 03:00:00,-6.6,4.03
1,2025-02-18 04:00:00,-2.46,0.0
1,2025-02-18 05:00:00,-3.0,0.94
1,2025-02-18 06:00:00,-3.01,0.0
1,2025-02-18 07:00:00,-1.22,94.14
1,2025-02-18 08:00:00,-0.15,123.58
1,2025-02-18 09:00:00,1.23,185.47
1,2025-02-18 10:00:00,2.29,213.39
1,2025-02-18 11:00:00,0.42,269.19
1,2025-02-18 12:00:00,3.18,269.79
1,2025-02-18 13:00:00,1.71,245.1
1,2025-02-18 14:00:00,3.52,231.98
1,2025-02-18 15:00:00,1.22,186.57
1,2025-02-18 16:00:00,2.71,134.8
1,2025-02-18 17:00:00,-1.16,87.75
1,2025-02-18 18:00:00,0.48,0.0
1,2025-02-18 19:00:00,-0.88,3.76
1,2025-02-18 20:00:00,-2.01,0.0
1,2025-02-18 21:00:00,-5.45,19.97
1,2025-02-18 22:00:00,-6.08,24.24
1,2025-02-18 23:00:00,-5.43,0.0
1,2025-02-19 00:00:00,-4.05,0.0
1,2025-02-19 01:00:00,-7.06,19.82
1,2025-02-19 02:00:00,-6.97,18.42
1,2025-02-19 03:00:00,-3.23,0.0
1,2025-02-19 04:00:00,-4.45,0.0
1,2025-02-19 05:00:00,-3.07,0.0
1,2025-02-19 06:00:00,-1.29,0.0
1,2025-02-19 07:00:00,-0.39,96.51
1,2025-02-19 08:00:00,0.47,118.06
1,2025-02-19 09:00:00,0.68,204.74
1,2025-02-19 10:00:00,0.05,211.51
1,2025-02-19 11:00:00,3.15,244.52
1,2025-02-19 12:00:00,3.46,288.84
1,2025-02-19 13:00:00,2.34,277.03
1,2025-02-19 14:00:00,3.09,265.71
1,2025-02-19 15:00:00,0.31,215.77
1,2025-02-19 16:00:00,2.97,113.91
1,2025-02-19 17:00:00,-0.61,50.51
1,2025-02-19 18:00:00,1.13,12.42
1,2025-02-19 19:00:00,-1.94,29.43
1,2025-02-19 20:00:00,-1.55,16.76
1,2025-02-19 21:00:00,-2.42,27.46
1,2025-02-19 22:00:00,-3.16,1.32
1,2025-02-19 23:00:00,-3.89,0.0
1,2025-02-20 00:00:00,-6.99,10.69
1,2025-02-20 01:00:00,-7.1,0.0
1,2025-02-20 02:00:00,-5.16,24.17
1,2025-02-20 03:00:00,-3.63,28.32
1,2025-02-20 04:00:00,-3.92,17.63
1,2025-02-20 05:00:00,-1.65,2.12
1,2025-02-20 06:00:00,-3.21,28.91
1,2025-02-20 07:00:00,-3.11,102.94
1,2025-02-20 08:00:00,1.44,127.46
1,2025-02-20 09:00:00,-0.61,224.25
1,2025-02-20 10:00:00,0.32,248.76
1,2025-02-20 11:00:00,1.77,271.88
1,2025-02-20 12:00:00,3.04,255.1
1,2025-02-20 13:00:00,3.02,288.54
1,2025-02-20 14:00:00,2.47,228.05
1,2025-02-20 15:00:00,1.22,175.42
1,2025-02-20 16:00:00,0.87,147.44
1,2025-02-20 17:00:00,1.82,84.59
1,2025-02-20 18:00:00,1.58,0.0
1,2025-02-20 19:00:00,-0.99,26.71
1,2025-02-20 20:00:00,-1.34,29.93
1,2025-02-20 21:00:00,-3.5,18.25
1,2025-02-20 22:00:00,-4.94,20.83
1,2025-02-20 23:00:00,-4.36,23.76
1,2025-02-21 00:00:00,-4.32,0.0
1,2025-02-21 01:00:00,-3.24,0.0
1,2025-02-21 02:00:00,-5.53,0.0
1,2025-02-21 03:00:00,-4.93,0.0
1,2025-02-21 04:00:00,-5.13,0.0
1,2025-02-21 05:00:00,-2.68,0.0
1,2025-02-21 06:00:00,-0.75,6.01
1,2025-02-21 07:00:00,-0.7,92.42
1,2025-02-21 08:00:00,0.82,145.07
1,2025-02-21 09:00:00,-0.05,217.92
1,2025-02-21 10:00:00,-0.03,280.01
1,2025-02-21 11:00:00,0.79,261.34
1,2025-02-21 12:00:00,1.45,283.87
1,2025-02-21 13:00:00,2.33,274.59
1,2025-02-21 14:00:00,2.25,262.67
1,2025-02-21 15:00:00,2.56,190.99
1,2025-02-21 16:00:00,2.88,119.83
1,2025-02-21 17:00:00,-0.03,91.48
1,2025-02-21 18:00:00,1.22,0.0
1,2025-02-21 19:00:00,-0.17,13.32
1,2025-02-21 20:00:00,-1.32,26.8
1,2025-02-21 21:00:00,-4.33,12.0
1,2025-02-21 22:00:00,-3.54,0.0
1,2025-02-21 23:00:00,-2.52,20.32
1,2025-02-22 00:00:00,-5.07,0.0
1,2025-02-22 01:00:00,-4.95,4.71
1,2025-02-22 02:00:00,-5.39,29.65
1,2025-02-22 03:00:00,-5.47,0.0
1,2025-02-22 04:00:00,-4.65,2.67
1,2025-02-22 05:00:00,-3.81,28.67
1,2025-02-22 06:00:00,-0.94,4.45
1,2025-02-22 07:00:00,0.33,83.43
1,2025-02-22 08:00:00,-0.96,136.37
1,2025-02-22 09:00:00,2.74,209.28
1,2025-02-22 10:00:00,3.76,227.95
1,2025-02-22 11:00:00,3.91,277.81
1,2025-02-22 12:00:00,1.75,323.28
1,2025-02-22 13:00:00,1.31,309.27
1,2025-02-22 14:00:00,3.65,284.29
1,2025-02-22 15:00:00,0.67,191.77
1,2025-02-22 16:00:00,2.43,131.48
1,2025-02-22 17:00:00,2.01,68.03
1,2025-02-22 18:00:00,2.11,13.29
1,2025-02-22 19:00:00,-1.69,0.0
1,2025-02-22 20:00:00,-2.39,0.0
1,2025-02-22 21:00:00,-3.06,23.87
1,2025-02-22 22:00:00,-3.57,7.81
1,2025-02-22 23:00:00,-3.54,0.0
1,2025-02-23 00:00:00,-3.59,0.0
1,2025-02-23 01:00:00,-4.22,29.52
1,2025-02-23 02:00:00,-3.22,22.25
1,2025-02-23 03:00:00,-5.15,15.12
1,2025-02-23 04:00:00,-4.53,17.54
1,2025-02-23 05:00:00,-1.77,21.32
1,2025-02-23 06:00:00,-2.66,5.95
1,2025-02-23 07:00:00,0.82,73.34
1,2025-02-23 08:00:00,-0.45,135.65
1,2025-02-23 09:00:00,-0.17,189.31
1,2025-02-23 10:00:00,0.72,249.93
1,2025-02-23 11:00:00,2.45,265.81
1,2025-02-23 12:00:00,2.01,331.31
1,2025-02-23 13:00:00,4.28,275.28
1,2025-02-23 14:00:00,4.59,239.83
1,2025-02-23 15:00:00,3.37,214.44
1,2025-02-23 16:00:00,2.6,132.35
1,2025-02-23 17:00:00,3.22,101.64
1,2025-02-23 18:00:00,0.94,1.02
1,2025-02-23 19:00:00,-1.58,7.63
1,2025-02-23 20:00:00,-0.49,0.0
1,2025-02-23 21:00:00,-3.85,18.04
1,2025-02-23 22:00:00,-2.2,1.67
1,2025-02-23 23:00:00,-5.76,0.0
1,2025-02-24 00:00:00,-5.8,0.0
1,2025-02-24 01:00:00,-5.13,0.0
1,2025-02-24 02:00:00,-3.05,0.0
1,2025-02-24 03:00:00,-5.82,0.0
1,2025-02-24 04:00:00,-3.88,9.42
1,2025-02-24 05:00:00,-0.98,0.0
1,2025-02-24 06:00:00,-2.21,11.48
1,2025-02-24 07:00:00,-1.21,106.79
1,2025-02-24 08:00:00,0.44,159.71
1,2025-02-24 09:00:00,1.76,235.46
1,2025-02-24 10:00:00,2.9,293.3
1,2025-02-24 11:00:00,4.28,294.21
1,2025-02-24 12:00:00,2.33,332.49
1,2025-02-24 13:00:00,3.54,311.56
1,2025-02-24 14:00:00,1.76,278.5
1,2025-02-24 15:00:00,1.55,219.84
1,2025-02-24 16:00:00,4.11,130.9
1,2025-02-24 17:00:00,0.51,106.57
1,2025-02-24 18:00:00,-1.09,0.0
1,2025-02-24 19:00:00,-0.82,15.24
1,2025-02-24 20:00:00,-1.06,0.0
1,2025-02-24 21:00:00,-3.75,0.0
1,2025-02-24 22:00:00,-1.85,0.0
1,2025-02-24 23:00:00,-4.24,13.3
1,2025-02-25 00:00:00,-4.69,0.0
1,2025-02-25 01:00:00,-5.61,5.74
1,2025-02-25 02:00:00,-3.75,10.49
1,2025-02-25 03:00:00,-3.22,0.0
1,2025-02-25 04:00:00,-1.19,0.0
1,2025-02-25 05:00:00,-1.05,29.36
1,2025-02-25 06:00:00,-0.35,0.0
1,2025-02-25 07:00:00,-1.09,67.43
1,2025-02-25 08:00:00,1.02,185.75
1,2025-02-25 09:00:00,1.51,213.74
1,2025-02-25 10:00:00,1.85,286.52
1,2025-02-25 11:00:00,4.85,311.49
1,2025-02-25 12:00:00,2.92,321.01
1,2025-02-25 13:00:00,4.53,295.87
1,2025-02-25 14:00:00,4.09,275.99
1,2025-02-25 15:00:00,2.0,198.38
1,2025-02-25 16:00:00,2.34,129.93
1,2025-02-25 17:00:00,-0.11,62.34
1,2025-02-25 18:00:00,-0.12,4.09
1,2025-02-25 19:00:00,0.16,0.0
1,2025-02-25 20:00:00,-2.8,0.0
1,2025-02-25 21:00:00,-0.84,29.91
1,2025-02-25 22:00:00,-4.96,8.16
1,2025-02-25 23:00:00,-5.71,2.02
1,2025-02-26 00:00:00,-5.88,12.63
1,2025-02-26 01:00:00,-4.72,0.0
1,2025-02-26 02:00:00,-3.21,0.0
1,2025-02-26 03:00:00,-2.47,0.0
1,2025-02-26 04:00:00,-1.73,27.72
1,2025-02-26 05:00:00,-2.52,24.42
1,2025-02-26 06:00:00,-1.8,1.6
1,2025-02-26 07:00:00,0.15,107.73
1,2025-02-26 08:00:00,2.39,154.34
1,2025-02-26 09:00:00,0.24,240.61
1,2025-02-26 10:00:00,4.53,260.21
1,2025-02-26 11:00:00,2.66,287.94
1,2025-02-26 12:00:00,4.51,300.21
1,2025-02-26 13:00:00,3.57,338.22
1,2025-02-26 14:00:00,5.35,291.51
1,2025-02-26 15:00:00,5.11,202.37
1,2025-02-26 16:00:00,1.54,181.64
1,2025-02-26 17:00:00,1.55,110.18
1,2025-02-26 18:00:00,2.44,0.0
1,2025-02-26 19:00:00,1.35,0.0
1,2025-02-26 20:00:00,0.67,0.0
1,2025-02-26 21:00:00,-1.75,10.54
1,2025-02-26 22:00:00,-1.92,0.0
1,2025-02-26 23:00:00,-2.82,22.05
1,2025-02-27 00:00:00,-3.5,0.0
1,2025-02-27 01:00:00,-3.12,3.5
1,2025-02-27 02:00:00,-2.49,0.0
1,2025-02-27 03:00:00,-5.13,27.07
1,2025-02-27 04:00:00,-4.47,0.0
1,2025-02-27 05:00:00,-2.05,21.76
1,2025-02-27 06:00:00,0.74,0.0
1,2025-02-27 07:00:00,-0.98,103.19
1,2025-02-27 08:00:00,1.26,146.72
1,2025-02-27 09:00:00,1.68,248.1
1,2025-02-27 10:00:00,4.73,292.72
1,2025-02-27 11:00:00,2.2,316.44
1,2025-02-27 12:00:00,4.44,339.28
1,2025-02-27 13:00:00,4.61,325.88
1,2025-02-27 14:00:00,4.64,311.96
1,2025-02-27 15:00:00,2.97,255.26
1,2025-02-27 16:00:00,2.86,155.53
1,2025-02-27 17:00:00,0.36,103.92
1,2025-02-27 18:00:00,-0.48,0.0
1,2025-02-27 19:00:00,0.48,10.73
1,2025-02-27 20:00:00,-1.5,0.0
1,2025-02-27 21:00:00,-0.35,0.0
1,2025-02-27 22:00:00,-2.16,7.1
1,2025-02-27 23:00:00,-2.05,25.62
1,2025-02-28 00:00:00,-2.81,27.41
1,2025-02-28 01:00:00,-2.97,0.0
1,2025-02-28 02:00:00,-2.67,1.84
1,2025-02-28 03:00:00,-1.85,0.0
1,2025-02-28 04:00:00,-4.12,0.0
1,2025-02-28 05:00:00,-0.09,0.0
1,2025-02-28 06:00:00,0.41,0.0
1,2025-02-28 07:00:00,-0.23,107.53
1,2025-02-28 08:00:00,-0.05,196.02
1,2025-02-28 09:00:00,2.1,223.96
1,2025-02-28 10:00:00,4.96,298.97
1,2025-02-28 11:00:00,4.05,291.87
1,2025-02-28 12:00:00,3.02,336.68
1,2025-02-28 13:00:00,4.67,298.53
1,2025-02-28 14:00:00,4.52,310.07
1,2025-02-28 15:00:00,3.21,232.62
1,2025-02-28 16:00:00,3.95,183.08
1,2025-02-28 17:00:00,3.93,57.18
1,2025-02-28 18:00:00,2.42,21.81
1,2025-02-28 19:00:00,1.04,0.0
1,2025-02-28 20:00:00,1.1,0.0
1,2025-02-28 21:00:00,-3.09,24.89
1,2025-02-28 22:00:00,-4.11,20.2
1,2025-02-28 23:00:00,-4.78,0.0
1,2025-03-01 00:00:00,-4.31,0.0
1,2025-03-01 01:00:00,-2.95,6.72
1,2025-03-01 02:00:00,-5.14,0.0
1,2025-03-01 03:00:00,-3.67,15.56
1,2025-03-01 04:00:00,-3.5,0.0
1,2025-03-01 05:00:00,-0.9,25.22
1,2025-03-01 06:00:00,-0.52,20.78
1,2025-03-01 07:00:00,0.2,117.2
1,2025-03-01 08:00:00,0.98,149.02
1,2025-03-01 09:00:00,3.34,248.18
1,2025-03-01 10:00:00,1.92,312.04
1,2025-03-01 11:00:00,2.59,331.97
1,2025-03-01 12:00:00,5.24,321.14
1,2025-03-01 13:00:00,6.01,335.25
1,2025-03-01 14:00:00,2.45,275.19
1,2025-03-01 15:00:00,3.23,212.58
1,2025-03-01 16:00:00,2.71,160.86
1,2025-03-01 17:00:00,1.86,86.06
1,2025-03-01 18:00:00,3.24,0.0
1,2025-03-01 19:00:00,2.01,0.0
1,2025-03-01 20:00:00,-0.3,0.0
1,2025-03-01 21:00:00,-2.01,6.66
1,2025-03-01 22:00:00,-1.69,28.18
1,2025-03-01 23:00:00,-4.96,12.58
1,2025-03-02 00:00:00,-4.43,10.74
1,2025-03-02 01:00:00,-4.53,2.9
1,2025-03-02 02:00:00,-4.66,22.04
1,2025-03-02 03:00:00,-4.2,0.0
1,2025-03-02 04:00:00,-3.07,0.01
1,2025-03-02 05:00:00,-1.17,0.0
1,2025-03-02 06:00:00,-1.69,0.0
1,2025-03-02 07:00:00,0.7,102.57
1,2025-03-02 08:00:00,0.06,166.89
1,2025-03-02 09:00:00,3.51,266.56
1,2025-03-02 10:00:00,3.43,279.13
1,2025-03-02 11:00:00,3.04,321.2
1,2025-03-02 12:00:00,5.41,336.8
1,2025-03-02 13:00:00,6.24,304.6
1,2025-03-02 14:00:00,5.54,320.9
1,2025-03-02 15:00:00,5.1,235.37
1,2025-03-02 16:00:00,5.19,181.66
1,2025-03-02 17:00:00,1.73,106.24
1,2025-03-02 18:00:00,2.81,14.42
1,2025-03-02 19:00:00,1.47,0.0
1,2025-03-02 20:00:00,-0.39,0.0
1,2025-03-02 21:00:00,-0.58,0.0
1,2025-03-02 22:00:00,-3.16,0.0
1,2025-03-02 23:00:00,-4.52,0.0
1,2025-03-03 00:00:00,-4.45,0.0
1,2025-03-03 01:00:00,-4.98,0.0
1,2025-03-03 02:00:00,-3.53,4.47
1,2025-03-03 03:00:00,-4.34,0.0
1,2025-03-03 04:00:00,-3.2,16.76
1,2025-03-03 05:00:00,-0.05,0.0
1,2025-03-03 06:00:00,-1.98,28.59
1,2025-03-03 07:00:00,2.6,65.24
1,2025-03-03 08:00:00,3.51,196.7
1,2025-03-03 09:00:00,2.57,233.86
1,2025-03-03 10:00:00,4.16,292.39
1,2025-03-03 11:00:00,2.41,356.48
1,2025-03-03 12:00:00,3.44,343.81
1,2025-03-03 13:00:00,6.0,322.15
1,2025-03-03 14:00:00,6.31,281.5
1,2025-03-03 15:00:00,6.17,261.09
1,2025-03-03 16:00:00,4.47,151.31
1,2025-03-03 17:00:00,2.8,86.11
1,2025-03-03 18:00:00,1.33,7.98
1,2025-03-03 19:00:00,1.12,0.0
1,2025-03-03 20:00:00,1.73,0.44
1,2025-03-03 21:00:00,-0.58,0.0
1,2025-03-03 22:00:00,-2.95,0.0
1,2025-03-03 23:00:00,-0.68,0.0
1,2025-03-04 00:00:00,-1.67,0.0
1,2025-03-04 01:00:00,-3.77,5.38
1,2025-03-04 02:00:00,-4.0,0.0
1,2025-03-04 03:00:00,-0.91,17.76
1,2025-03-04 04:00:00,-0.14,18.27
1,2025-03-04 05:00:00,-2.47,16.35
1,2025-03-04 06:00:00,-0.0,9.37
1,2025-03-04 07:00:00,3.01,65.69
1,2025-03-04 08:00:00,2.42,177.01
1,2025-03-04 09:00:00,3.61,271.23
1,2025-03-04 10:00:00,4.53,313.01
1,2025-03-04 11:00:00,6.53,317.12
1,2025-03-04 12:00:00,4.96,372.34
1,2025-03-04 13:00:00,4.19,354.13
1,2025-03-04 14:00:00,4.3,323.96
1,2025-03-04 15:00:00,2.59,272.62
1,2025-03-04 16:00:00,5.78,186.45
1,2025-03-04 17:00:00,3.16,62.64
1,2025-03-04 18:00:00,0.71,0.0
1,2025-03-04 19:00:00,-0.7,2.85
1,2025-03-04 20:00:00,1.77,6.2
1,2025-03-04 21:00:00,0.54,15.54
1,2025-03-04 22:00:00,-1.65,9.06
1,2025-03-04 23:00:00,-3.24,18.22
1,2025-03-05 00:00:00,-2.08,0.0
1,2025-03-05 01:00:00,-3.67,0.0
1,2025-03-05 02:00:00,-4.04,16.95
1,2025-03-05 03:00:00,-1.8,7.04
1,2025-03-05 04:00:00,-2.58,0.0
1,2025-03-05 05:00:00,-1.08,8.64
1,2025-03-05 06:00:00,-1.74,0.0
1,2025-03-05 07:00:00,0.9,91.33
1,2025-03-05 08:00:00,0.9,151.98
1,2025-03-05 09:00:00,4.47,241.76
1,2025-03-05 10:00:00,5.91,316.24
1,2025-03-05 11:00:00,6.57,357.69
1,2025-03-05 12:00:00,6.27,367.64
1,2025-03-05 13:00:00,4.84,379.92
1,2025-03-05 14:00:00,4.97,306.12
1,2025-03-05 15:00:00,6.18,267.79
1,2025-03-05 16:00:00,2.95,166.71
1,2025-03-05 17:00:00,5.05,116.79
1,2025-03-05 18:00:00,4.24,29.87
1,2025-03-05 19:00:00,0.44,19.84
1,2025-03-05 20:00:00,-0.79,0.0
1,2025-03-05 21:00:00,0.36,26.11
1,2025-03-05 22:00:00,0.11,16.97
1,2025-03-05 23:00:00,-1.63,19.53
1,2025-03-06 00:00:00,-3.27,0.0
1,2025-03-06 01:00:00,-2.49,29.62
1,2025-03-06 02:00:00,-0.44,21.42
1,2025-03-06 03:00:00,-1.23,0.0
1,2025-03-06 04:00:00,-2.62,0.0
1,2025-03-06 05:00:00,-0.68,0.0
1,2025-03-06 06:00:00,1.13,0.0
1,2025-03-06 07:00:00,1.44,82.23
1,2025-03-06 08:00:00,3.14,202.63
1,2025-03-06 09:00:00,2.49,240.42
1,2025-03-06 10:00:00,4.75,321.86
1,2025-03-06 11:00:00,4.33,345.0
1,2025-03-06 12:00:00,7.28,351.01
1,2025-03-06 13:00:00,4.09,343.55
1,2025-03-06 14:00:00,5.63,308.63
1,2025-03-06 15:00:00,4.89,232.19
1,2025-03-06 16:00:00,5.79,172.46
1,2025-03-06 17:00:00,3.07,80.23
1,2025-03-06 18:00:00,3.48,24.85
1,2025-03-06 19:00:00,1.91,0.0
1,2025-03-06 20:00:00,-0.38,22.4
1,2025-03-06 21:00:00,0.56,3.45
1,2025-03-06 22:00:00,-1.29,6.83
1,2025-03-06 23:00:00,-1.12,0.0
1,2025-03-07 00:00:00,-0.32,21.03
1,2025-03-07 01:00:00,-0.3,0.0
1,2025-03-07 02:00:00,-0.24,8.24
1,2025-03-07 03:00:00,-3.04,0.0
1,2025-03-07 04:00:00,-2.46,0.0
1,2025-03-07 05:00:00,-1.95,0.0
1,2025-03-07 06:00:00,1.9,0.0
1,2025-03-07 07:00:00,1.87,86.69
1,2025-03-07 08:00:00,2.45,210.55
1,2025-03-07 09:00:00,3.78,252.3
1,2025-03-07 10:00:00,2.57,307.76
1,2025-03-07 11:00:00,4.74,357.19
1,2025-03-07 12:00:00,6.24,374.31
1,2025-03-07 13:00:00,3.73,379.31
1,2025-03-07 14:00:00,4.53,344.94
1,2025-03-07 15:00:00,5.16,240.01
1,2025-03-07 16:00:00,6.53,171.85
1,2025-03-07 17:00:00,3.58,111.64
1,2025-03-07 18:00:00,1.29,0.0
1,2025-03-07 19:00:00,0.62,0.0
1,2025-03-07 20:00:00,2.01,0.0
1,2025-03-07 21:00:00,-2.1,1.05
1,2025-03-07 22:00:00,-2.97,7.15
1,2025-03-07 23:00:00,-0.13,26.93
1,2025-03-08 00:00:00,-0.25,10.75
1,2025-03-08 01:00:00,-0.48,11.11
1,2025-03-08 02:00:00,-1.74,9.93
1,2025-03-08 03:00:00,-2.19,4.16
1,2025-03-08 04:00:00,-1.58,0.0
1,2025-03-08 05:00:00,-1.49,16.87
1,2025-03-08 06:00:00,2.79,0.0
1,2025-03-08 07:00:00,3.05,79.49
1,2025-03-08 08:00:00,4.26,216.3
1,2025-03-08 09:00:00,3.09,277.79
1,2025-03-08 10:00:00,2.86,339.73
1,2025-03-08 11:00:00,5.61,363.74
1,2025-03-08 12:00:00,6.79,361.58
1,2025-03-08 13:00:00,5.88,358.87
1,2025-03-08 14:00:00,4.13,314.24
1,2025-03-08 15:00:00,3.99,259.2
1,2025-03-08 16:00:00,5.63,186.48
1,2025-03-08 17:00:00,3.53,110.06
1,2025-03-08 18:00:00,3.84,19.9
1,2025-03-08 19:00:00,1.65,0.0
1,2025-03-08 20:00:00,-0.36,15.82
1,2025-03-08 21:00:00,-1.81,0.0
1,2025-03-08 22:00:00,-1.84,4.18
1,2025-03-08 23:00:00,-3.06,0.0
1,2025-03-09 00:00:00,-1.67,20.88
1,2025-03-09 01:00:00,-2.45,14.55
1,2025-03-09 02:00:00,-2.83,20.68
1,2025-03-09 03:00:00,-1.36,28.1
1,2025-03-09 04:00:00,-1.03,0.0
1,2025-03-09 05:00:00,0.1,23.69
1,2025-03-09 06:00:00,2.19,0.0
1,2025-03-09 07:00:00,0.55,99.06
1,2025-03-09 08:00:00,3.11,196.56
1,2025-03-09 09:00:00,2.64,287.9
1,2025-03-09 10:00:00,3.7,354.77
1,2025-03-09 11:00:00,6.06,361.17
1,2025-03-09 12:00:00,5.21,367.76
1,2025-03-09 13:00:00,6.38,363.9
1,2025-03-09 14:00:00,4.8,313.85
1,2025-03-09 15:00:00,3.91,289.38
1,2025-03-09 16:00:00,3.37,198.74
1,2025-03-09 17:00:00,3.56,71.46
1,2025-03-09 18:00:00,2.72,5.53
1,2025-03-09 19:00:00,2.87,0.0
1,2025-03-09 20:00:00,1.32,0.0
1,2025-03-09 21:00:00,-0.15,22.31
1,2025-03-09 22:00:00,0.24,10.65
1,2025-03-09 23:00:00,-3.15,5.4
1,2025-03-10 00:00:00,-0.16,0.0
1,2025-03-10 01:00:00,-2.29,0.0
1,2025-03-10 02:00:00,-0.54,0.0
1,2025-03-10 03:00:00,-1.33,15.09
1,2025-03-10 04:00:00,0.14,10.6
1,2025-03-10 05:00:00,-1.1,17.26
1,2025-03-10 06:00:00,1.08,18.75
1,2025-03-10 07:00:00,1.21,114.24
1,2025-03-10 08:00:00,4.81,193.79
1,2025-03-10 09:00:00,6.35,308.23
1,2025-03-10 10:00:00,6.04,340.89
1,2025-03-10 11:00:00,7.22,367.33
1,2025-03-10 12:00:00,4.92,387.59
1,2025-03-10 13:00:00,8.11,374.67
1,2025-03-10 14:00:00,7.45,359.44
1,2025-03-10 15:00:00,6.5,258.36
1,2025-03-10 16:00:00,6.75,205.84
1,2025-03-10 17:00:00,2.39,88.78
1,2025-03-10 18:00:00,3.88,0.0
1,2025-03-10 19:00:00,2.45,0.0
1,2025-03-10 20:00:00,-0.1,0.0
1,2025-03-10 21:00:00,-0.51,6.86
1,2025-03-10 22:00:00,-1.09,0.0
1,2025-03-10 23:00:00,-0.9,0.0
1,2025-03-11 00:00:00,-1.43,19.23
1,2025-03-11 01:00:00,-0.59,4.92
1,2025-03-11 02:00:00,-0.64,13.88
1,2025-03-11 03:00:00,-1.06,10.85
1,2025-03-11 04:00:00,-2.17,0.0
1,2025-03-11 05:00:00,0.84,0.0
1,2025-03-11 06:00:00,1.84,25.75
1,2025-03-11 07:00:00,2.11,106.41
1,2025-03-11 08:00:00,1.86,183.68
1,2025-03-11 09:00:00,4.0,305.59
1,2025-03-11 10:00:00,5.66,367.87
1,2025-03-11 11:00:00,4.96,361.61
1,2025-03-11 12:00:00,6.26,418.71
1,2025-03-11 13:00:00,5.25,374.05
1,2025-03-11 14:00:00,7.01,366.02
1,2025-03-11 15:00:00,5.85,289.05
1,2025-03-11 16:00:00,4.67,207.25
1,2025-03-11 17:00:00,5.79,120.64
1,2025-03-11 18:00:00,5.52,0.0
1,2025-03-11 19:00:00,4.29,0.14
1,2025-03-11 20:00:00,1.91,0.0
1,2025-03-11 21:00:00,-0.8,0.0
1,2025-03-11 22:00:00,0.62,2.77
1,2025-03-11 23:00:00,0.34,0.0
1,2025-03-12 00:00:00,-0.57,0.67
1,2025-03-12 01:00:00,-1.3,14.33
1,2025-03-12 02:00:00,-0.97,24.33
1,2025-03-12 03:00:00,0.76,11.46
1,2025-03-12 04:00:00,0.03,3.06
1,2025-03-12 05:00:00,-0.55,18.31
1,2025-03-12 06:00:00,3.08,6.68
1,2025-03-12 07:00:00,3.08,117.89
1,2025-03-12 08:00:00,2.05,205.73
1,2025-03-12 09:00:00,4.43,291.99
1,2025-03-12 10:00:00,6.39,377.39
1,2025-03-12 11:00:00,6.67,419.15
1,2025-03-12 12:00:00,5.62,408.51
1,2025-03-12 13:00:00,4.83,402.29
1,2025-03-12 14:00:00,6.87,327.51
1,2025-03-12 15:00:00,7.05,303.75
1,2025-03-12 16:00:00,7.1,196.78
1,2025-03-12 17:00:00,5.01,79.01
1,2025-03-12 18:00:00,2.88,4.43
1,2025-03-12 19:00:00,0.82,3.33
1,2025-03-12 20:00:00,3.24,13.97
1,2025-03-12 21:00:00,0.38,0.0
1,2025-03-12 22:00:00,-0.71,17.56
1,2025-03-12 23:00:00,-1.65,8.43
1,2025-03-13 00:00:00,0.76,0.0
1,2025-03-13 01:00:00,-0.74,0.0
1,2025-03-13 02:00:00,-0.17,14.17
1,2025-03-13 03:00:00,-0.14,0.0
1,2025-03-13 04:00:00,1.12,0.0
1,2025-03-13 05:00:00,2.76,1.39
1,2025-03-13 06:00:00,0.8,0.0
1,2025-03-13 07:00:00,3.23,99.84
1,2025-03-13 08:00:00,2.87,189.39
1,2025-03-13 09:00:00,6.46,280.01
1,2025-03-13 10:00:00,6.0,331.19
1,2025-03-13 11:00:00,8.22,386.66
1,2025-03-13 12:00:00,7.9,424.86
1,2025-03-13 13:00:00,7.05,388.42
1,2025-03-13 14:00:00,8.6,363.74
1,2025-03-13 15:00:00,5.92,263.52
1,2025-03-13 16:00:00,6.48,211.89
1,2025-03-13 17:00:00,6.65,81.5
1,2025-03-13 18:00:00,4.11,0.0
1,2025-03-13 19:00:00,1.68,0.0
1,2025-03-13 20:00:00,0.77,4.85
1,2025-03-13 21:00:00,0.68,0.0
1,2025-03-13 22:00:00,-1.18,23.52
1,2025-03-13 23:00:00,-2.14,11.33
1,2025-03-14 00:00:00,1.41,0.0
1,2025-03-14 01:00:00,0.68,1.61
1,2025-03-14 02:00:00,-0.13,0.0
1,2025-03-14 03:00:00,-1.51,26.3
1,2025-03-14 04:00:00,-0.39,0.0
1,2025-03-14 05:00:00,2.43,5.08
1,2025-03-14 06:00:00,0.45,0.0
1,2025-03-14 07:00:00,4.14,89.61
1,2025-03-14 08:00:00,6.18,185.41
1,2025-03-14 09:00:00,6.58,308.24
1,2025-03-14 10:00:00,7.38,375.44
1,2025-03-14 11:00:00,8.16,396.89
1,2025-03-14 12:00:00,7.04,409.62
1,2025-03-14 13:00:00,6.65,429.36
1,2025-03-14 14:00:00,6.46,394.2
1,2025-03-14 15:00:00,7.4,320.91
1,2025-03-14 16:00:00,5.93,202.38
1,2025-03-14 17:00:00,7.17,112.88
1,2025-03-14 18:00:00,6.07,0.0
1,2025-03-14 19:00:00,2.52,0.72
1,2025-03-14 20:00:00,3.33,0.0
1,2025-03-14 21:00:00,2.25,13.45
1,2025-03-14 22:00:00,-0.67,25.4
1,2025-03-14 23:00:00,1.69,18.51
1,2025-03-15 00:00:00,-1.01,0.0
1,2025-03-15 01:00:00,0.66,1.4
1,2025-03-15 02:00:00,-0.85,0.0
1,2025-03-15 03:00:00,-1.07,22.82
1,2025-03-15 04:00:00,2.0,26.45
1,2025-03-15 05:00:00,0.98,5.68
1,2025-03-15 06:00:00,2.87,0.0
1,2025-03-15 07:00:00,3.75,108.61
1,2025-03-15 08:00:00,3.8,231.78
1,2025-03-15 09:00:00,5.0,285.51
1,2025-03-15 10:00:00,6.75,349.7
1,2025-03-15 11:00:00,7.76,388.78
1,2025-03-15 12:00:00,7.67,411.01
1,2025-03-15 13:00:00,7.75,396.97
1,2025-03-15 14:00:00,7.75,341.97
1,2025-03-15 15:00:00,5.27,312.4
1,2025-03-15 16:00:00,7.06,232.89
1,2025-03-15 17:00:00,6.81,93.09
1,2025-03-15 18:00:00,3.66,0.01
1,2025-03-15 19:00:00,5.39,29.58
1,2025-03-15 20:00:00,1.11,0.0
1,2025-03-15 21:00:00,-0.18,0.0
1,2025-03-15 22:00:00,2.02,0.0
1,2025-03-15 23:00:00,0.08,21.31
1,2025-03-16 00:00:00,1.7,0.0
1,2025-03-16 01:00:00,-1.16,3.36
1,2025-03-16 02:00:00,0.06,0.0
1,2025-03-16 03:00:00,0.1,7.96
1,2025-03-16 04:00:00,-0.69,17.59
1,2025-03-16 05:00:00,-0.12,12.99
1,2025-03-16 06:00:00,1.2,0.0
1,2025-03-16 07:00:00,3.73,87.43
1,2025-03-16 08:00:00,2.89,227.8
1,2025-03-16 09:00:00,5.16,297.32
1,2025-03-16 10:00:00,6.89,354.5
1,2025-03-16 11:00:00,7.76,428.76
1,2025-03-16 12:00:00,7.39,454.61
1,2025-03-16 13:00:00,9.41,439.94
1,2025-03-16 14:00:00,7.41,394.25
1,2025-03-16 15:00:00,7.81,293.21
1,2025-03-16 16:00:00,6.99,244.79
1,2025-03-16 17:00:00,6.86,129.01
1,2025-03-16 18:00:00,2.84,0.0
1,2025-03-16 19:00:00,4.26,28.43
1,2025-03-16 20:00:00,4.42,21.5
1,2025-03-16 21:00:00,2.49,0.0
1,2025-03-16 22:00:00,0.66,15.11
1,2025-03-16 23:00:00,1.71,10.9
1,2025-03-17 00:00:00,0.19,28.67
1,2025-03-17 01:00:00,-1.47,11.39
1,2025-03-17 02:00:00,-0.7,10.95
1,2025-03-17 03:00:00,-0.74,14.18
1,2025-03-17 04:00:00,1.78,0.0
1,2025-03-17 05:00:00,1.04,3.09
1,2025-03-17 06:00:00,2.26,0.0
1,2025-03-17 07:00:00,4.25,134.48
1,2025-03-17 08:00:00,5.36,232.43
1,2025-03-17 09:00:00,6.86,341.76
1,2025-03-17 10:00:00,6.99,360.17
1,2025-03-17 11:00:00,6.32,415.19
1,2025-03-17 12:00:00,8.09,444.36
1,2025-03-17 13:00:00,6.44,439.49
1,2025-03-17 14:00:00,8.86,396.77
1,2025-03-17 15:00:00,8.23,283.88
1,2025-03-17 16:00:00,4.99,235.13
1,2025-03-17 17:00:00,4.22,115.03
1,2025-03-17 18:00:00,4.75,5.58
1,2025-03-17 19:00:00,3.37,0.0
1,2025-03-17 20:00:00,4.73,0.0
1,2025-03-17 21:00:00,3.44,2.08
1,2025-03-17 22:00:00,2.6,0.0
1,2025-03-17 23:00:00,-1.14,4.84
1,2025-03-18 00:00:00,-1.21,0.0
1,2025-03-18 01:00:00,-1.13,0.0
1,2025-03-18 02:00:00,1.96,0.0
1,2025-03-18 03:00:00,2.73,0.0
1,2025-03-18 04:00:00,2.28,0.0
1,2025-03-18 05:00:00,3.88,7.79
1,2025-03-18 06:00:00,1.56,27.46
1,2025-03-18 07:00:00,4.52,124.17
1,2025-03-18 08:00:00,6.9,199.58
1,2025-03-18 09:00:00,4.27,297.17
1,2025-03-18 10:00:00,7.85,406.72
1,2025-03-18 11:00:00,7.4,460.21
1,2025-03-18 12:00:00,10.06,456.83
1,2025-03-18 13:00:00,9.64,442.22
1,2025-03-18 14:00:00,9.42,401.25
1,2025-03-18 15:00:00,6.0,321.77
1,2025-03-18 16:00:00,5.55,198.28
1,2025-03-18 17:00:00,5.17,133.67
1,2025-03-18 18:00:00,5.17,21.49
1,2025-03-18 19:00:00,5.93,0.0
1,2025-03-18 20:00:00,3.46,0.0
1,2025-03-18 21:00:00,2.43,21.88
1,2025-03-18 22:00:00,1.03,19.91
1,2025-03-18 23:00:00,-0.86,22.35
1,2025-03-19 00:00:00,1.23,9.25
1,2025-03-19 01:00:00,-0.15,0.0
1,2025-03-19 02:00:00,0.39,21.64
1,2025-03-19 03:00:00,1.06,0.0
1,2025-03-19 04:00:00,-0.1,7.85
1,2025-03-19 05:00:00,2.48,0.0
1,2025-03-19 06:00:00,2.74,5.26
1,2025-03-19 07:00:00,2.67,110.73
1,2025-03-19 08:00:00,4.86,199.46
1,2025-03-19 09:00:00,6.8,311.34
1,2025-03-19 10:00:00,6.22,377.93
1,2025-03-19 11:00:00,6.52,440.97
1,2025-03-19 12:00:00,8.86,475.95
1,2025-03-19 13:00:00,8.46,458.67
1,2025-03-19 14:00:00,7.89,366.48
1,2025-03-19 15:00:00,6.45,322.25
1,2025-03-19 16:00:00,6.88,239.88
1,2025-03-19 17:00:00,4.68,103.55
1,2025-03-19 18:00:00,4.02,28.41
1,2025-03-19 19:00:00,5.18,27.44
1,2025-03-19 20:00:00,1.89,7.78
1,2025-03-19 21:00:00,3.63,0.51
1,2025-03-19 22:00:00,3.15,28.86
1,2025-03-19 23:00:00,2.81,0.0
1,2025-03-20 00:00:00,1.41,6.89
1,2025-03-20 01:00:00,1.95,15.37
1,2025-03-20 02:00:00,2.83,4.38
1,2025-03-20 03:00:00,0.97,0.0
1,2025-03-20 04:00:00,1.83,10.36
1,2025-03-20 05:00:00,1.2,13.96
1,2025-03-20 06:00:00,2.22,22.93
1,2025-03-20 07:00:00,4.16,140.48
1,2025-03-20 08:00:00,6.28,250.68
1,2025-03-20 09:00:00,5.82,301.96
1,2025-03-20 10:00:00,9.01,390.35
1,2025-03-20 11:00:00,9.91,473.36
1,2025-03-20 12:00:00,7.42,483.45
1,2025-03-20 13:00:00,8.41,424.72
1,2025-03-20 14:00:00,8.78,385.09
1,2025-03-20 15:00:00,7.07,320.76
1,2025-03-20 16:00:00,8.57,216.39
1,2025-03-20 17:00:00,6.18,114.25
1,2025-03-20 18:00:00,5.14,0.0
1,2025-03-20 19:00:00,6.45,20.63
1,2025-03-20 20:00:00,4.09,0.0
1,2025-03-20 21:00:00,3.6,0.0
1,2025-03-20 22:00:00,2.23,0.0
1,2025-03-20 23:00:00,0.95,26.96
1,2025-03-21 00:00:00,1.66,0.0
1,2025-03-21 01:00:00,2.32,15.81
1,2025-03-21 02:00:00,2.79,10.97
1,2025-03-21 03:00:00,0.65,0.0
1,2025-03-21 04:00:00,1.36,28.44
1,2025-03-21 05:00:00,4.77,28.41
1,2025-03-21 06:00:00,2.22,16.94
1,2025-03-21 07:00:00,4.35,144.79
1,2025-03-21 08:00:00,5.44,222.59
1,2025-03-21 09:00:00,6.52,358.01
1,2025-03-21 10:00:00,8.11,391.11
1,2025-03-21 11:00:00,9.26,443.32
1,2025-03-21 12:00:00,7.48,476.27
1,2025-03-21 13:00:00,7.82,436.4
1,2025-03-21 14:00:00,8.96,418.65
1,2025-03-21 15:00:00,6.88,317.64
1,2025-03-21 16:00:00,6.52,233.87
1,2025-03-21 17:00:00,8.17,107.25
1,2025-03-21 18:00:00,5.83,0.0
1,2025-03-21 19:00:00,4.94,0.0
1,2025-03-21 20:00:00,3.94,7.84
1,2025-03-21 21:00:00,4.4,19.77
1,2025-03-21 22:00:00,2.04,0.0
1,2025-03-21 23:00:00,1.37,27.03
1,2025-03-22 00:00:00,1.37,0.0
1,2025-03-22 01:00:00,1.33,26.17
1,2025-03-22 02:00:00,2.08,0.0
1,2025-03-22 03:00:00,1.8,9.44
1,2025-03-22 04:00:00,3.16,1.31
1,2025-03-22 05:00:00,2.3,0.0
1,2025-03-22 06:00:00,2.22,21.63
1,2025-03-22 07:00:00,6.78,145.59
1,2025-03-22 08:00:00,6.21,235.81
1,2025-03-22 09:00:00,7.94,337.24
1,2025-03-22 10:00:00,7.5,427.23
1,2025-03-22 11:00:00,9.64,478.33
1,2025-03-22 12:00:00,7.42,458.65
1,2025-03-22 13:00:00,10.07,471.39
1,2025-03-22 14:00:00,10.19,417.77
1,2025-03-22 15:00:00,7.51,319.2
1,2025-03-22 16:00:00,8.99,207.51
1,2025-03-22 17:00:00,5.85,95.29
1,2025-03-22 18:00:00,8.1,11.73
1,2025-03-22 19:00:00,5.84,7.32
1,2025-03-22 20:00:00,3.55,0.0
1,2025-03-22 21:00:00,2.27,4.05
1,2025-03-22 22:00:00,1.45,0.0
1,2025-03-22 23:00:00,2.68,4.49
1,2025-03-23 00:00:00,-0.35,10.67
1,2025-03-23 01:00:00,3.4,0.0
1,2025-03-23 02:00:00,2.34,13.23
1,2025-03-23 03:00:00,3.31,0.0
1,2025-03-23 04:00:00,4.16,11.89
1,2025-03-23 05:00:00,4.02,0.0
1,2025-03-23 06:00:00,5.61,2.94
1,2025-03-23 07:00:00,4.91,103.47
1,2025-03-23 08:00:00,8.44,232.11
1,2025-03-23 09:00:00,5.64,313.0
1,2025-03-23 10:00:00,7.53,435.85
1,2025-03-23 11:00:00,7.24,474.59
1,2025-03-23 12:00:00,8.0,458.28
1,2025-03-23 13:00:00,8.56,494.28
1,2025-03-23 14:00:00,10.88,442.23
1,2025-03-23 15:00:00,8.2,338.58
1,2025-03-23 16:00:00,8.19,264.43
1,2025-03-23 17:00:00,5.75,129.56
1,2025-03-23 18:00:00,5.29,0.0
1,2025-03-23 19:00:00,4.78,29.22
1,2025-03-23 20:00:00,3.67,0.0
1,2025-03-23 21:00:00,1.72,0.0
1,2025-03-23 22:00:00,3.93,19.96
1,2025-03-23 23:00:00,1.8,0.0
1,2025-03-24 00:00:00,0.8,0.0
1,2025-03-24 01:00:00,0.03,19.7
1,2025-03-24 02:00:00,1.52,27.66
1,2025-03-24 03:00:00,2.52,0.0
1,2025-03-24 04:00:00,1.27,7.27
1,2025-03-24 05:00:00,2.45,17.16
1,2025-03-24 06:00:00,3.14,0.0
1,2025-03-24 07:00:00,3.78,108.77
1,2025-03-24 08:00:00,7.7,220.63
1,2025-03-24 09:00:00,7.49,365.17
1,2025-03-24 10:00:00,9.66,431.21
1,2025-03-24 11:00:00,10.73,444.28
1,2025-03-24 12:00:00,7.87,481.47
1,2025-03-24 13:00:00,10.03,472.64
1,2025-03-24 14:00:00,8.76,433.76
1,2025-03-24 15:00:00,7.58,370.04
1,2025-03-24 16:00:00,8.52,259.04
1,2025-03-24 17:00:00,6.86,142.2
1,2025-03-24 18:00:00,5.82,0.0
1,2025-03-24 19:00:00,5.17,0.0
1,2025-03-24 20:00:00,4.66,11.69
1,2025-03-24 21:00:00,4.07,0.0
1,2025-03-24 22:00:00,1.68,14.38
1,2025-03-24 23:00:00,1.98,0.0
1,2025-03-25 00:00:00,1.55,6.87
1,2025-03-25 01:00:00,3.78,27.48
1,2025-03-25 02:00:00,1.06,0.0
1,2025-03-25 03:00:00,1.06,14.73
1,2025-03-25 04:00:00,3.95,0.0
1,2025-03-25 05:00:00,4.73,0.0
1,2025-03-25 06:00:00,5.34,7.39
1,2025-03-25 07:00:00,5.4,141.59
1,2025-03-25 08:00:00,8.71,258.9
1,2025-03-25 09:00:00,7.42,349.31
1,2025-03-25 10:00:00,9.49,411.53
1,2025-03-25 11:00:00,9.99,504.04
1,2025-03-25 12:00:00,9.44,521.29
1,2025-03-25 13:00:00,8.87,456.44
1,2025-03-25 14:00:00,10.83,416.75
1,2025-03-25 15:00:00,8.87,324.63
1,2025-03-25 16:00:00,8.97,243.02
1,2025-03-25 17:00:00,9.38,135.87
1,2025-03-25 18:00:00,5.64,0.0
1,2025-03-25 19:00:00,3.95,21.79
1,2025-03-25 20:00:00,6.01,21.36
1,2025-03-25 21:00:00,2.34,28.59
1,2025-03-25 22:00:00,2.15,0.0
1,2025-03-25 23:00:00,3.37,0.0
1,2025-03-26 00:00:00,2.64,0.0
1,2025-03-26 01:00:00,2.14,0.0
1,2025-03-26 02:00:00,4.2,1.66
1,2025-03-26 03:00:00,3.71,0.0
1,2025-03-26 04:00:00,2.18,0.0
1,2025-03-26 05:00:00,3.99,0.0
1,2025-03-26 06:00:00,6.09,10.88
1,2025-03-26 07:00:00,5.11,108.32
1,2025-03-26 08:00:00,8.32,244.71
1,2025-03-26 09:00:00,9.1,379.2
1,2025-03-26 10:00:00,9.54,453.84
1,2025-03-26 11:00:00,10.17,470.18
1,2025-03-26 12:00:00,9.11,525.88
1,2025-03-26 13:00:00,10.66,475.48
1,2025-03-26 14:00:00,10.18,428.61
1,2025-03-26 15:00:00,10.73,370.9
1,2025-03-26 16:00:00,10.77,270.06
1,2025-03-26 17:00:00,8.32,137.7
1,2025-03-26 18:00:00,8.86,3.75
1,2025-03-26 19:00:00,6.6,29.41
1,2025-03-26 20:00:00,5.37,2.98
1,2025-03-26 21:00:00,2.65,0.0
1,2025-03-26 22:00:00,1.74,23.81
1,2025-03-26 23:00:00,1.69,0.0
1,2025-03-27 00:00:00,2.49,0.0
1,2025-03-27 01:00:00,4.35,29.57
1,2025-03-27 02:00:00,0.7,28.83
1,2025-03-27 03:00:00,2.43,13.03
1,2025-03-27 04:00:00,3.05,0.0
1,2025-03-27 05:00:00,5.31,0.0
1,2025-03-27 06:00:00,5.67,0.0
1,2025-03-27 07:00:00,5.03,146.27
1,2025-03-27 08:00:00,7.05,280.31
1,2025-03-27 09:00:00,7.14,345.28
1,2025-03-27 10:00:00,7.84,463.17
1,2025-03-27 11:00:00,9.73,459.74
1,2025-03-27 12:00:00,10.32,505.65
1,2025-03-27 13:00:00,9.38,485.41
1,2025-03-27 14:00:00,10.7,444.71
1,2025-03-27 15:00:00,11.84,362.84
1,2025-03-27 16:00:00,8.68,272.87
1,2025-03-27 17:00:00,6.43,121.86
1,2025-03-27 18:00:00,7.02,0.0
1,2025-03-27 19:00:00,8.08,0.0
1,2025-03-27 20:00:00,4.1,0.0
1,2025-03-27 21:00:00,4.05,0.0
1,2025-03-27 22:00:00,2.02,0.0
1,2025-03-27 23:00:00,0.99,0.0
1,2025-03-28 00:00:00,1.12,15.86
1,2025-03-28 01:00:00,4.43,0.0
1,2025-03-28 02:00:00,2.29,0.0
1,2025-03-28 03:00:00,1.66,0.0
1,2025-03-28 04:00:00,5.5,25.67
1,2025-03-28 05:00:00,4.07,29.2
1,2025-03-28 06:00:00,4.82,1.71
1,2025-03-28 07:00:00,8.32,130.47
1,2025-03-28 08:00:00,8.13,247.42
1,2025-03-28 09:00:00,9.71,369.19
1,2025-03-28 10:00:00,7.96,462.12
1,2025-03-28 11:00:00,8.27,519.58
1,2025-03-28 12:00:00,11.88,494.45
1,2025-03-28 13:00:00,10.88,517.3
1,2025-03-28 14:00:00,9.29,414.8
1,2025-03-28 15:00:00,11.55,358.43
1,2025-03-28 16:00:00,11.31,236.05
1,2025-03-28 17:00:00,8.33,120.97
1,2025-03-28 18:00:00,7.64,0.0
1,2025-03-28 19:00:00,5.92,0.0
1,2025-03-28 20:00:00,4.27,13.6
1,2025-03-28 21:00:00,2.77,13.83
1,2025-03-28 22:00:00,3.32,0.0
1,2025-03-28 23:00:00,3.51,0.0
1,2025-03-29 00:00:00,2.24,18.97
1,2025-03-29 01:00:00,2.84,24.42
1,2025-03-29 02:00:00,1.85,0.0
1,2025-03-29 03:00:00,1.64,5.48
1,2025-03-29 04:00:00,4.0,10.47
1,2025-03-29 05:00:00,4.91,15.9
1,2025-03-29 06:00:00,6.33,12.69
1,2025-03-29 07:00:00,5.26,151.75
1,2025-03-29 08:00:00,9.85,245.53
1,2025-03-29 09:00:00,9.22,352.24
1,2025-03-29 10:00:00,10.12,449.27
1,2025-03-29 11:00:00,11.54,517.48
1,2025-03-29 12:00:00,9.08,509.73
1,2025-03-29 13:00:00,9.08,515.04
1,2025-03-29 14:00:00,8.91,454.62
1,2025-03-29 15:00:00,11.26,362.2
1,2025-03-29 16:00:00,11.41,234.96
1,2025-03-29 17:00:00,8.07,154.96
1,2025-03-29 18:00:00,9.07,12.41
1,2025-03-29 19:00:00,5.73,0.0
1,2025-03-29 20:00:00,5.88,0.0
1,2025-03-29 21:00:00,5.47,0.0
1,2025-03-29 22:00:00,5.78,21.91
1,2025-03-29 23:00:00,2.75,0.0
1,2025-03-30 00:00:00,1.62,0.8
1,2025-03-30 01:00:00,3.64,12.01
1,2025-03-30 02:00:00,2.57,0.0
1,2025-03-30 03:00:00,2.01,27.91
1,2025-03-30 04:00:00,2.65,23.91
1,2025-03-30 05:00:00,4.75,0.0
1,2025-03-30 06:00:00,7.39,0.0
1,2025-03-30 07:00:00,7.4,135.89
1,2025-03-30 08:00:00,7.46,246.27
1,2025-03-30 09:00:00,8.16,400.78
1,2025-03-30 10:00:00,10.75,441.54
1,2025-03-30 11:00:00,10.28,482.07
1,2025-03-30 12:00:00,11.69,520.07
1,2025-03-30 13:00:00,9.73,498.76
1,2025-03-30 14:00:00,12.4,463.08
1,2025-03-30 15:00:00,8.69,358.46
1,2025-03-30 16:00:00,9.26,281.22
1,2025-03-30 17:00:00,10.78,138.97
1,2025-03-30 18:00:00,8.94,0.0
1,2025-03-30 19:00:00,7.5,0.0
1,2025-03-30 20:00:00,6.67,0.0
1,2025-03-30 21:00:00,5.53,20.35
1,2025-03-30 22:00:00,3.7,23.77
1,2025-03-30 23:00:00,2.86,1.85
1,2025-03-31 00:00:00,3.02,23.6
1,2025-03-31 01:00:00,2.23,17.78
1,2025-03-31 02:00:00,2.24,16.59
1,2025-03-31 03:00:00,5.23,0.0
1,2025-03-31 04:00:00,4.28,0.0
1,2025-03-31 05:00:00,6.22,19.2
1,2025-03-31 06:00:00,6.27,0.0
1,2025-03-31 07:00:00,8.73,159.38
1,2025-03-31 08:00:00,9.23,253.75
1,2025-03-31 09:00:00,8.54,402.69
1,2025-03-31 10:00:00,9.91,476.19
1,2025-03-31 11:00:00,9.95,492.6
1,2025-03-31 12:00:00,11.55,529.89
1,2025-03-31 13:00:00,13.39,531.15
1,2025-03-31 14:00:00,12.73,486.65
1,2025-03-31 15:00:00,11.41,354.69
1,2025-03-31 16:00:00,10.99,280.26
1,2025-03-31 17:00:00,10.43,167.48
1,2025-03-31 18:00:00,9.8,27.76
1,2025-03-31 19:00:00,7.51,19.58
1,2025-03-31 20:00:00,8.02,0.0
1,2025-03-31 21:00:00,6.95,2.32
1,2025-03-31 22:00:00,4.32,29.69
1,2025-03-31 23:00:00,5.79,0.0
1,2025-04-01 00:00:00,4.29,0.0
1,2025-04-01 01:00:00,2.7,0.0
1,2025-04-01 02:00:00,3.8,5.0
1,2025-04-01 03:00:00,5.55,0.0
1,2025-04-01 04:00:00,4.75,25.26
1,2025-04-01 05:00:00,5.65,24.47
1,2025-04-01 06:00:00,5.74,0.0
1,2025-04-01 07:00:00,6.3,111.6
1,2025-04-01 08:00:00,7.44,255.19
1,2025-04-01 09:00:00,9.57,396.47
1,2025-04-01 10:00:00,9.55,468.18
1,2025-04-01 11:00:00,10.69,549.39
1,2025-04-01 12:00:00,10.48,562.05
1,2025-04-01 13:00:00,13.42,517.06
1,2025-04-01 14:00:00,10.95,459.61
1,2025-04-01 15:00:00,10.37,391.7
1,2025-04-01 16:00:00,10.81,268.4
1,2025-04-01 17:00:00,8.66,166.4
1,2025-04-01 18:00:00,9.95,0.0
1,2025-04-01 19:00:00,6.35,0.0
1,2025-04-01 20:00:00,8.19,0.0
1,2025-04-01 21:00:00,5.19,0.0
1,2025-04-01 22:00:00,5.41,0.0
1,2025-04-01 23:00:00,4.51,0.0
1,2025-04-02 00:00:00,4.36,22.27
1,2025-04-02 01:00:00,2.23,24.5
1,2025-04-02 02:00:00,6.03,23.74
1,2025-04-02 03:00:00,3.17,21.38
1,2025-04-02 04:00:00,5.96,16.33
1,2025-04-02 05:00:00,4.28,28.9
1,2025-04-02 06:00:00,6.78,0.0
1,2025-04-02 07:00:00,7.83,167.9
1,2025-04-02 08:00:00,8.61,269.12
1,2025-04-02 09:00:00,9.08,405.29
1,2025-04-02 10:00:00,10.8,485.38
1,2025-04-02 11:00:00,11.19,498.22
1,2025-04-02 12:00:00,12.93,528.18
1,2025-04-02 13:00:00,13.07,549.0
1,2025-04-02 14:00:00,13.47,476.46
1,2025-04-02 15:00:00,12.36,399.47
1,2025-04-02 16:00:00,12.19,267.6
1,2025-04-02 17:00:00,8.84,117.86
1,2025-04-02 18:00:00,8.6,29.79
1,2025-04-02 19:00:00,8.94,0.0
1,2025-04-02 20:00:00,5.51,10.16
1,2025-04-02 21:00:00,6.1,0.0
1,2025-04-02 22:00:00,4.51,11.41
1,2025-04-02 23:00:00,3.16,0.0
1,2025-04-03 00:00:00,5.86,0.0
1,2025-04-03 01:00:00,5.42,0.0
1,2025-04-03 02:00:00,2.81,4.5
1,2025-04-03 03:00:00,6.07,2.18
1,2025-04-03 04:00:00,4.09,19.61
1,2025-04-03 05:00:00,6.04,0.0
1,2025-04-03 06:00:00,9.16,23.44
1,2025-04-03 07:00:00,7.81,147.38
1,2025-04-03 08:00:00,10.77,282.57
1,2025-04-03 09:00:00,9.35,376.48
1,2025-04-03 10:00:00,11.88,498.32
1,2025-04-03 11:00:00,10.21,561.04
1,2025-04-03 12:00:00,11.5,536.99
1,2025-04-03 13:00:00,12.87,539.86
1,2025-04-03 14:00:00,10.26,496.06
1,2025-04-03 15:00:00,13.47,418.73
1,2025-04-03 16:00:00,9.16,298.55
1,2025-04-03 17:00:00,12.09,117.2
1,2025-04-03 18:00:00,9.28,0.0
1,2025-04-03 19:00:00,6.38,2.3
1,2025-04-03 20:00:00,5.71,24.8
1,2025-04-03 21:00:00,8.07,4.19
1,2025-04-03 22:00:00,4.62,0.0
1,2025-04-03 23:00:00,4.52,0.0
1,2025-04-04 00:00:00,2.95,0.0
1,2025-04-04 01:00:00,3.46,1.88
1,2025-04-04 02:00:00,4.05,21.73
1,2025-04-04 03:00:00,6.33,10.63
1,2025-04-04 04:00:00,5.58,0.0
1,2025-04-04 05:00:00,6.88,8.23
1,2025-04-04 06:00:00,7.51,6.51
1,2025-04-04 07:00:00,8.2,127.98
1,2025-04-04 08:00:00,9.41,284.66
1,2025-04-04 09:00:00,12.25,402.0
1,2025-04-04 10:00:00,10.64,457.5
1,2025-04-04 11:00:00,10.24,554.65
1,2025-04-04 12:00:00,13.12,550.92
1,2025-04-04 13:00:00,13.58,536.55
1,2025-04-04 14:00:00,12.74,491.07
1,2025-04-04 15:00:00,10.62,389.91
1,2025-04-04 16:00:00,10.44,277.07
1,2025-04-04 17:00:00,10.33,172.62
1,2025-04-04 18:00:00,10.78,0.0
1,2025-04-04 19:00:00,10.01,0.0
1,2025-04-04 20:00:00,9.21,0.0
1,2025-04-04 21:00:00,8.25,14.5
1,2025-04-04 22:00:00,7.31,0.0
1,2025-04-04 23:00:00,5.4,0.0
1,2025-04-05 00:00:00,4.13,0.0
1,2025-04-05 01:00:00,5.9,27.14
1,2025-04-05 02:00:00,3.89,13.89
1,2025-04-05 03:00:00,7.05,0.0
1,2025-04-05 04:00:00,5.46,0.0
1,2025-04-05 05:00:00,5.02,4.85
1,2025-04-05 06:00:00,8.57,0.0
1,2025-04-05 07:00:00,10.03,121.06
1,2025-04-05 08:00:00,9.3,310.94
1,2025-04-05 09:00:00,10.0,404.58
1,2025-04-05 10:00:00,13.07,504.86
1,2025-04-05 11:00:00,13.78,552.26
1,2025-04-05 12:00:00,13.24,594.72
1,2025-04-05 13:00:00,13.36,541.21
1,2025-04-05 14:00:00,10.66,496.09
1,2025-04-05 15:00:00,12.57,384.8
1,2025-04-05 16:00:00,11.21,300.92
1,2025-04-05 17:00:00,9.55,151.81
1,2025-04-05 18:00:00,9.33,0.0
1,2025-04-05 19:00:00,7.93,25.28
1,2025-04-05 20:00:00,8.2,10.28
1,2025-04-05 21:00:00,8.71,9.98
1,2025-04-05 22:00:00,6.54,2.17
1,2025-04-05 23:00:00,4.92,1.95
1,2025-04-06 00:00:00,4.17,22.1
1,2025-04-06 01:00:00,5.02,29.03
1,2025-04-06 02:00:00,3.81,8.06
1,2025-04-06 03:00:00,6.22,18.39
1,2025-04-06 04:00:00,7.19,0.0
1,2025-04-06 05:00:00,8.04,4.21
1,2025-04-06 06:00:00,6.57,19.58
1,2025-04-06 07:00:00,9.76,155.52
1,2025-04-06 08:00:00,10.6,293.8
1,2025-04-06 09:00:00,11.52,433.13
1,2025-04-06 10:00:00,12.23,515.91
1,2025-04-06 11:00:00,13.52,571.47
1,2025-04-06 12:00:00,14.09,577.59
1,2025-04-06 13:00:00,14.26,571.52
1,2025-04-06 14:00:00,13.55,495.4
1,2025-04-06 15:00:00,13.5,413.48
1,2025-04-06 16:00:00,10.69,261.01
1,2025-04-06 17:00:00,11.31,127.22
1,2025-04-06 18:00:00,8.31,12.99
1,2025-04-06 19:00:00,7.13,10.41
1,2025-04-06 20:00:00,9.79,0.0
1,2025-04-06 21:00:00,6.95,6.37
1,2025-04-06 22:00:00,5.41,16.38
1,2025-04-06 23:00:00,7.06,20.26
1,2025-04-07 00:00:00,4.82,21.92
1,2025-04-07 01:00:00,3.95,15.07
1,2025-04-07 02:00:00,5.71,0.0
1,2025-04-07 03:00:00,5.49,23.7
1,2025-04-07 04:00:00,7.32,6.59
1,2025-04-07 05:00:00,7.69,24.44
1,2025-04-07 06:00:00,8.66,0.0
1,2025-04-07 07:00:00,8.14,145.74
1,2025-04-07 08:00:00,9.08,312.23
1,2025-04-07 09:00:00,10.05,393.7
1,2025-04-07 10:00:00,11.12,473.36
1,2025-04-07 11:00:00,11.5,587.57
1,2025-04-07 12:00:00,13.9,551.27
1,2025-04-07 13:00:00,13.22,535.88
1,2025-04-07 14:00:00,13.07,503.86
1,2025-04-07 15:00:00,14.37,422.57
1,2025-04-07 16:00:00,11.88,259.21
1,2025-04-07 17:00:00,9.4,177.93
1,2025-04-07 18:00:00,10.76,3.81
1,2025-04-07 19:00:00,10.22,22.06
1,2025-04-07 20:00:00,6.87,0.0
1,2025-04-07 21:00:00,8.38,2.85
1,2025-04-07 22:00:00,7.18,0.0
1,2025-04-07 23:00:00,5.26,3.34
1,2025-04-08 00:00:00,4.0,0.0
1,2025-04-08 01:00:00,4.05,0.0
1,2025-04-08 02:00:00,6.95,17.52
1,2025-04-08 03:00:00,6.42,12.36
1,2025-04-08 04:00:00,5.49,0.0
1,2025-04-08 05:00:00,8.67,0.0
1,2025-04-08 06:00:00,8.41,0.22
1,2025-04-08 07:00:00,9.91,140.02
1,2025-04-08 08:00:00,8.7,279.64
1,2025-04-08 09:00:00,10.8,421.86
1,2025-04-08 10:00:00,11.44,529.62
1,2025-04-08 11:00:00,12.32,539.9
1,2025-04-08 12:00:00,13.76,565.5
1,2025-04-08 13:00:00,14.68,556.46
1,2025-04-08 14:00:00,15.23,527.48
1,2025-04-08 15:00:00,13.68,427.59
1,2025-04-08 16:00:00,11.52,266.26
1,2025-04-08 17:00:00,11.94,140.19
1,2025-04-08 18:00:00,11.75,26.92
1,2025-04-08 19:00:00,8.44,0.0
1,2025-04-08 20:00:00,10.4,14.47
1,2025-04-08 21:00:00,8.16,11.46
1,2025-04-08 22:00:00,7.24,18.11
1,2025-04-08 23:00:00,5.15,0.0
1,2025-04-09 00:00:00,6.12,4.84
1,2025-04-09 01:00:00,4.01,17.6
1,2025-04-09 02:00:00,5.09,23.37
1,2025-04-09 03:00:00,7.42,0.0
1,2025-04-09 04:00:00,7.16,0.0
1,2025-04-09 05:00:00,9.21,0.0
1,2025-04-09 06:00:00,7.63,0.0
1,2025-04-09 07:00:00,10.65,161.16
1,2025-04-09 08:00:00,9.61,275.26
1,2025-04-09 09:00:00,11.57,441.51
1,2025-04-09 10:00:00,10.61,486.91
1,2025-04-09 11:00:00,11.48,595.44
1,2025-04-09 12:00:00,13.58,580.09
1,2025-04-09 13:00:00,14.56,553.55
1,2025-04-09 14:00:00,12.22,517.0
1,2025-04-09 15:00:00,14.75,398.86
1,2025-04-09 16:00:00,13.82,293.38
1,2025-04-09 17:00:00,12.37,165.4
1,2025-04-09 18:00:00,9.59,0.0
1,2025-04-09 19:00:00,10.6,0.0
1,2025-04-09 20:00:00,10.27,0.0
1,2025-04-09 21:00:00,5.9,0.0
1,2025-04-09 22:00:00,7.61,0.0
1,2025-04-09 23:00:00,7.32,0.0
1,2025-04-10 00:00:00,6.16,0.0
1,2025-04-10 01:00:00,7.94,6.8
1,2025-04-10 02:00:00,5.05,14.08
1,2025-04-10 03:00:00,7.72,20.6
1,2025-04-10 04:00:00,7.83,15.78
1,2025-04-10 05:00:00,9.47,0.0
1,2025-04-10 06:00:00,8.67,0.0
1,2025-04-10 07:00:00,10.68,174.5
1,2025-04-10 08:00:00,11.82,297.44
1,2025-04-10 09:00:00,13.92,416.73
1,2025-04-10 10:00:00,13.24,486.98
1,2025-04-10 11:00:00,11.96,598.83
1,2025-04-10 12:00:00,14.91,595.82
1,2025-04-10 13:00:00,15.51,571.72
1,2025-04-10 14:00:00,14.27,505.58
1,2025-04-10 15:00:00,11.74,406.11
1,2025-04-10 16:00:00,14.19,280.53
1,2025-04-10 17:00:00,11.38,140.36
1,2025-04-10 18:00:00,12.06,2.87
1,2025-04-10 19:00:00,11.5,0.0
1,2025-04-10 20:00:00,7.13,0.0
1,2025-04-10 21:00:00,8.09,14.17
1,2025-04-10 22:00:00,8.18,0.0
1,2025-04-10 23:00:00,6.65,7.72
1,2025-04-11 00:00:00,5.47,0.0
1,2025-04-11 01:00:00,5.7,19.6
1,2025-04-11 02:00:00,6.32,21.38
1,2025-04-11 03:00:00,6.81,0.0
1,2025-04-11 04:00:00,5.56,0.0
1,2025-04-11 05:00:00,6.98,5.98
1,2025-04-11 06:00:00,10.38,0.0
1,2025-04-11 07:00:00,9.78,138.8
1,2025-04-11 08:00:00,10.55,314.62
1,2025-04-11 09:00:00,12.83,436.54
1,2025-04-11 10:00:00,11.87,533.91
1,2025-04-11 11:00:00,13.41,598.6
1,2025-04-11 12:00:00,15.96,605.98
1,2025-04-11 13:00:00,14.11,555.44
1,2025-04-11 14:00:00,12.42,502.97
1,2025-04-11 15:00:00,14.14,447.41
1,2025-04-11 16:00:00,13.06,281.78
1,2025-04-11 17:00:00,12.76,170.82
1,2025-04-11 18:00:00,9.63,27.8
1,2025-04-11 19:00:00,8.91,0.0
1,2025-04-11 20:00:00,8.96,29.45
1,2025-04-11 21:00:00,7.4,0.0
1,2025-04-11 22:00:00,7.61,0.0
1,2025-04-11 23:00:00,7.26,0.0
1,2025-04-12 00:00:00,5.63,0.0
1,2025-04-12 01:00:00,5.49,0.0
1,2025-04-12 02:00:00,5.9,0.0
1,2025-04-12 03:00:00,8.99,0.0
1,2025-04-12 04:00:00,8.26,0.0
1,2025-04-12 05:00:00,7.27,18.21
1,2025-04-12 06:00:00,10.43,0.0
1,2025-04-12 07:00:00,11.14,130.34
1,2025-04-12 08:00:00,9.8,278.86
1,2025-04-12 09:00:00,10.65,424.75
1,2025-04-12 10:00:00,13.37,543.13
1,2025-04-12 11:00:00,12.32,604.79
1,2025-04-12 12:00:00,15.6,626.71
1,2025-04-12 13:00:00,14.06,587.76
1,2025-04-12 14:00:00,15.97,515.14
1,2025-04-12 15:00:00,12.7,420.02
1,2025-04-12 16:00:00,11.37,328.88
1,2025-04-12 17:00:00,13.82,132.98
1,2025-04-12 18:00:00,10.62,28.42
1,2025-04-12 19:00:00,10.5,5.83
1,2025-04-12 20:00:00,10.78,0.0
1,2025-04-12 21:00:00,7.21,0.0
1,2025-04-12 22:00:00,5.89,21.41
1,2025-04-12 23:00:00,8.9,0.0
1,2025-04-13 00:00:00,8.59,11.18
1,2025-04-13 01:00:00,7.84,0.0
1,2025-04-13 02:00:00,8.31,15.61
1,2025-04-13 03:00:00,5.54,0.0
1,2025-04-13 04:00:00,6.67,0.0
1,2025-04-13 05:00:00,10.52,0.0
1,2025-04-13 06:00:00,8.19,6.86
1,2025-04-13 07:00:00,9.05,131.35
1,2025-04-13 08:00:00,9.92,326.83
1,2025-04-13 09:00:00,10.8,415.63
1,2025-04-13 10:00:00,11.76,554.74
1,2025-04-13 11:00:00,14.99,590.6
1,2025-04-13 12:00:00,15.28,620.93
1,2025-04-13 13:00:00,13.5,592.44
1,2025-04-13 14:00:00,16.46,547.47
1,2025-04-13 15:00:00,14.19,461.94
1,2025-04-13 16:00:00,13.27,326.2
1,2025-04-13 17:00:00,11.07,141.17
1,2025-04-13 18:00:00,11.18,7.67
1,2025-04-13 19:00:00,9.58,0.0
1,2025-04-13 20:00:00,11.65,0.0
1,2025-04-13 21:00:00,8.5,6.88
1,2025-04-13 22:00:00,9.17,0.0
1,2025-04-13 23:00:00,8.15,0.0
1,2025-04-14 00:00:00,8.63,0.0
1,2025-04-14 01:00:00,7.96,0.0
1,2025-04-14 02:00:00,5.18,0.0
1,2025-04-14 03:00:00,9.05,0.0
1,2025-04-14 04:00:00,9.22,0.0
1,2025-04-14 05:00:00,10.87,0.0
1,2025-04-14 06:00:00,9.12,0.0
1,2025-04-14 07:00:00,11.45,140.48
1,2025-04-14 08:00:00,13.58,322.84
1,2025-04-14 09:00:00,11.18,457.66
1,2025-04-14 10:00:00,12.53,510.63
1,2025-04-14 11:00:00,14.28,570.57
1,2025-04-14 12:00:00,13.79,631.97
1,2025-04-14 13:00:00,15.36,591.51
1,2025-04-14 14:00:00,14.93,538.76
1,2025-04-14 15:00:00,15.82,439.38
1,2025-04-14 16:00:00,13.17,337.59
1,2025-04-14 17:00:00,11.77,173.91
1,2025-04-14 18:00:00,11.24,3.86
1,2025-04-14 19:00:00,9.92,3.67
1,2025-04-14 20:00:00,9.58,12.32
1,2025-04-14 21:00:00,8.07,2.07
1,2025-04-14 22:00:00,6.43,4.62
1,2025-04-14 23:00:00,8.17,0.0
1,2025-04-15 00:00:00,6.32,7.35
1,2025-04-15 01:00:00,6.39,0.0
1,2025-04-15 02:00:00,7.54,17.54
1,2025-04-15 03:00:00,6.12,0.0
1,2025-04-15 04:00:00,7.83,27.19
1,2025-04-15 05:00:00,11.11,5.75
1,2025-04-15 06:00:00,8.86,2.37
1,2025-04-15 07:00:00,12.82,142.35
1,2025-04-15 08:00:00,14.26,335.88
1,2025-04-15 09:00:00,14.82,446.27
1,2025-04-15 10:00:00,15.72,530.08
1,2025-04-15 11:00:00,13.61,595.12
1,2025-04-15 12:00:00,13.26,611.92
1,2025-04-15 13:00:00,16.01,625.42
1,2025-04-15 14:00:00,16.79,560.94
1,2025-04-15 15:00:00,13.06,438.89
1,2025-04-15 16:00:00,12.28,320.19
1,2025-04-15 17:00:00,12.23,137.38
1,2025-04-15 18:00:00,14.27,0.0
1,2025-04-15 19:00:00,11.6,0.0
1,2025-04-15 20:00:00,9.47,0.0
1,2025-04-15 21:00:00,9.06,0.0
1,2025-04-15 22:00:00,10.17,0.0
1,2025-04-15 23:00:00,5.91,0.0
1,2025-04-16 00:00:00,9.46,15.97
1,2025-04-16 01:00:00,6.06,0.0
1,2025-04-16 02:00:00,8.47,0.0
1,2025-04-16 03:00:00,9.75,5.94
1,2025-04-16 04:00:00,7.44,0.0
1,2025-04-16 05:00:00,11.21,0.0
1,2025-04-16 06:00:00,11.95,0.0
1,2025-04-16 07:00:00,11.44,185.25
1,2025-04-16 08:00:00,10.94,338.78
1,2025-04-16 09:00:00,12.0,445.89
1,2025-04-16 10:00:00,12.97,558.87
1,2025-04-16 11:00:00,14.55,632.06
1,2025-04-16 12:00:00,16.87,623.52
1,2025-04-16 13:00:00,15.59,586.39
1,2025-04-16 14:00:00,14.95,553.84
1,2025-04-16 15:00:00,14.02,471.72
1,2025-04-16 16:00:00,15.81,330.59
1,2025-04-16 17:00:00,12.91,153.38
1,2025-04-16 18:00:00,13.76,29.63
1,2025-04-16 19:00:00,10.2,0.0
1,2025-04-16 20:00:00,8.73,0.0
1,2025-04-16 21:00:00,10.94,17.78
1,2025-04-16 22:00:00,9.86,25.74
1,2025-04-16 23:00:00,7.22,0.0
1,2025-04-17 00:00:00,8.78,0.0
1,2025-04-17 01:00:00,7.99,3.6
1,2025-04-17 02:00:00,9.69,11.06
1,2025-04-17 03:00:00,8.68,20.5
1,2025-04-17 04:00:00,10.93,12.71
1,2025-04-17 05:00:00,8.57,2.22
1,2025-04-17 06:00:00,10.42,28.4
1,2025-04-17 07:00:00,12.69,144.72
1,2025-04-17 08:00:00,14.78,342.84
1,2025-04-17 09:00:00,12.63,478.9
1,2025-04-17 10:00:00,15.66,563.51
1,2025-04-17 11:00:00,13.48,628.88
1,2025-04-17 12:00:00,14.12,634.35
1,2025-04-17 13:00:00,14.62,631.16
1,2025-04-17 14:00:00,17.05,558.36
1,2025-04-17 15:00:00,13.96,445.44
1,2025-04-17 16:00:00,13.37,341.74
1,2025-04-17 17:00:00,13.78,178.54
1,2025-04-17 18:00:00,12.77,0.0
1,2025-04-17 19:00:00,10.31,5.45
1,2025-04-17 20:00:00,11.08,23.51
1,2025-04-17 21:00:00,8.51,8.22
1,2025-04-17 22:00:00,9.06,18.56
1,2025-04-17 23:00:00,8.78,2.57
1,2025-04-18 00:00:00,6.59,0.0
1,2025-04-18 01:00:00,6.9,10.49
1,2025-04-18 02:00:00,8.2,0.0
1,2025-04-18 03:00:00,10.41,9.25
1,2025-04-18 04:00:00,9.84,0.0
1,2025-04-18 05:00:00,10.96,0.0
1,2025-04-18 06:00:00,9.77,0.0
1,2025-04-18 07:00:00,13.4,186.38
1,2025-04-18 08:00:00,13.92,338.22
1,2025-04-18 09:00:00,15.98,469.46
1,2025-04-18 10:00:00,14.93,534.07
1,2025-04-18 11:00:00,15.7,646.19
1,2025-04-18 12:00:00,15.77,668.3
1,2025-04-18 13:00:00,18.02,644.59
1,2025-04-18 14:00:00,15.07,571.0
1,2025-04-18 15:00:00,17.44,433.4
1,2025-04-18 16:00:00,16.46,308.49
1,2025-04-18 17:00:00,14.39,174.19
1,2025-04-18 18:00:00,11.77,0.0
1,2025-04-18 19:00:00,13.69,12.33
1,2025-04-18 20:00:00,10.04,0.0
1,2025-04-18 21:00:00,10.62,0.0
1,2025-04-18 22:00:00,9.8,0.0
1,2025-04-18 23:00:00,9.09,0.0
1,2025-04-19 00:00:00,6.93,29.44
1,2025-04-19 01:00:00,9.23,0.0
1,2025-04-19 02:00:00,7.26,0.0
1,2025-04-19 03:00:00,7.9,5.39
1,2025-04-19 04:00:00,9.59,0.0
1,2025-04-19 05:00:00,11.37,0.0
1,2025-04-19 06:00:00,12.71,0.0
1,2025-04-19 07:00:00,11.35,163.27
1,2025-04-19 08:00:00,14.57,336.0
1,2025-04-19 09:00:00,13.32,467.41
1,2025-04-19 10:00:00,16.4,540.02
1,2025-04-19 11:00:00,15.52,610.84
1,2025-04-19 12:00:00,17.29,670.51
1,2025-04-19 13:00:00,18.25,623.29
1,2025-04-19 14:00:00,17.74,577.53
1,2025-04-19 15:00:00,16.54,471.82
1,2025-04-19 16:00:00,13.29,352.9
1,2025-04-19 17:00:00,15.17,156.23
1,2025-04-19 18:00:00,12.48,0.0
1,2025-04-19 19:00:00,13.08,17.69
1,2025-04-19 20:00:00,11.32,0.0
1,2025-04-19 21:00:00,11.33,5.95
1,2025-04-19 22:00:00,10.49,0.0
1,2025-04-19 23:00:00,7.57,28.94
1,2025-04-20 00:00:00,7.69,12.5
1,2025-04-20 01:00:00,7.49,0.0
1,2025-04-20 02:00:00,10.66,13.55
1,2025-04-20 03:00:00,7.18,7.35
1,2025-04-20 04:00:00,9.97,0.0
1,2025-04-20 05:00:00,9.41,0.0
1,2025-04-20 06:00:00,11.42,0.0
1,2025-04-20 07:00:00,13.48,180.92
1,2025-04-20 08:00:00,13.36,349.27
1,2025-04-20 09:00:00,15.43,445.07
1,2025-04-20 10:00:00,13.63,566.87
1,2025-04-20 11:00:00,14.69,654.21
1,2025-04-20 12:00:00,17.21,680.67
1,2025-04-20 13:00:00,14.63,660.6
1,2025-04-20 14:00:00,15.94,559.95
1,2025-04-20 15:00:00,15.1,489.33
1,2025-04-20 16:00:00,14.67,344.89
1,2025-04-20 17:00:00,13.46,194.71
1,2025-04-20 18:00:00,12.14,0.0
1,2025-04-20 19:00:00,12.45,0.0
1,2025-04-20 20:00:00,10.33,0.0
1,2025-04-20 21:00:00,11.18,17.74
1,2025-04-20 22:00:00,10.35,8.88
1,2025-04-20 23:00:00,7.75,6.8
1,2025-04-21 00:00:00,7.6,0.0
1,2025-04-21 01:00:00,9.79,5.13
1,2025-04-21 02:00:00,7.56,26.07
1,2025-04-21 03:00:00,10.46,14.75
1,2025-04-21 04:00:00,8.69,0.0
1,2025-04-21 05:00:00,9.07,18.58
1,2025-04-21 06:00:00,11.97,0.0
1,2025-04-21 07:00:00,12.5,149.07
1,2025-04-21 08:00:00,11.93,357.83
1,2025-04-21 09:00:00,15.66,496.9
1,2025-04-21 10:00:00,15.01,548.11
1,2025-04-21 11:00:00,14.32,650.61
1,2025-04-21 12:00:00,17.36,687.17
1,2025-04-21 13:00:00,14.9,637.41
1,2025-04-21 14:00:00,17.24,562.92
1,2025-04-21 15:00:00,16.59,493.8
1,2025-04-21 16:00:00,17.41,360.34
1,2025-04-21 17:00:00,14.43,154.44
1,2025-04-21 18:00:00,14.13,0.0
1,2025-04-21 19:00:00,12.11,0.0
1,2025-04-21 20:00:00,13.56,0.0
1,2025-04-21 21:00:00,9.43,0.0
1,2025-04-21 22:00:00,9.11,0.0
1,2025-04-21 23:00:00,10.09,0.43
1,2025-04-22 00:00:00,9.89,23.17
1,2025-04-22 01:00:00,7.65,0.0
1,2025-04-22 02:00:00,9.02,0.0
1,2025-04-22 03:00:00,11.41,6.18
1,2025-04-22 04:00:00,10.4,0.0
1,2025-04-22 05:00:00,10.63,0.0
1,2025-04-22 06:00:00,12.22,0.0
1,2025-04-22 07:00:00,13.49,147.16
1,2025-04-22 08:00:00,12.21,348.9
1,2025-04-22 09:00:00,15.12,498.83
1,2025-04-22 10:00:00,15.74,597.1
1,2025-04-22 11:00:00,17.86,661.78
1,2025-04-22 12:00:00,17.06,648.26
1,2025-04-22 13:00:00,15.58,656.81
1,2025-04-22 14:00:00,16.96,569.51
1,2025-04-22 15:00:00,18.43,445.62
1,2025-04-22 16:00:00,15.48,320.24
1,2025-04-22 17:00:00,15.02,199.26
1,2025-04-22 18:00:00,12.15,0.0
1,2025-04-22 19:00:00,12.89,1.99
1,2025-04-22 20:00:00,12.64,5.36
1,2025-04-22 21:00:00,11.48,5.02
1,2025-04-22 22:00:00,9.58,0.0
1,2025-04-22 23:00:00,9.48,5.37
1,2025-04-23 00:00:00,11.17,11.08
1,2025-04-23 01:00:00,11.13,0.0
1,2025-04-23 02:00:00,11.07,27.85
1,2025-04-23 03:00:00,8.35,7.3
1,2025-04-23 04:00:00,8.87,21.0
1,2025-04-23 05:00:00,12.05,0.0
1,2025-04-23 06:00:00,12.46,0.0
1,2025-04-23 07:00:00,12.75,195.69
1,2025-04-23 08:00:00,13.98,326.83
1,2025-04-23 09:00:00,16.08,505.04
1,2025-04-23 10:00:00,16.26,559.56
1,2025-04-23 11:00:00,17.26,637.05
1,2025-04-23 12:00:00,18.5,680.27
1,2025-04-23 13:00:00,16.77,620.68
1,2025-04-23 14:00:00,15.52,561.29
1,2025-04-23 15:00:00,18.46,500.85
1,2025-04-23 16:00:00,15.25,339.0
1,2025-04-23 17:00:00,16.39,178.09
1,2025-04-23 18:00:00,14.63,2.21
1,2025-04-23 19:00:00,12.42,27.87
1,2025-04-23 20:00:00,11.18,0.0
1,2025-04-23 21:00:00,11.19,0.0
1,2025-04-23 22:00:00,9.03,29.86
1,2025-04-23 23:00:00,9.97,23.56
1,2025-04-24 00:00:00,11.7,2.04
1,2025-04-24 01:00:00,8.75,0.0
1,2025-04-24 02:00:00,11.31,27.85
1,2025-04-24 03:00:00,10.2,0.0
1,2025-04-24 04:00:00,11.31,0.0
1,2025-04-24 05:00:00,11.3,0.0
1,2025-04-24 06:00:00,11.73,0.0
1,2025-04-24 07:00:00,12.76,188.54
1,2025-04-24 08:00:00,12.74,322.15
1,2025-04-24 09:00:00,15.27,474.07
1,2025-04-24 10:00:00,17.44,586.25
1,2025-04-24 11:00:00,17.49,669.78
1,2025-04-24 12:00:00,17.84,678.61
1,2025-04-24 13:00:00,16.55,628.07
1,2025-04-24 14:00:00,16.8,571.9
1,2025-04-24 15:00:00,16.98,493.71
1,2025-04-24 16:00:00,15.36,359.86
1,2025-04-24 17:00:00,14.34,179.43
1,2025-04-24 18:00:00,12.76,14.18
1,2025-04-24 19:00:00,15.5,0.0
1,2025-04-24 20:00:00,12.56,0.0
1,2025-04-24 21:00:00,13.26,18.96
1,2025-04-24 22:00:00,9.68,0.54
1,2025-04-24 23:00:00,9.13,0.0
1,2025-04-25 00:00:00,8.29,20.02
1,2025-04-25 01:00:00,9.55,0.0
1,2025-04-25 02:00:00,9.7,0.0
1,2025-04-25 03:00:00,9.68,14.03
1,2025-04-25 04:00:00,11.25,0.0
1,2025-04-25 05:00:00,10.04,0.0
1,2025-04-25 06:00:00,12.86,18.79
1,2025-04-25 07:00:00,13.29,162.7
1,2025-04-25 08:00:00,16.37,330.82
1,2025-04-25 09:00:00,15.82,467.12
1,2025-04-25 10:00:00,14.92,615.21
1,2025-04-25 11:00:00,16.48,648.83
1,2025-04-25 12:00:00,19.67,682.61
1,2025-04-25 13:00:00,17.21,657.5
1,2025-04-25 14:00:00,19.02,579.99
1,2025-04-25 15:00:00,18.91,455.8
1,2025-04-25 16:00:00,16.13,336.77
1,2025-04-25 17:00:00,14.92,197.63
1,2025-04-25 18:00:00,14.08,14.19
1,2025-04-25 19:00:00,14.12,0.0
1,2025-04-25 20:00:00,11.97,0.0
1,2025-04-25 21:00:00,10.48,0.0
1,2025-04-25 22:00:00,11.16,0.0
1,2025-04-25 23:00:00,11.16,22.58
1,2025-04-26 00:00:00,11.59,2.57
1,2025-04-26 01:00:00,11.08,15.69
1,2025-04-26 02:00:00,11.65,22.87
1,2025-04-26 03:00:00,9.0,0.0
1,2025-04-26 04:00:00,9.93,0.0
1,2025-04-26 05:00:00,13.09,28.76
1,2025-04-26 06:00:00,11.58,24.52
1,2025-04-26 07:00:00,12.2,168.24
1,2025-04-26 08:00:00,14.9,362.44
1,2025-04-26 09:00:00,17.25,489.53
1,2025-04-26 10:00:00,16.17,578.16
1,2025-04-26 11:00:00,15.74,665.09
1,2025-04-26 12:00:00,18.34,666.79
1,2025-04-26 13:00:00,16.24,670.49
1,2025-04-26 14:00:00,16.92,582.94
1,2025-04-26 15:00:00,15.91,485.13
1,2025-04-26 16:00:00,15.58,336.48
1,2025-04-26 17:00:00,15.05,207.61
1,2025-04-26 18:00:00,13.12,28.12
1,2025-04-26 19:00:00,14.61,20.38
1,2025-04-26 20:00:00,13.62,24.15
1,2025-04-26 21:00:00,13.31,0.0
1,2025-04-26 22:00:00,9.68,8.28
1,2025-04-26 23:00:00,10.39,11.62
1,2025-04-27 00:00:00,11.36,3.48
1,2025-04-27 01:00:00,8.4,15.39
1,2025-04-27 02:00:00,11.52,24.48
1,2025-04-27 03:00:00,11.33,23.64
1,2025-04-27 04:00:00,11.63,0.0
1,2025-04-27 05:00:00,13.93,0.0
1,2025-04-27 06:00:00,14.4,3.27
1,2025-04-27 07:00:00,13.36,189.4
1,2025-04-27 08:00:00,14.92,362.2
1,2025-04-27 09:00:00,14.9,519.56
1,2025-04-27 10:00:00,17.52,604.84
1,2025-04-27 11:00:00,18.03,688.68
1,2025-04-27 12:00:00,16.75,693.31
1,2025-04-27 13:00:00,17.88,679.62
1,2025-04-27 14:00:00,16.68,621.07
1,2025-04-27 15:00:00,18.23,504.45
1,2025-04-27 16:00:00,15.61,325.75
1,2025-04-27 17:00:00,14.68,199.65
1,2025-04-27 18:00:00,14.76,0.0
1,2025-04-27 19:00:00,13.8,0.0
1,2025-04-27 20:00:00,11.58,0.0
1,2025-04-27 21:00:00,10.65,0.0
1,2025-04-27 22:00:00,10.94,20.49
1,2025-04-27 23:00:00,11.59,0.0
1,2025-04-28 00:00:00,9.57,0.0
1,2025-04-28 01:00:00,12.47,0.0
1,2025-04-28 02:00:00,11.83,0.0
1,2025-04-28 03:00:00,11.22,24.32
1,2025-04-28 04:00:00,13.12,3.19
1,2025-04-28 05:00:00,12.96,22.88
1,2025-04-28 06:00:00,12.64,0.0
1,2025-04-28 07:00:00,16.19,156.43
1,2025-04-28 08:00:00,13.66,338.69
1,2025-04-28 09:00:00,16.02,495.36
1,2025-04-28 10:00:00,18.72,624.1
1,2025-04-28 11:00:00,18.59,662.93
1,2025-04-28 12:00:00,17.65,708.81
1,2025-04-28 13:00:00,16.63,667.14
1,2025-04-28 14:00:00,18.04,628.78
1,2025-04-28 15:00:00,19.1,478.52
1,2025-04-28 16:00:00,18.94,352.79
1,2025-04-28 17:00:00,18.29,191.69
1,2025-04-28 18:00:00,13.88,0.0
1,2025-04-28 19:00:00,13.49,4.72
1,2025-04-28 20:00:00,14.02,8.82
1,2025-04-28 21:00:00,12.84,0.0
1,2025-04-28 22:00:00,13.39,0.0
1,2025-04-28 23:00:00,10.49,12.51
1,2025-04-29 00:00:00,10.94,0.0
1,2025-04-29 01:00:00,12.25,0.0
1,2025-04-29 02:00:00,9.32,20.32
1,2025-04-29 03:00:00,13.2,0.0
1,2025-04-29 04:00:00,12.38,14.88
1,2025-04-29 05:00:00,12.14,3.54
1,2025-04-29 06:00:00,12.6,0.27
1,2025-04-29 07:00:00,13.57,189.27
1,2025-04-29 08:00:00,16.78,360.81
1,2025-04-29 09:00:00,15.89,488.53
1,2025-04-29 10:00:00,18.58,594.67
1,2025-04-29 11:00:00,18.21,665.98
1,2025-04-29 12:00:00,19.1,724.37
1,2025-04-29 13:00:00,17.35,687.4
1,2025-04-29 14:00:00,16.96,615.02
1,2025-04-29 15:00:00,17.88,507.15
1,2025-04-29 16:00:00,19.22,338.71
1,2025-04-29 17:00:00,16.52,160.9
1,2025-04-29 18:00:00,16.48,0.0
1,2025-04-29 19:00:00,14.33,5.93
1,2025-04-29 20:00:00,15.43,18.62
1,2025-04-29 21:00:00,12.74,0.0
1,2025-04-29 22:00:00,13.19,0.0
1,2025-04-29 23:00:00,9.57,4.44
1,2025-04-30 00:00:00,13.03,0.0
1,2025-04-30 01:00:00,12.57,0.0
1,2025-04-30 02:00:00,9.92,16.95
1,2025-04-30 03:00:00,9.77,7.33
1,2025-04-30 04:00:00,13.95,8.96
1,2025-04-30 05:00:00,11.81,0.0
1,2025-04-30 06:00:00,15.42,0.0
1,2025-04-30 07:00:00,13.61,201.43
1,2025-04-30 08:00:00,17.26,344.48
1,2025-04-30 09:00:00,15.7,483.96
1,2025-04-30 10:00:00,19.17,586.53
1,2025-04-30 11:00:00,16.6,668.94
1,2025-04-30 12:00:00,18.98,693.61
1,2025-04-30 13:00:00,17.07,665.83
1,2025-04-30 14:00:00,19.52,599.74
1,2025-04-30 15:00:00,19.09,528.5
1,2025-04-30 16:00:00,18.57,362.76
1,2025-04-30 17:00:00,17.3,160.16
1,2025-04-30 18:00:00,16.54,0.0
1,2025-04-30 19:00:00,15.26,0.0
1,2025-04-30 20:00:00,15.82,6.62
1,2025-04-30 21:00:00,12.65,13.48
1,2025-04-30 22:00:00,10.54,0.0
1,2025-04-30 23:00:00,11.46,0.8
1,2025-05-01 00:00:00,11.6,0.0
1,2025-05-01 01:00:00,11.19,0.0
1,2025-05-01 02:00:00,10.67,0.29
1,2025-05-01 03:00:00,11.46,0.0
1,2025-05-01 04:00:00,11.29,0.0
1,2025-05-01 05:00:00,12.54,0.0
1,2025-05-01 06:00:00,15.46,1.64
1,2025-05-01 07:00:00,13.92,180.61
1,2025-05-01 08:00:00,17.16,370.22
1,2025-05-01 09:00:00,17.74,519.77
1,2025-05-01 10:00:00,18.49,609.79
1,2025-05-01 11:00:00,18.29,694.14
1,2025-05-01 12:00:00,17.49,697.47
1,2025-05-01 13:00:00,20.8,689.59
1,2025-05-01 14:00:00,18.65,648.89
1,2025-05-01 15:00:00,20.57,529.74
1,2025-05-01 16:00:00,17.81,340.97
1,2025-05-01 17:00:00,17.7,157.41
1,2025-05-01 18:00:00,15.56,24.54
1,2025-05-01 19:00:00,14.1,23.34
1,2025-05-01 20:00:00,14.21,19.7
1,2025-05-01 21:00:00,14.81,0.0
1,2025-05-01 22:00:00,13.89,22.82
1,2025-05-01 23:00:00,10.65,0.0
1,2025-05-02 00:00:00,11.51,0.0
1,2025-05-02 01:00:00,11.94,0.0
1,2025-05-02 02:00:00,11.43,21.03
1,2025-05-02 03:00:00,10.24,3.26
1,2025-05-02 04:00:00,12.92,0.0
1,2025-05-02 05:00:00,12.62,0.0
1,2025-05-02 06:00:00,13.77,0.0
1,2025-05-02 07:00:00,15.01,163.45
1,2025-05-02 08:00:00,18.2,387.62
1,2025-05-02 09:00:00,16.68,509.9
1,2025-05-02 10:00:00,17.23,648.04
1,2025-05-02 11:00:00,18.25,704.59
1,2025-05-02 12:00:00,21.02,708.36
1,2025-05-02 13:00:00,20.06,725.39
1,2025-05-02 14:00:00,20.05,609.22
1,2025-05-02 15:00:00,20.01,525.24
1,2025-05-02 16:00:00,16.57,330.7
1,2025-05-02 17:00:00,19.11,185.5
1,2025-05-02 18:00:00,17.15,0.0
1,2025-05-02 19:00:00,17.07,0.0
1,2025-05-02 20:00:00,13.52,0.0
1,2025-05-02 21:00:00,15.11,16.34
1,2025-05-02 22:00:00,13.36,29.37
1,2025-05-02 23:00:00,12.03,7.86
1,2025-05-03 00:00:00,12.33,0.0
1,2025-05-03 01:00:00,11.66,0.22
1,2025-05-03 02:00:00,13.62,0.0
1,2025-05-03 03:00:00,12.88,8.24
1,2025-05-03 04:00:00,14.79,0.0
1,2025-05-03 05:00:00,14.88,0.0
1,2025-05-03 06:00:00,14.58,0.0
1,2025-05-03 07:00:00,16.15,159.16
1,2025-05-03 08:00:00,17.92,338.74
1,2025-05-03 09:00:00,16.25,533.74
1,2025-05-03 10:00:00,18.44,609.26
1,2025-05-03 11:00:00,19.64,710.78
1,2025-05-03 12:00:00,20.15,714.79
1,2025-05-03 13:00:00,17.86,707.79
1,2025-05-03 14:00:00,18.94,604.58
1,2025-05-03 15:00:00,20.19,498.28
1,2025-05-03 16:00:00,18.05,357.1
1,2025-05-03 17:00:00,16.65,202.11
1,2025-05-03 18:00:00,16.87,18.5
1,2025-05-03 19:00:00,16.4,0.0
1,2025-05-03 20:00:00,14.75,28.23
1,2025-05-03 21:00:00,12.92,0.0
1,2025-05-03 22:00:00,14.48,0.0
1,2025-05-03 23:00:00,11.21,0.0
1,2025-05-04 00:00:00,12.05,0.0
1,2025-05-04 01:00:00,11.97,0.0
1,2025-05-04 02:00:00,13.47,24.74
1,2025-05-04 03:00:00,10.84,8.76
1,2025-05-04 04:00:00,14.8,6.79
1,2025-05-04 05:00:00,12.77,0.0
1,2025-05-04 06:00:00,13.19,3.07
1,2025-05-04 07:00:00,17.57,205.51
1,2025-05-04 08:00:00,18.55,363.52
1,2025-05-04 09:00:00,16.65,541.71
1,2025-05-04 10:00:00,19.67,657.32
1,2025-05-04 11:00:00,20.19,681.32
1,2025-05-04 12:00:00,18.66,748.84
1,2025-05-04 13:00:00,20.45,711.02
1,2025-05-04 14:00:00,21.19,612.2
1,2025-05-04 15:00:00,19.19,531.08
1,2025-05-04 16:00:00,18.56,381.68
1,2025-05-04 17:00:00,16.17,173.82
1,2025-05-04 18:00:00,18.85,20.62
1,2025-05-04 19:00:00,16.75,0.0
1,2025-05-04 20:00:00,16.03,26.49
1,2025-05-04 21:00:00,12.97,20.98
1,2025-05-04 22:00:00,14.1,0.0
1,2025-05-04 23:00:00,12.15,0.0
1,2025-05-05 00:00:00,11.59,0.0
1,2025-05-05 01:00:00,11.16,22.79
1,2025-05-05 02:00:00,13.5,13.55
1,2025-05-05 03:00:00,14.24,13.44
1,2025-05-05 04:00:00,13.58,16.92
1,2025-05-05 05:00:00,14.62,0.0
1,2025-05-05 06:00:00,16.03,0.0
1,2025-05-05 07:00:00,16.03,202.85
1,2025-05-05 08:00:00,15.89,349.03
1,2025-05-05 09:00:00,19.91,531.71
1,2025-05-05 10:00:00,20.97,639.34
1,2025-05-05 11:00:00,19.82,704.63
1,2025-05-05 12:00:00,19.52,736.62
1,2025-05-05 13:00:00,19.82,685.11
1,2025-05-05 14:00:00,21.01,644.57
1,2025-05-05 15:00:00,21.03,531.88
1,2025-05-05 16:00:00,19.25,393.48
1,2025-05-05 17:00:00,20.19,189.38
1,2025-05-05 18:00:00,15.7,0.0
1,2025-05-05 19:00:00,15.01,8.36
1,2025-05-05 20:00:00,14.93,0.0
1,2025-05-05 21:00:00,14.35,0.0
1,2025-05-05 22:00:00,13.88,0.0
1,2025-05-05 23:00:00,13.27,0.0
1,2025-05-06 00:00:00,14.59,1.2
1,2025-05-06 01:00:00,13.63,0.0
1,2025-05-06 02:00:00,14.35,18.7
1,2025-05-06 03:00:00,14.87,0.0
1,2025-05-06 04:00:00,13.76,24.86
1,2025-05-06 05:00:00,14.45,0.0
1,2025-05-06 06:00:00,14.29,17.88
1,2025-05-06 07:00:00,17.4,165.83
1,2025-05-06 08:00:00,19.33,360.96
1,2025-05-06 09:00:00,17.53,548.69
1,2025-05-06 10:00:00,19.51,643.68
1,2025-05-06 11:00:00,18.34,705.37
1,2025-05-06 12:00:00,19.44,717.07
1,2025-05-06 13:00:00,18.87,695.46
1,2025-05-06 14:00:00,21.5,627.05
1,2025-05-06 15:00:00,21.8,510.88
1,2025-05-06 16:00:00,19.54,367.56
1,2025-05-06 17:00:00,19.48,202.26
1,2025-05-06 18:00:00,17.39,26.3
1,2025-05-06 19:00:00,16.33,2.72
1,2025-05-06 20:00:00,16.41,0.0
1,2025-05-06 21:00:00,13.1,22.48
1,2025-05-06 22:00:00,15.12,0.0
1,2025-05-06 23:00:00,12.61,0.0
1,2025-05-07 00:00:00,14.61,20.26
1,2025-05-07 01:00:00,13.48,2.27
1,2025-05-07 02:00:00,13.82,13.57
1,2025-05-07 03:00:00,12.44,25.18
1,2025-05-07 04:00:00,14.09,7.89
1,2025-05-07 05:00:00,15.74,24.28
1,2025-05-07 06:00:00,16.38,0.0
1,2025-05-07 07:00:00,15.3,188.64
1,2025-05-07 08:00:00,19.56,399.57
1,2025-05-07 09:00:00,17.67,530.9
1,2025-05-07 10:00:00,19.96,673.47
1,2025-05-07 11:00:00,19.54,709.94
1,2025-05-07 12:00:00,19.02,749.68
1,2025-05-07 13:00:00,22.65,704.23
1,2025-05-07 14:00:00,18.7,616.64
1,2025-05-07 15:00:00,20.47,538.22
1,2025-05-07 16:00:00,18.43,354.53
1,2025-05-07 17:00:00,18.12,196.53
1,2025-05-07 18:00:00,18.26,7.42
1,2025-05-07 19:00:00,16.65,19.63
1,2025-05-07 20:00:00,15.21,25.3
1,2025-05-07 21:00:00,13.37,0.0
1,2025-05-07 22:00:00,13.46,16.09
1,2025-05-07 23:00:00,12.48,0.0
1,2025-05-08 00:00:00,12.98,25.64
1,2025-05-08 01:00:00,12.66,8.84
1,2025-05-08 02:00:00,14.36,0.0
1,2025-05-08 03:00:00,15.19,6.68
1,2025-05-08 04:00:00,13.77,0.0
1,2025-05-08 05:00:00,14.75,0.0
1,2025-05-08 06:00:00,17.62,14.76
1,2025-05-08 07:00:00,16.91,198.11
1,2025-05-08 08:00:00,17.26,350.5
1,2025-05-08 09:00:00,18.18,512.11
1,2025-05-08 10:00:00,18.91,666.11
1,2025-05-08 11:00:00,21.7,717.71
1,2025-05-08 12:00:00,20.28,730.12
1,2025-05-08 13:00:00,19.61,734.78
1,2025-05-08 14:00:00,19.89,648.99
1,2025-05-08 15:00:00,19.55,525.8
1,2025-05-08 16:00:00,18.37,385.25
1,2025-05-08 17:00:00,19.8,218.65
1,2025-05-08 18:00:00,17.23,1.59
1,2025-05-08 19:00:00,15.22,19.01
1,2025-05-08 20:00:00,16.08,0.0
1,2025-05-08 21:00:00,13.21,0.0
1,2025-05-08 22:00:00,13.37,1.39
1,2025-05-08 23:00:00,13.68,9.11
1,2025-05-09 00:00:00,14.44,0.0
1,2025-05-09 01:00:00,14.63,0.0
1,2025-05-09 02:00:00,14.23,0.0
1,2025-05-09 03:00:00,12.67,9.76
1,2025-05-09 04:00:00,13.23,0.0
1,2025-05-09 05:00:00,15.87,3.44
1,2025-05-09 06:00:00,15.69,0.0
1,2025-05-09 07:00:00,17.38,169.1
1,2025-05-09 08:00:00,18.59,371.91
1,2025-05-09 09:00:00,19.03,508.51
1,2025-05-09 10:00:00,18.98,650.6
1,2025-05-09 11:00:00,19.86,699.87
1,2025-05-09 12:00:00,21.8,772.83
1,2025-05-09 13:00:00,20.77,746.93
1,2025-05-09 14:00:00,21.23,638.55
1,2025-05-09 15:00:00,19.81,550.72
1,2025-05-09 16:00:00,21.25,377.14
1,2025-05-09 17:00:00,17.21,207.75
1,2025-05-09 18:00:00,17.86,0.0
1,2025-05-09 19:00:00,18.18,0.0
1,2025-05-09 20:00:00,14.31,15.86
1,2025-05-09 21:00:00,13.21,0.0
1,2025-05-09 22:00:00,13.8,15.56
1,2025-05-09 23:00:00,13.66,27.05
1,2025-05-10 00:00:00,11.55,0.0
1,2025-05-10 01:00:00,13.51,0.0
1,2025-05-10 02:00:00,12.19,0.0
1,2025-05-10 03:00:00,12.92,1.99
1,2025-05-10 04:00:00,15.64,17.98
1,2025-05-10 05:00:00,13.61,0.0
1,2025-05-10 06:00:00,14.95,0.0
1,2025-05-10 07:00:00,18.93,177.3
1,2025-05-10 08:00:00,18.53,389.44
1,2025-05-10 09:00:00,19.28,534.13
1,2025-05-10 10:00:00,21.26,685.67
1,2025-05-10 11:00:00,19.7,714.19
1,2025-05-10 12:00:00,22.23,761.2
1,2025-05-10 13:00:00,21.74,736.88
1,2025-05-10 14:00:00,21.96,666.61
1,2025-05-10 15:00:00,19.88,539.04
1,2025-05-10 16:00:00,21.53,350.14
1,2025-05-10 17:00:00,19.0,216.78
1,2025-05-10 18:00:00,20.0,0.0
1,2025-05-10 19:00:00,17.13,0.0
1,2025-05-10 20:00:00,16.47,0.0
1,2025-05-10 21:00:00,15.35,0.0
1,2025-05-10 22:00:00,15.24,15.53
1,2025-05-10 23:00:00,12.55,0.0
1,2025-05-11 00:00:00,12.96,27.29
1,2025-05-11 01:00:00,14.41,0.0
1,2025-05-11 02:00:00,13.86,0.0
1,2025-05-11 03:00:00,12.33,3.11
1,2025-05-11 04:00:00,14.8,0.0
1,2025-05-11 05:00:00,16.45,0.0
1,2025-05-11 06:00:00,17.01,25.86
1,2025-05-11 07:00:00,16.43,170.68
1,2025-05-11 08:00:00,18.54,375.72
1,2025-05-11 09:00:00,21.33,515.37
1,2025-05-11 10:00:00,21.01,658.41
1,2025-05-11 11:00:00,19.93,744.57
1,2025-05-11 12:00:00,23.47,780.63
1,2025-05-11 13:00:00,23.25,732.37
1,2025-05-11 14:00:00,22.21,669.47
1,2025-05-11 15:00:00,22.16,540.45
1,2025-05-11 16:00:00,20.88,356.25
1,2025-05-11 17:00:00,20.57,204.72
1,2025-05-11 18:00:00,19.58,20.39
1,2025-05-11 19:00:00,17.77,0.0
1,2025-05-11 20:00:00,18.02,0.0
1,2025-05-11 21:00:00,14.69,18.62
1,2025-05-11 22:00:00,13.96,18.21
1,2025-05-11 23:00:00,15.45,8.89
1,2025-05-12 00:00:00,14.82,0.0
1,2025-05-12 01:00:00,14.63,17.32
1,2025-05-12 02:00:00,14.4,0.0
1,2025-05-12 03:00:00,13.85,0.0
1,2025-05-12 04:00:00,14.81,0.0
1,2025-05-12 05:00:00,16.26,25.0
1,2025-05-12 06:00:00,15.46,0.0
1,2025-05-12 07:00:00,16.17,172.85
1,2025-05-12 08:00:00,17.42,386.04
1,2025-05-12 09:00:00,19.31,529.29
1,2025-05-12 10:00:00,22.07,646.9
1,2025-05-12 11:00:00,20.73,718.86
1,2025-05-12 12:00:00,23.58,791.84
1,2025-05-12 13:00:00,22.99,747.19
1,2025-05-12 14:00:00,22.97,673.24
1,2025-05-12 15:00:00,20.7,520.89
1,2025-05-12 16:00:00,18.68,379.94
1,2025-05-12 17:00:00,20.13,187.58
1,2025-05-12 18:00:00,17.66,0.0
1,2025-05-12 19:00:00,16.91,0.0
1,2025-05-12 20:00:00,17.81,12.9
1,2025-05-12 21:00:00,17.45,28.56
1,2025-05-12 22:00:00,13.65,0.0
1,2025-05-12 23:00:00,15.91,0.0
1,2025-05-13 00:00:00,15.55,0.0
1,2025-05-13 01:00:00,15.7,0.0
1,2025-05-13 02:00:00,15.07,2.82
1,2025-05-13 03:00:00,15.34,0.0
1,2025-05-13 04:00:00,16.13,0.0
1,2025-05-13 05:00:00,16.58,19.62
1,2025-05-13 06:00:00,15.41,6.94
1,2025-05-13 07:00:00,18.63,180.4
1,2025-05-13 08:00:00,19.94,363.9
1,2025-05-13 09:00:00,20.98,550.7
1,2025-05-13 10:00:00,22.09,649.15
1,2025-05-13 11:00:00,22.82,719.72
1,2025-05-13 12:00:00,21.14,754.28
1,2025-05-13 13:00:00,22.4,734.8
1,2025-05-13 14:00:00,23.09,647.52
1,2025-05-13 15:00:00,23.13,570.49
1,2025-05-13 16:00:00,21.82,377.49
1,2025-05-13 17:00:00,18.66,206.59
1,2025-05-13 18:00:00,19.2,3.19
1,2025-05-13 19:00:00,18.17,0.0
1,2025-05-13 20:00:00,16.37,0.0
1,2025-05-13 21:00:00,16.52,3.81
1,2025-05-13 22:00:00,13.37,15.34
1,2025-05-13 23:00:00,13.24,0.0
1,2025-05-14 00:00:00,13.51,0.0
1,2025-05-14 01:00:00,13.51,12.04
1,2025-05-14 02:00:00,15.47,15.7
1,2025-05-14 03:00:00,14.18,0.0
1,2025-05-14 04:00:00,13.53,26.82
1,2025-05-14 05:00:00,16.11,0.0
1,2025-05-14 06:00:00,18.79,0.0
1,2025-05-14 07:00:00,19.62,197.69
1,2025-05-14 08:00:00,19.58,360.62
1,2025-05-14 09:00:00,19.07,557.03
1,2025-05-14 10:00:00,20.94,640.77
1,2025-05-14 11:00:00,21.61,726.28
1,2025-05-14 12:00:00,20.22,790.29
1,2025-05-14 13:00:00,22.95,770.41
1,2025-05-14 14:00:00,22.76,680.93
1,2025-05-14 15:00:00,20.35,548.84
1,2025-05-14 16:00:00,19.93,378.15
1,2025-05-14 17:00:00,21.54,221.72
1,2025-05-14 18:00:00,20.45,0.0
1,2025-05-14 19:00:00,17.67,15.09
1,2025-05-14 20:00:00,15.93,2.14
1,2025-05-14 21:00:00,18.25,2.03
1,2025-05-14 22:00:00,14.23,4.52
1,2025-05-14 23:00:00,13.6,0.0
1,2025-05-15 00:00:00,14.44,1.5
1,2025-05-15 01:00:00,13.94,0.0
1,2025-05-15 02:00:00,16.39,0.0
1,2025-05-15 03:00:00,14.94,12.4
1,2025-05-15 04:00:00,15.49,27.88
1,2025-05-15 05:00:00,17.19,0.0
1,2025-05-15 06:00:00,16.61,16.61
1,2025-05-15 07:00:00,20.05,174.45
1,2025-05-15 08:00:00,21.24,366.28
1,2025-05-15 09:00:00,22.12,556.48
1,2025-05-15 10:00:00,21.82,654.17
1,2025-05-15 11:00:00,20.76,762.93
1,2025-05-15 12:00:00,23.53,803.17
1,2025-05-15 13:00:00,21.42,738.28
1,2025-05-15 14:00:00,21.47,685.15
1,2025-05-15 15:00:00,23.29,564.56
1,2025-05-15 16:00:00,20.18,388.42
1,2025-05-15 17:00:00,20.53,227.7
1,2025-05-15 18:00:00,21.02,0.0
1,2025-05-15 19:00:00,20.28,0.46
1,2025-05-15 20:00:00,16.0,0.0
1,2025-05-15 21:00:00,16.33,0.0
1,2025-05-15 22:00:00,17.27,0.0
1,2025-05-15 23:00:00,13.49,27.91
1,2025-05-16 00:00:00,13.72,0.0
1,2025-05-16 01:00:00,12.71,0.0
1,2025-05-16 02:00:00,13.9,0.0
1,2025-05-16 03:00:00,14.95,0.0
1,2025-05-16 04:00:00,17.6,19.36
1,2025-05-16 05:00:00,17.5,0.0
1,2025-05-16 06:00:00,17.33,28.17
1,2025-05-16 07:00:00,19.3,227.33
1,2025-05-16 08:00:00,21.49,378.97
1,2025-05-16 09:00:00,19.65,568.1
1,2025-05-16 10:00:00,19.83,706.97
1,2025-05-16 11:00:00,21.56,730.31
1,2025-05-16 12:00:00,22.4,769.08
1,2025-05-16 13:00:00,24.18,744.41
1,2025-05-16 14:00:00,21.09,684.85
1,2025-05-16 15:00:00,20.53,534.94
1,2025-05-16 16:00:00,23.3,417.55
1,2025-05-16 17:00:00,21.43,177.38
1,2025-05-16 18:00:00,18.41,0.0
1,2025-05-16 19:00:00,18.03,29.97
1,2025-05-16 20:00:00,18.8,21.35
1,2025-05-16 21:00:00,16.82,0.0
1,2025-05-16 22:00:00,14.09,13.71
1,2025-05-16 23:00:00,15.25,0.0
1,2025-05-17 00:00:00,15.79,5.13
1,2025-05-17 01:00:00,13.65,0.0
1,2025-05-17 02:00:00,14.49,0.0
1,2025-05-17 03:00:00,13.61,0.0
1,2025-05-17 04:00:00,17.04,0.0
1,2025-05-17 05:00:00,16.8,9.76
1,2025-05-17 06:00:00,16.15,20.52
1,2025-05-17 07:00:00,19.75,175.1
1,2025-05-17 08:00:00,19.49,387.04
1,2025-05-17 09:00:00,19.15,544.67
1,2025-05-17 10:00:00,21.96,653.6
1,2025-05-17 11:00:00,20.62,758.6
1,2025-05-17 12:00:00,23.08,779.36
1,2025-05-17 13:00:00,24.4,762.53
1,2025-05-17 14:00:00,23.0,658.31
1,2025-05-17 15:00:00,23.71,564.53
1,2025-05-17 16:00:00,20.94,405.51
1,2025-05-17 17:00:00,19.45,203.23
1,2025-05-17 18:00:00,20.22,4.37
1,2025-05-17 19:00:00,17.72,10.19
1,2025-05-17 20:00:00,19.1,0.0
1,2025-05-17 21:00:00,16.73,0.0
1,2025-05-17 22:00:00,14.36,1.92
1,2025-05-17 23:00:00,15.63,0.0
1,2025-05-18 00:00:00,13.87,13.27
1,2025-05-18 01:00:00,14.02,0.0
1,2025-05-18 02:00:00,16.84,0.0
1,2025-05-18 03:00:00,15.34,22.31
1,2025-05-18 04:00:00,15.62,0.88
1,2025-05-18 05:00:00,15.61,5.67
1,2025-05-18 06:00:00,17.46,19.06
1,2025-05-18 07:00:00,19.84,179.67
1,2025-05-18 08:00:00,20.32,379.44
1,2025-05-18 09:00:00,20.84,541.68
1,2025-05-18 10:00:00,20.09,658.39
1,2025-05-18 11:00:00,23.72,779.27
1,2025-05-18 12:00:00,23.39,790.94
1,2025-05-18 13:00:00,24.39,780.12
1,2025-05-18 14:00:00,23.8,711.34
1,2025-05-18 15:00:00,23.32,564.35
1,2025-05-18 16:00:00,20.8,368.43
1,2025-05-18 17:00:00,21.43,179.81
1,2025-05-18 18:00:00,19.57,17.88
1,2025-05-18 19:00:00,19.26,10.52
1,2025-05-18 20:00:00,18.98,28.91
1,2025-05-18 21:00:00,19.04,10.81
1,2025-05-18 22:00:00,14.7,8.13
1,2025-05-18 23:00:00,14.89,0.0
1,2025-05-19 00:00:00,13.76,0.0
1,2025-05-19 01:00:00,15.45,0.0
1,2025-05-19 02:00:00,14.14,28.85
1,2025-05-19 03:00:00,14.96,0.0
1,2025-05-19 04:00:00,16.13,16.79
1,2025-05-19 05:00:00,17.67,0.0
1,2025-05-19 06:00:00,16.98,21.13
1,2025-05-19 07:00:00,18.52,200.72
1,2025-05-19 08:00:00,20.37,383.57
1,2025-05-19 09:00:00,23.31,538.71
1,2025-05-19 10:00:00,22.39,707.31
1,2025-05-19 11:00:00,23.98,762.05
1,2025-05-19 12:00:00,24.83,779.02
1,2025-05-19 13:00:00,21.63,773.17
1,2025-05-19 14:00:00,23.96,674.74
1,2025-05-19 15:00:00,24.1,572.84
1,2025-05-19 16:00:00,22.29,389.38
1,2025-05-19 17:00:00,20.86,224.69
1,2025-05-19 18:00:00,18.48,6.33
1,2025-05-19 19:00:00,20.16,11.8
1,2025-05-19 20:00:00,17.06,19.54
1,2025-05-19 21:00:00,16.16,6.26
1,2025-05-19 22:00:00,14.59,0.68
1,2025-05-19 23:00:00,16.82,6.07
1,2025-05-20 00:00:00,16.2,0.54
1,2025-05-20 01:00:00,15.99,12.05
1,2025-05-20 02:00:00,16.59,27.34
1,2025-05-20 03:00:00,15.87,19.6
1,2025-05-20 04:00:00,16.89,0.0
1,2025-05-20 05:00:00,18.89,10.72
1,2025-05-20 06:00:00,17.59,11.68
1,2025-05-20 07:00:00,21.41,221.15
1,2025-05-20 08:00:00,20.45,418.17
1,2025-05-20 09:00:00,22.53,550.82
1,2025-05-20 10:00:00,21.87,707.18
1,2025-05-20 11:00:00,23.36,775.15
1,2025-05-20 12:00:00,23.84,803.31
1,2025-05-20 13:00:00,23.03,772.6
1,2025-05-20 14:00:00,22.42,697.96
1,2025-05-20 15:00:00,23.93,547.8
1,2025-05-20 16:00:00,20.64,416.72
1,2025-05-20 17:00:00,19.97,202.95
1,2025-05-20 18:00:00,21.95,0.0
1,2025-05-20 19:00:00,19.03,0.32
1,2025-05-20 20:00:00,18.73,19.43
1,2025-05-20 21:00:00,18.98,0.0
1,2025-05-20 22:00:00,17.92,0.0
1,2025-05-20 23:00:00,16.71,0.0
1,2025-05-21 00:00:00,14.58,4.87
1,2025-05-21 01:00:00,16.66,0.0
1,2025-05-21 02:00:00,13.92,0.0
1,2025-05-21 03:00:00,17.38,28.07
1,2025-05-21 04:00:00,18.88,28.25
1,2025-05-21 05:00:00,17.78,0.0
1,2025-05-21 06:00:00,18.84,25.12
1,2025-05-21 07:00:00,18.32,203.3
1,2025-05-21 08:00:00,19.8,410.2
1,2025-05-21 09:00:00,20.71,539.44
1,2025-05-21 10:00:00,24.37,682.0
1,2025-05-21 11:00:00,24.7,774.94
1,2025-05-21 12:00:00,24.39,814.92
1,2025-05-21 13:00:00,21.84,776.82
1,2025-05-21 14:00:00,22.77,679.66
1,2025-05-21 15:00:00,24.46,550.6
1,2025-05-21 16:00:00,24.02,428.98
1,2025-05-21 17:00:00,23.06,209.12
1,2025-05-21 18:00:00,20.97,0.0
1,2025-05-21 19:00:00,21.32,0.0
1,2025-05-21 20:00:00,16.93,0.0
1,2025-05-21 21:00:00,16.01,5.79
1,2025-05-21 22:00:00,15.76,0.0
1,2025-05-21 23:00:00,18.25,0.0
1,2025-05-22 00:00:00,16.87,20.27
1,2025-05-22 01:00:00,15.02,28.75
1,2025-05-22 02:00:00,14.41,20.52
1,2025-05-22 03:00:00,14.66,0.0
1,2025-05-22 04:00:00,15.79,14.16
1,2025-05-22 05:00:00,17.56,0.0
1,2025-05-22 06:00:00,18.6,28.71
1,2025-05-22 07:00:00,21.0,232.99
1,2025-05-22 08:00:00,21.98,394.58
1,2025-05-22 09:00:00,21.64,587.27
1,2025-05-22 10:00:00,22.82,698.99
1,2025-05-22 11:00:00,23.3,769.64
1,2025-05-22 12:00:00,22.87,829.16
1,2025-05-22 13:00:00,23.07,798.74
1,2025-05-22 14:00:00,22.7,718.63
1,2025-05-22 15:00:00,22.2,571.92
1,2025-05-22 16:00:00,21.29,390.1
1,2025-05-22 17:00:00,23.74,190.91
1,2025-05-22 18:00:00,22.25,17.12
1,2025-05-22 19:00:00,19.15,0.0
1,2025-05-22 20:00:00,19.94,0.0
1,2025-05-22 21:00:00,16.46,24.8
1,2025-05-22 22:00:00,18.17,0.0
1,2025-05-22 23:00:00,16.98,0.0
1,2025-05-23 00:00:00,18.0,21.75
1,2025-05-23 01:00:00,15.69,21.94
1,2025-05-23 02:00:00,15.82,0.0
1,2025-05-23 03:00:00,18.43,0.0
1,2025-05-23 04:00:00,16.25,27.33
1,2025-05-23 05:00:00,19.03,15.92
1,2025-05-23 06:00:00,18.58,0.0
1,2025-05-23 07:00:00,19.91,190.11
1,2025-05-23 08:00:00,23.06,415.0
1,2025-05-23 09:00:00,23.84,555.27
1,2025-05-23 10:00:00,24.31,677.53
1,2025-05-23 11:00:00,21.71,780.39
1,2025-05-23 12:00:00,25.74,781.3
1,2025-05-23 13:00:00,25.14,800.65
1,2025-05-23 14:00:00,24.72,683.8
1,2025-05-23 15:00:00,25.54,553.29
1,2025-05-23 16:00:00,21.69,375.68
1,2025-05-23 17:00:00,20.58,201.44
1,2025-05-23 18:00:00,21.98,18.08
1,2025-05-23 19:00:00,21.71,0.0
1,2025-05-23 20:00:00,18.59,0.33
1,2025-05-23 21:00:00,19.04,7.11
1,2025-05-23 22:00:00,18.03,0.0
1,2025-05-23 23:00:00,15.77,0.0
1,2025-05-24 00:00:00,16.76,7.88
1,2025-05-24 01:00:00,18.03,0.0
1,2025-05-24 02:00:00,14.53,0.0
1,2025-05-24 03:00:00,14.95,26.38
1,2025-05-24 04:00:00,16.59,0.0
1,2025-05-24 05:00:00,17.67,3.19
1,2025-05-24 06:00:00,17.66,0.0
1,2025-05-24 07:00:00,21.1,215.86
1,2025-05-24 08:00:00,20.07,405.06
1,2025-05-24 09:00:00,20.48,572.44
1,2025-05-24 10:00:00,24.12,692.06
1,2025-05-24 11:00:00,24.23,755.19
1,2025-05-24 12:00:00,25.01,784.97
1,2025-05-24 13:00:00,23.37,777.02
1,2025-05-24 14:00:00,24.51,727.04
1,2025-05-24 15:00:00,23.88,578.87
1,2025-05-24 16:00:00,23.93,402.18
1,2025-05-24 17:00:00,23.96,217.17
1,2025-05-24 18:00:00,23.29,4.71
1,2025-05-24 19:00:00,20.78,29.08
1,2025-05-24 20:00:00,17.4,0.0
1,2025-05-24 21:00:00,19.22,7.17
1,2025-05-24 22:00:00,19.33,5.59
1,2025-05-24 23:00:00,15.44,0.0
1,2025-05-25 00:00:00,15.81,0.0
1,2025-05-25 01:00:00,14.76,0.0
1,2025-05-25 02:00:00,16.94,0.0
1,2025-05-25 03:00:00,17.45,3.48
1,2025-05-25 04:00:00,16.59,2.61
1,2025-05-25 05:00:00,19.2,0.0
1,2025-05-25 06:00:00,18.06,0.0
1,2025-05-25 07:00:00,18.7,201.1
1,2025-05-25 08:00:00,19.8,423.82
1,2025-05-25 09:00:00,21.08,578.53
1,2025-05-25 10:00:00,24.59,683.58
1,2025-05-25 11:00:00,25.26,809.95
1,2025-05-25 12:00:00,24.55,834.24
1,2025-05-25 13:00:00,23.08,810.05
1,2025-05-25 14:00:00,23.1,726.25
1,2025-05-25 15:00:00,25.48,558.04
1,2025-05-25 16:00:00,24.69,384.36
1,2025-05-25 17:00:00,22.48,208.44
1,2025-05-25 18:00:00,23.0,0.0
1,2025-05-25 19:00:00,21.21,22.15
1,2025-05-25 20:00:00,21.26,0.61
1,2025-05-25 21:00:00,17.97,0.0
1,2025-05-25 22:00:00,19.01,0.0
1,2025-05-25 23:00:00,18.3,0.0
1,2025-05-26 00:00:00,15.36,0.0
1,2025-05-26 01:00:00,16.8,0.0
1,2025-05-26 02:00:00,15.64,0.0
1,2025-05-26 03:00:00,18.52,0.0
1,2025-05-26 04:00:00,18.69,0.0
1,2025-05-26 05:00:00,18.34,0.0
1,2025-05-26 06:00:00,19.9,0.0
1,2025-05-26 07:00:00,21.39,184.88
1,2025-05-26 08:00:00,20.78,424.56
1,2025-05-26 09:00:00,20.83,562.2
1,2025-05-26 10:00:00,24.57,714.96
1,2025-05-26 11:00:00,25.28,780.22
1,2025-05-26 12:00:00,25.68,837.02
1,2025-05-26 13:00:00,26.09,764.77
1,2025-05-26 14:00:00,26.36,687.0
1,2025-05-26 15:00:00,22.79,603.44
1,2025-05-26 16:00:00,23.22,435.91
1,2025-05-26 17:00:00,22.43,221.0
1,2025-05-26 18:00:00,22.71,16.66
1,2025-05-26 19:00:00,22.01,13.94
1,2025-05-26 20:00:00,21.04,0.0
1,2025-05-26 21:00:00,18.03,6.54
1,2025-05-26 22:00:00,16.84,0.0
1,2025-05-26 23:00:00,18.28,0.0
1,2025-05-27 00:00:00,18.15,0.0
1,2025-05-27 01:00:00,14.99,24.92
1,2025-05-27 02:00:00,17.32,0.0
1,2025-05-27 03:00:00,18.3,25.71
1,2025-05-27 04:00:00,18.2,1.82
1,2025-05-27 05:00:00,17.05,20.53
1,2025-05-27 06:00:00,20.06,0.0
1,2025-05-27 07:00:00,19.06,235.76
1,2025-05-27 08:00:00,23.04,410.86
1,2025-05-27 09:00:00,22.67,591.45
1,2025-05-27 10:00:00,24.03,726.11
1,2025-05-27 11:00:00,22.49,814.5
1,2025-05-27 12:00:00,23.45,817.94
1,2025-05-27 13:00:00,24.94,794.04
1,2025-05-27 14:00:00,23.69,691.84
1,2025-05-27 15:00:00,25.25,576.37
1,2025-05-27 16:00:00,21.72,424.98
1,2025-05-27 17:00:00,22.76,215.82
1,2025-05-27 18:00:00,21.26,0.0
1,2025-05-27 19:00:00,22.13,10.08
1,2025-05-27 20:00:00,19.44,0.0
1,2025-05-27 21:00:00,18.61,0.0
1,2025-05-27 22:00:00,18.36,18.1
1,2025-05-27 23:00:00,17.56,13.74
1,2025-05-28 00:00:00,18.65,0.0
1,2025-05-28 01:00:00,16.88,8.28
1,2025-05-28 02:00:00,16.19,0.0
1,2025-05-28 03:00:00,19.43,0.0
1,2025-05-28 04:00:00,19.5,0.0
1,2025-05-28 05:00:00,17.9,5.25
1,2025-05-28 06:00:00,19.37,0.0
1,2025-05-28 07:00:00,20.12,231.18
1,2025-05-28 08:00:00,22.87,383.32
1,2025-05-28 09:00:00,22.62,607.6
1,2025-05-28 10:00:00,23.94,736.7
1,2025-05-28 11:00:00,26.45,771.18
1,2025-05-28 12:00:00,23.87,820.03
1,2025-05-28 13:00:00,24.18,772.47
1,2025-05-28 14:00:00,26.73,730.99
1,2025-05-28 15:00:00,22.96,595.55
1,2025-05-28 16:00:00,24.75,423.16
1,2025-05-28 17:00:00,22.58,205.95
1,2025-05-28 18:00:00,20.76,2.08
1,2025-05-28 19:00:00,22.42,25.13
1,2025-05-28 20:00:00,21.26,9.28
1,2025-05-28 21:00:00,18.6,16.09
1,2025-05-28 22:00:00,20.11,0.0
1,2025-05-28 23:00:00,18.76,0.0
1,2025-05-29 00:00:00,17.7,1.55
1,2025-05-29 01:00:00,17.88,0.0
1,2025-05-29 02:00:00,17.68,2.9
1,2025-05-29 03:00:00,15.86,28.95
1,2025-05-29 04:00:00,17.14,0.0
1,2025-05-29 05:00:00,18.01,2.48
1,2025-05-29 06:00:00,22.03,3.9
1,2025-05-29 07:00:00,20.81,237.15
1,2025-05-29 08:00:00,24.14,427.95
1,2025-05-29 09:00:00,24.4,575.06
1,2025-05-29 10:00:00,22.98,696.53
1,2025-05-29 11:00:00,26.07,766.54
1,2025-05-29 12:00:00,26.67,808.89
1,2025-05-29 13:00:00,26.54,797.17
1,2025-05-29 14:00:00,23.43,699.56
1,2025-05-29 15:00:00,24.58,587.52
1,2025-05-29 16:00:00,22.33,429.49
1,2025-05-29 17:00:00,21.5,224.51
1,2025-05-29 18:00:00,21.97,27.74
1,2025-05-29 19:00:00,22.23,0.0
1,2025-05-29 20:00:00,18.28,0.0
1,2025-05-29 21:00:00,20.84,0.0
1,2025-05-29 22:00:00,19.97,22.98
1,2025-05-29 23:00:00,17.88,0.0
1,2025-05-30 00:00:00,17.63,24.51
1,2025-05-30 01:00:00,15.46,0.0
1,2025-05-30 02:00:00,19.3,14.07
1,2025-05-30 03:00:00,16.24,22.43
1,2025-05-30 04:00:00,20.45,18.92
1,2025-05-30 05:00:00,18.97,0.0
1,2025-05-30 06:00:00,18.52,15.91
1,2025-05-30 07:00:00,21.97,188.28
1,2025-05-30 08:00:00,23.14,435.76
1,2025-05-30 09:00:00,24.03,569.54
1,2025-05-30 10:00:00,22.53,705.9
1,2025-05-30 11:00:00,24.28,786.43
1,2025-05-30 12:00:00,27.08,814.34
1,2025-05-30 13:00:00,24.07,773.29
1,2025-05-30 14:00:00,25.43,720.99
1,2025-05-30 15:00:00,24.91,565.32
1,2025-05-30 16:00:00,23.17,427.48
1,2025-05-30 17:00:00,24.1,198.6
1,2025-05-30 18:00:00,24.3,3.94
1,2025-05-30 19:00:00,19.98,8.66
1,2025-05-30 20:00:00,20.72,9.63
1,2025-05-30 21:00:00,17.72,13.16
1,2025-05-30 22:00:00,19.27,0.0
1,2025-05-30 23:00:00,15.93,3.07
1,2025-05-31 00:00:00,16.69,24.51
1,2025-05-31 01:00:00,18.24,0.0
1,2025-05-31 02:00:00,16.34,12.02
1,2025-05-31 03:00:00,16.22,0.0
1,2025-05-31 04:00:00,18.28,24.62
1,2025-05-31 05:00:00,20.15,13.51
1,2025-05-31 06:00:00,22.47,0.0
1,2025-05-31 07:00:00,19.99,222.98
1,2025-05-31 08:00:00,22.74,394.22
1,2025-05-31 09:00:00,24.92,611.72
1,2025-05-31 10:00:00,25.91,700.58
1,2025-05-31 11:00:00,24.09,814.13
1,2025-05-31 12:00:00,26.34,804.83
1,2025-05-31 13:00:00,26.07,818.51
1,2025-05-31 14:00:00,26.09,743.78
1,2025-05-31 15:00:00,24.67,611.68
1,2025-05-31 16:00:00,24.29,422.5
1,2025-05-31 17:00:00,23.19,195.66
1,2025-05-31 18:00:00,22.24,0.0
1,2025-05-31 19:00:00,20.48,0.0
1,2025-05-31 20:00:00,20.38,7.73
1,2025-05-31 21:00:00,18.69,0.0
1,2025-05-31 22:00:00,19.38,0.0
1,2025-05-31 23:00:00,19.63,0.0
1,2025-06-01 00:00:00,16.81,9.4
1,2025-06-01 01:00:00,19.45,0.0
1,2025-06-01 02:00:00,18.85,0.0
1,2025-06-01 03:00:00,16.72,0.0
1,2025-06-01 04:00:00,17.22,25.04
1,2025-06-01 05:00:00,21.46,0.0
1,2025-06-01 06:00:00,22.28,0.0
1,2025-06-01 07:00:00,21.14,209.4
1,2025-06-01 08:00:00,24.3,425.07
1,2025-06-01 09:00:00,23.62,567.46
1,2025-06-01 10:00:00,23.72,736.2
1,2025-06-01 11:00:00,26.24,775.6
1,2025-06-01 12:00:00,27.38,842.37
1,2025-06-01 13:00:00,26.38,791.73
1,2025-06-01 14:00:00,26.44,734.79
1,2025-06-01 15:00:00,25.92,575.92
1,2025-06-01 16:00:00,24.54,432.57
1,2025-06-01 17:00:00,24.46,231.41
1,2025-06-01 18:00:00,23.93,0.0
1,2025-06-01 19:00:00,19.71,0.0
1,2025-06-01 20:00:00,22.08,0.0
1,2025-06-01 21:00:00,19.82,0.0
1,2025-06-01 22:00:00,17.0,28.89
1,2025-06-01 23:00:00,20.17,1.19
1,2025-06-02 00:00:00,19.11,0.0
1,2025-06-02 01:00:00,18.81,0.0
1,2025-06-02 02:00:00,16.48,4.01
1,2025-06-02 03:00:00,18.05,0.0
1,2025-06-02 04:00:00,17.89,10.02
1,2025-06-02 05:00:00,21.1,20.71
1,2025-06-02 06:00:00,18.88,6.92
1,2025-06-02 07:00:00,22.24,217.96
1,2025-06-02 08:00:00,23.62,412.95
1,2025-06-02 09:00:00,25.16,565.35
1,2025-06-02 10:00:00,24.6,699.18
1,2025-06-02 11:00:00,23.5,806.04
1,2025-06-02 12:00:00,25.17,826.21
1,2025-06-02 13:00:00,24.71,819.13
1,2025-06-02 14:00:00,25.58,729.46
1,2025-06-02 15:00:00,27.03,584.56
1,2025-06-02 16:00:00,23.12,429.58
1,2025-06-02 17:00:00,24.13,187.26
1,2025-06-02 18:00:00,22.78,26.93
1,2025-06-02 19:00:00,20.63,0.11
1,2025-06-02 20:00:00,20.54,0.0
1,2025-06-02 21:00:00,19.34,14.64
1,2025-06-02 22:00:00,17.06,7.17
1,2025-06-02 23:00:00,19.57,10.07
1,2025-06-03 00:00:00,19.43,0.0
1,2025-06-03 01:00:00,16.36,0.0
1,2025-06-03 02:00:00,19.51,5.85
1,2025-06-03 03:00:00,19.48,0.0
1,2025-06-03 04:00:00,20.87,22.9
1,2025-06-03 05:00:00,19.48,29.52
1,2025-06-03 06:00:00,19.74,0.0
1,2025-06-03 07:00:00,21.73,230.54
1,2025-06-03 08:00:00,23.85,446.12
1,2025-06-03 09:00:00,24.51,603.22
1,2025-06-03 10:00:00,23.34,712.68
1,2025-06-03 11:00:00,23.92,806.72
1,2025-06-03 12:00:00,24.47,813.97
1,2025-06-03 13:00:00,24.34,816.84
1,2025-06-03 14:00:00,23.91,722.42
1,2025-06-03 15:00:00,25.63,569.62
1,2025-06-03 16:00:00,25.42,400.57
1,2025-06-03 17:00:00,25.19,216.89
1,2025-06-03 18:00:00,21.22,29.44
1,2025-06-03 19:00:00,23.48,25.91
1,2025-06-03 20:00:00,21.2,19.31
1,2025-06-03 21:00:00,19.68,18.02
1,2025-06-03 22:00:00,19.29,25.51
1,2025-06-03 23:00:00,19.1,0.0
1,2025-06-04 00:00:00,19.53,0.0
1,2025-06-04 01:00:00,18.08,9.79
1,2025-06-04 02:00:00,20.12,0.0
1,2025-06-04 03:00:00,18.64,0.0
1,2025-06-04 04:00:00,18.34,0.0
1,2025-06-04 05:00:00,20.74,19.66
1,2025-06-04 06:00:00,20.0,0.0
1,2025-06-04 07:00:00,23.59,223.87
1,2025-06-04 08:00:00,21.97,426.06
1,2025-06-04 09:00:00,22.89,568.96
1,2025-06-04 10:00:00,25.89,739.2
1,2025-06-04 11:00:00,24.74,798.2
1,2025-06-04 12:00:00,27.84,861.67
1,2025-06-04 13:00:00,27.05,834.92
1,2025-06-04 14:00:00,25.41,709.95
1,2025-06-04 15:00:00,26.91,572.13
1,2025-06-04 16:00:00,23.24,403.02
1,2025-06-04 17:00:00,26.17,209.23
1,2025-06-04 18:00:00,21.78,11.39
1,2025-06-04 19:00:00,22.27,20.61
1,2025-06-04 20:00:00,19.56,0.0
1,2025-06-04 21:00:00,19.98,0.0
1,2025-06-04 22:00:00,20.11,0.0
1,2025-06-04 23:00:00,18.84,0.0
1,2025-06-05 00:00:00,19.11,0.0
1,2025-06-05 01:00:00,19.26,0.0
1,2025-06-05 02:00:00,18.7,19.09
1,2025-06-05 03:00:00,17.93,21.7
1,2025-06-05 04:00:00,18.46,9.38
1,2025-06-05 05:00:00,20.7,0.0
1,2025-06-05 06:00:00,20.22,12.46
1,2025-06-05 07:00:00,22.2,192.45
1,2025-06-05 08:00:00,24.05,442.72
1,2025-06-05 09:00:00,25.85,567.29
1,2025-06-05 10:00:00,26.76,706.17
1,2025-06-05 11:00:00,26.68,791.82
1,2025-06-05 12:00:00,27.74,820.47
1,2025-06-05 13:00:00,26.49,821.4
1,2025-06-05 14:00:00,26.73,730.18
1,2025-06-05 15:00:00,25.53,577.71
1,2025-06-05 16:00:00,23.94,415.91
1,2025-06-05 17:00:00,25.67,228.81
1,2025-06-05 18:00:00,23.13,0.0
1,2025-06-05 19:00:00,21.86,15.99
1,2025-06-05 20:00:00,22.99,11.99
1,2025-06-05 21:00:00,18.49,3.21
1,2025-06-05 22:00:00,17.57,29.45
1,2025-06-05 23:00:00,18.79,0.0
1,2025-06-06 00:00:00,20.28,0.0
1,2025-06-06 01:00:00,17.81,19.9
1,2025-06-06 02:00:00,17.66,0.0
1,2025-06-06 03:00:00,20.18,14.95
1,2025-06-06 04:00:00,18.75,0.0
1,2025-06-06 05:00:00,22.05,0.0
1,2025-06-06 06:00:00,20.23,14.26
1,2025-06-06 07:00:00,23.7,194.91
1,2025-06-06 08:00:00,25.19,406.02
1,2025-06-06 09:00:00,25.37,587.14
1,2025-06-06 10:00:00,25.63,749.79
1,2025-06-06 11:00:00,24.83,830.92
1,2025-06-06 12:00:00,24.68,856.86
1,2025-06-06 13:00:00,25.28,826.9
1,2025-06-06 14:00:00,27.81,711.3
1,2025-06-06 15:00:00,27.29,572.5
1,2025-06-06 16:00:00,27.18,391.84
1,2025-06-06 17:00:00,23.13,213.48
1,2025-06-06 18:00:00,21.86,0.0
1,2025-06-06 19:00:00,23.12,0.0
1,2025-06-06 20:00:00,23.12,28.01
1,2025-06-06 21:00:00,21.71,16.16
1,2025-06-06 22:00:00,17.83,26.73
1,2025-06-06 23:00:00,20.12,21.41
1,2025-06-07 00:00:00,17.07,24.75
1,2025-06-07 01:00:00,18.89,0.0
1,2025-06-07 02:00:00,17.68,0.0
1,2025-06-07 03:00:00,19.01,0.0
1,2025-06-07 04:00:00,20.56,3.65
1,2025-06-07 05:00:00,20.26,19.5
1,2025-06-07 06:00:00,22.99,29.49
1,2025-06-07 07:00:00,21.99,206.68
1,2025-06-07 08:00:00,25.43,395.47
1,2025-06-07 09:00:00,23.43,613.96
1,2025-06-07 10:00:00,25.36,728.98
1,2025-06-07 11:00:00,25.91,811.7
1,2025-06-07 12:00:00,27.84,837.42
1,2025-06-07 13:00:00,27.43,835.79
1,2025-06-07 14:00:00,27.47,723.23
1,2025-06-07 15:00:00,26.65,606.09
1,2025-06-07 16:00:00,27.01,421.91
1,2025-06-07 17:00:00,25.92,231.48
1,2025-06-07 18:00:00,25.48,0.0
1,2025-06-07 19:00:00,20.63,0.0
1,2025-06-07 20:00:00,23.39,0.0
1,2025-06-07 21:00:00,19.72,0.0
1,2025-06-07 22:00:00,21.58,29.23
1,2025-06-07 23:00:00,19.02,0.0
1,2025-06-08 00:00:00,19.05,10.23
1,2025-06-08 01:00:00,20.07,27.89
1,2025-06-08 02:00:00,16.9,18.68
1,2025-06-08 03:00:00,17.37,25.46
1,2025-06-08 04:00:00,21.07,7.71
1,2025-06-08 05:00:00,21.61,0.0
1,2025-06-08 06:00:00,23.23,3.9
1,2025-06-08 07:00:00,21.53,210.06
1,2025-06-08 08:00:00,25.05,419.8
1,2025-06-08 09:00:00,24.5,573.18
1,2025-06-08 10:00:00,26.23,709.92
1,2025-06-08 11:00:00,26.66,831.09
1,2025-06-08 12:00:00,27.06,836.36
1,2025-06-08 13:00:00,27.68,784.15
1,2025-06-08 14:00:00,25.73,718.51
1,2025-06-08 15:00:00,26.48,602.06
1,2025-06-08 16:00:00,23.75,403.69
1,2025-06-08 17:00:00,24.44,206.45
1,2025-06-08 18:00:00,22.28,0.0
1,2025-06-08 19:00:00,21.18,3.44
1,2025-06-08 20:00:00,21.29,18.91
1,2025-06-08 21:00:00,22.34,0.0
1,2025-06-08 22:00:00,19.35,5.34
1,2025-06-08 23:00:00,20.87,0.0
1,2025-06-09 00:00:00,18.81,0.0
1,2025-06-09 01:00:00,19.21,16.04
1,2025-06-09 02:00:00,19.24,25.22
1,2025-06-09 03:00:00,19.52,0.0
1,2025-06-09 04:00:00,18.68,0.0
1,2025-06-09 05:00:00,19.98,17.8
1,2025-06-09 06:00:00,21.57,0.0
1,2025-06-09 07:00:00,22.3,244.79
1,2025-06-09 08:00:00,23.67,402.96
1,2025-06-09 09:00:00,24.75,588.89
1,2025-06-09 10:00:00,24.49,703.03
1,2025-06-09 11:00:00,24.72,811.03
1,2025-06-09 12:00:00,25.02,828.3
1,2025-06-09 13:00:00,28.79,808.05
1,2025-06-09 14:00:00,25.69,732.08
1,2025-06-09 15:00:00,24.47,611.75
1,2025-06-09 16:00:00,24.71,404.02
1,2025-06-09 17:00:00,23.36,199.96
1,2025-06-09 18:00:00,23.87,7.47
1,2025-06-09 19:00:00,23.33,0.0
1,2025-06-09 20:00:00,23.58,8.81
1,2025-06-09 21:00:00,19.8,2.01
1,2025-06-09 22:00:00,21.34,0.0
1,2025-06-09 23:00:00,17.87,0.0
1,2025-06-10 00:00:00,18.16,1.54
1,2025-06-10 01:00:00,20.19,2.22
1,2025-06-10 02:00:00,19.95,4.74
1,2025-06-10 03:00:00,18.06,0.0
1,2025-06-10 04:00:00,19.64,0.0
1,2025-06-10 05:00:00,22.6,6.16
1,2025-06-10 06:00:00,20.7,24.22
1,2025-06-10 07:00:00,23.34,191.35
1,2025-06-10 08:00:00,22.54,443.74
1,2025-06-10 09:00:00,25.66,606.2
1,2025-06-10 10:00:00,24.07,715.28
1,2025-06-10 11:00:00,28.32,839.49
1,2025-06-10 12:00:00,25.99,839.15
1,2025-06-10 13:00:00,26.43,792.61
1,2025-06-10 14:00:00,28.5,741.81
1,2025-06-10 15:00:00,28.17,577.4
1,2025-06-10 16:00:00,24.23,413.98
1,2025-06-10 17:00:00,24.91,214.23
1,2025-06-10 18:00:00,25.46,0.0
1,2025-06-10 19:00:00,23.2,0.0
1,2025-06-10 20:00:00,23.83,0.0
1,2025-06-10 21:00:00,22.37,0.0
1,2025-06-10 22:00:00,20.85,0.0
1,2025-06-10 23:00:00,18.7,0.0
1,2025-06-11 00:00:00,20.72,0.0
1,2025-06-11 01:00:00,18.93,0.0
1,2025-06-11 02:00:00,18.0,0.0
1,2025-06-11 03:00:00,19.4,11.23
1,2025-06-11 04:00:00,21.57,6.7
1,2025-06-11 05:00:00,19.68,0.0
1,2025-06-11 06:00:00,21.15,29.9
1,2025-06-11 07:00:00,21.72,229.99
1,2025-06-11 08:00:00,22.44,421.65
1,2025-06-11 09:00:00,23.92,591.2
1,2025-06-11 10:00:00,27.68,732.43
1,2025-06-11 11:00:00,26.56,791.5
1,2025-06-11 12:00:00,27.05,848.56
1,2025-06-11 13:00:00,27.19,832.31
1,2025-06-11 14:00:00,25.91,744.31
1,2025-06-11 15:00:00,25.84,613.82
1,2025-06-11 16:00:00,27.75,408.61
1,2025-06-11 17:00:00,24.64,211.49
1,2025-06-11 18:00:00,23.15,8.24
1,2025-06-11 19:00:00,22.6,0.0
1,2025-06-11 20:00:00,22.08,0.0
1,2025-06-11 21:00:00,21.08,18.91
1,2025-06-11 22:00:00,21.72,0.0
1,2025-06-11 23:00:00,18.12,0.0
1,2025-06-12 00:00:00,17.74,0.0
1,2025-06-12 01:00:00,19.79,18.26
1,2025-06-12 02:00:00,21.39,2.62
1,2025-06-12 03:00:00,21.09,0.0
1,2025-06-12 04:00:00,21.55,0.0
1,2025-06-12 05:00:00,22.21,0.0
1,2025-06-12 06:00:00,24.16,28.47
1,2025-06-12 07:00:00,21.31,203.13
1,2025-06-12 08:00:00,22.37,443.41
1,2025-06-12 09:00:00,25.41,587.63
1,2025-06-12 10:00:00,27.04,762.48
1,2025-06-12 11:00:00,26.36,833.71
1,2025-06-12 12:00:00,26.38,828.74
1,2025-06-12 13:00:00,28.57,798.65
1,2025-06-12 14:00:00,25.44,727.94
1,2025-06-12 15:00:00,27.75,578.38
1,2025-06-12 16:00:00,28.07,410.93
1,2025-06-12 17:00:00,24.24,211.07
1,2025-06-12 18:00:00,22.42,0.0
1,2025-06-12 19:00:00,21.82,5.63
1,2025-06-12 20:00:00,23.01,0.0
1,2025-06-12 21:00:00,21.2,17.04
1,2025-06-12 22:00:00,22.1,0.0
1,2025-06-12 23:00:00,18.32,0.0
1,2025-06-13 00:00:00,18.2,5.8
1,2025-06-13 01:00:00,20.61,0.0
1,2025-06-13 02:00:00,17.65,0.0
1,2025-06-13 03:00:00,21.31,0.0
1,2025-06-13 04:00:00,19.93,17.49
1,2025-06-13 05:00:00,23.08,0.0
1,2025-06-13 06:00:00,20.57,0.0
1,2025-06-13 07:00:00,21.98,227.15
1,2025-06-13 08:00:00,26.2,395.04
1,2025-06-13 09:00:00,25.48,592.48
1,2025-06-13 10:00:00,27.15,737.9
1,2025-06-13 11:00:00,27.2,828.76
1,2025-06-13 12:00:00,27.14,834.16
1,2025-06-13 13:00:00,25.56,839.25
1,2025-06-13 14:00:00,27.44,714.27
1,2025-06-13 15:00:00,26.22,581.87
1,2025-06-13 16:00:00,24.77,452.99
1,2025-06-13 17:00:00,25.6,197.77
1,2025-06-13 18:00:00,24.77,0.0
1,2025-06-13 19:00:00,22.34,0.0
1,2025-06-13 20:00:00,20.97,0.0
1,2025-06-13 21:00:00,22.69,3.56
1,2025-06-13 22:00:00,20.58,0.0
1,2025-06-13 23:00:00,18.56,15.57
1,2025-06-14 00:00:00,18.43,0.0
1,2025-06-14 01:00:00,20.19,0.0
1,2025-06-14 02:00:00,20.24,0.0
1,2025-06-14 03:00:00,21.3,26.41
1,2025-06-14 04:00:00,21.51,0.0
1,2025-06-14 05:00:00,22.65,10.6
1,2025-06-14 06:00:00,23.72,24.63
1,2025-06-14 07:00:00,23.31,230.92
1,2025-06-14 08:00:00,22.64,436.05
1,2025-06-14 09:00:00,24.37,573.11
1,2025-06-14 10:00:00,24.38,743.12
1,2025-06-14 11:00:00,27.0,848.71
1,2025-06-14 12:00:00,29.16,854.24
1,2025-06-14 13:00:00,28.72,847.73
1,2025-06-14 14:00:00,28.51,750.76
1,2025-06-14 15:00:00,28.77,569.91
1,2025-06-14 16:00:00,25.0,403.6
1,2025-06-14 17:00:00,25.73,205.33
1,2025-06-14 18:00:00,26.36,28.38
1,2025-06-14 19:00:00,21.51,0.0
1,2025-06-14 20:00:00,21.51,0.0
1,2025-06-14 21:00:00,21.16,0.0
1,2025-06-14 22:00:00,20.55,0.0
1,2025-06-14 23:00:00,20.72,0.0
1,2025-06-15 00:00:00,18.92,0.0
1,2025-06-15 01:00:00,20.19,2.78
1,2025-06-15 02:00:00,20.23,1.83
1,2025-06-15 03:00:00,19.85,0.0
1,2025-06-15 04:00:00,20.26,1.06
1,2025-06-15 05:00:00,22.12,28.75
1,2025-06-15 06:00:00,23.94,0.0
1,2025-06-15 07:00:00,22.42,246.46
1,2025-06-15 08:00:00,22.87,448.0
1,2025-06-15 09:00:00,25.14,627.5
1,2025-06-15 10:00:00,26.48,735.67
1,2025-06-15 11:00:00,27.04,813.47
1,2025-06-15 12:00:00,28.44,830.11
1,2025-06-15 13:00:00,27.35,836.6
1,2025-06-15 14:00:00,28.04,731.17
1,2025-06-15 15:00:00,29.0,608.95
1,2025-06-15 16:00:00,26.96,451.63
1,2025-06-15 17:00:00,27.22,211.49
1,2025-06-15 18:00:00,24.19,0.0
1,2025-06-15 19:00:00,24.14,0.0
1,2025-06-15 20:00:00,21.65,0.0
1,2025-06-15 21:00:00,21.97,0.0
1,2025-06-15 22:00:00,21.92,0.0
1,2025-06-15 23:00:00,20.57,4.46
1,2025-06-16 00:00:00,19.43,19.11
1,2025-06-16 01:00:00,20.45,0.0
1,2025-06-16 02:00:00,18.26,4.35
1,2025-06-16 03:00:00,19.08,0.0
1,2025-06-16 04:00:00,21.61,0.0
1,2025-06-16 05:00:00,19.74,0.0
1,2025-06-16 06:00:00,23.47,5.11
1,2025-06-16 07:00:00,24.41,249.45
1,2025-06-16 08:00:00,25.29,446.49
1,2025-06-16 09:00:00,24.35,594.63
1,2025-06-16 10:00:00,27.99,716.25
1,2025-06-16 11:00:00,27.92,804.1
1,2025-06-16 12:00:00,28.89,874.95
1,2025-06-16 13:00:00,26.95,849.17
1,2025-06-16 14:00:00,25.66,737.75
1,2025-06-16 15:00:00,28.62,609.85
1,2025-06-16 16:00:00,26.1,438.26
1,2025-06-16 17:00:00,25.53,206.44
1,2025-06-16 18:00:00,25.97,21.44
1,2025-06-16 19:00:00,23.9,17.69
1,2025-06-16 20:00:00,21.01,13.38
1,2025-06-16 21:00:00,22.98,18.23
1,2025-06-16 22:00:00,20.66,26.07
1,2025-06-16 23:00:00,19.2,0.0
1,2025-06-17 00:00:00,19.34,19.04
1,2025-06-17 01:00:00,21.3,13.41
1,2025-06-17 02:00:00,18.01,18.06
1,2025-06-17 03:00:00,21.76,0.0
1,2025-06-17 04:00:00,22.6,0.0
1,2025-06-17 05:00:00,22.27,0.0
1,2025-06-17 06:00:00,21.92,0.0
1,2025-06-17 07:00:00,23.58,197.36
1,2025-06-17 08:00:00,23.87,444.42
1,2025-06-17 09:00:00,24.34,588.18
1,2025-06-17 10:00:00,27.36,737.65
1,2025-06-17 11:00:00,27.46,828.99
1,2025-06-17 12:00:00,26.2,836.9
1,2025-06-17 13:00:00,29.12,824.9
1,2025-06-17 14:00:00,28.61,721.81
1,2025-06-17 15:00:00,25.5,609.62
1,2025-06-17 16:00:00,25.23,453.59
1,2025-06-17 17:00:00,26.12,197.26
1,2025-06-17 18:00:00,26.61,18.04
1,2025-06-17 19:00:00,25.34,0.0
1,2025-06-17 20:00:00,24.23,0.0
1,2025-06-17 21:00:00,21.31,0.0
1,2025-06-17 22:00:00,21.66,20.11
1,2025-06-17 23:00:00,22.31,0.0
1,2025-06-18 00:00:00,21.32,25.7
1,2025-06-18 01:00:00,21.02,0.0
1,2025-06-18 02:00:00,18.1,0.0
1,2025-06-18 03:00:00,20.4,0.0
1,2025-06-18 04:00:00,21.11,2.22
1,2025-06-18 05:00:00,20.22,9.33
1,2025-06-18 06:00:00,21.43,0.0
1,2025-06-18 07:00:00,25.3,205.86
1,2025-06-18 08:00:00,24.79,447.24
1,2025-06-18 09:00:00,25.42,609.83
1,2025-06-18 10:00:00,26.49,716.99
1,2025-06-18 11:00:00,27.58,821.4
1,2025-06-18 12:00:00,28.46,869.9
1,2025-06-18 13:00:00,29.38,809.39
1,2025-06-18 14:00:00,26.51,711.51
1,2025-06-18 15:00:00,28.03,602.73
1,2025-06-18 16:00:00,27.44,429.66
1,2025-06-18 17:00:00,25.96,190.2
1,2025-06-18 18:00:00,26.19,0.0
1,2025-06-18 19:00:00,24.56,0.0
1,2025-06-18 20:00:00,23.1,0.0
1,2025-06-18 21:00:00,22.6,0.0
1,2025-06-18 22:00:00,20.64,22.87
1,2025-06-18 23:00:00,22.32,19.67
1,2025-06-19 00:00:00,19.13,7.66
1,2025-06-19 01:00:00,20.68,21.55
1,2025-06-19 02:00:00,19.93,0.36
1,2025-06-19 03:00:00,20.51,22.56
1,2025-06-19 04:00:00,23.16,0.0
1,2025-06-19 05:00:00,21.02,0.0
1,2025-06-19 06:00:00,22.75,10.52
1,2025-06-19 07:00:00,26.01,238.02
1,2025-06-19 08:00:00,23.77,411.49
1,2025-06-19 09:00:00,26.0,620.09
1,2025-06-19 10:00:00,27.96,752.95
1,2025-06-19 11:00:00,28.73,839.61
1,2025-06-19 12:00:00,29.47,859.42
1,2025-06-19 13:00:00,28.48,842.3
1,2025-06-19 14:00:00,28.51,714.34
1,2025-06-19 15:00:00,25.73,603.03
1,2025-06-19 16:00:00,24.96,442.7
1,2025-06-19 17:00:00,24.95,192.33
1,2025-06-19 18:00:00,23.21,25.46
1,2025-06-19 19:00:00,25.14,11.53
1,2025-06-19 20:00:00,23.0,8.38
1,2025-06-19 21:00:00,21.65,28.06
1,2025-06-19 22:00:00,20.0,1.73
1,2025-06-19 23:00:00,20.96,16.94
1,2025-06-20 00:00:00,20.8,23.07
1,2025-06-20 01:00:00,19.16,0.0
1,2025-06-20 02:00:00,18.69,0.0
1,2025-06-20 03:00:00,19.5,23.6
1,2025-06-20 04:00:00,19.39,12.22
1,2025-06-20 05:00:00,23.73,1.01
1,2025-06-20 06:00:00,21.52,22.42
1,2025-06-20 07:00:00,25.36,206.75
1,2025-06-20 08:00:00,25.56,430.06
1,2025-06-20 09:00:00,26.72,611.05
1,2025-06-20 10:00:00,26.12,707.59
1,2025-06-20 11:00:00,25.68,819.24
1,2025-06-20 12:00:00,26.1,879.62
1,2025-06-20 13:00:00,26.59,827.8
1,2025-06-20 14:00:00,27.18,731.48
1,2025-06-20 15:00:00,29.05,576.76
1,2025-06-20 16:00:00,25.09,417.6
1,2025-06-20 17:00:00,27.07,241.85
1,2025-06-20 18:00:00,24.27,25.67
1,2025-06-20 19:00:00,24.03,22.75
1,2025-06-20 20:00:00,21.19,23.82
1,2025-06-20 21:00:00,22.45,0.0
1,2025-06-20 22:00:00,21.07,0.0
1,2025-06-20 23:00:00,18.65,12.62
1,2025-06-21 00:00:00,21.86,0.0
1,2025-06-21 01:00:00,18.4,4.07
1,2025-06-21 02:00:00,19.29,13.54
1,2025-06-21 03:00:00,19.07,0.0
1,2025-06-21 04:00:00,20.09,11.68
1,2025-06-21 05:00:00,20.96,29.01
1,2025-06-21 06:00:00,21.91,1.14
1,2025-06-21 07:00:00,24.53,233.28
1,2025-06-21 08:00:00,27.15,396.52
1,2025-06-21 09:00:00,24.45,579.8
1,2025-06-21 10:00:00,25.46,726.54
1,2025-06-21 11:00:00,26.23,839.28
1,2025-06-21 12:00:00,27.43,846.85
1,2025-06-21 13:00:00,28.59,794.22
1,2025-06-21 14:00:00,29.49,722.58
1,2025-06-21 15:00:00,26.27,580.06
1,2025-06-21 16:00:00,27.9,422.09
1,2025-06-21 17:00:00,26.98,240.49
1,2025-06-21 18:00:00,24.53,0.0
1,2025-06-21 19:00:00,24.9,18.79
1,2025-06-21 20:00:00,23.01,0.0
1,2025-06-21 21:00:00,20.67,27.93
1,2025-06-21 22:00:00,20.98,11.68
1,2025-06-21 23:00:00,19.62,12.24
1,2025-06-22 00:00:00,21.69,0.0
1,2025-06-22 01:00:00,20.63,8.04
1,2025-06-22 02:00:00,20.72,0.0
1,2025-06-22 03:00:00,20.3,4.63
1,2025-06-22 04:00:00,19.95,22.05
1,2025-06-22 05:00:00,23.53,2.0
1,2025-06-22 06:00:00,22.34,0.0
1,2025-06-22 07:00:00,23.41,199.45
1,2025-06-22 08:00:00,24.03,448.68
1,2025-06-22 09:00:00,25.82,585.67
1,2025-06-22 10:00:00,28.67,754.09
1,2025-06-22 11:00:00,28.98,829.88
1,2025-06-22 12:00:00,27.57,875.94
1,2025-06-22 13:00:00,27.39,801.56
1,2025-06-22 14:00:00,29.19,752.96
1,2025-06-22 15:00:00,26.69,586.48
1,2025-06-22 16:00:00,27.32,414.56
1,2025-06-22 17:00:00,26.62,224.47
1,2025-06-22 18:00:00,24.62,10.02
1,2025-06-22 19:00:00,22.73,0.0
1,2025-06-22 20:00:00,24.79,0.0
1,2025-06-22 21:00:00,24.12,3.98
1,2025-06-22 22:00:00,20.87,0.0
1,2025-06-22 23:00:00,22.08,0.0
1,2025-06-23 00:00:00,20.08,0.0
1,2025-06-23 01:00:00,20.35,14.94
1,2025-06-23 02:00:00,18.64,26.45
1,2025-06-23 03:00:00,21.05,0.0
1,2025-06-23 04:00:00,23.36,0.0
1,2025-06-23 05:00:00,21.98,2.41
1,2025-06-23 06:00:00,22.48,0.0
1,2025-06-23 07:00:00,25.27,218.76
1,2025-06-23 08:00:00,23.78,439.21
1,2025-06-23 09:00:00,25.52,587.92
1,2025-06-23 10:00:00,25.65,737.46
1,2025-06-23 11:00:00,27.44,820.34
1,2025-06-23 12:00:00,27.9,864.32
1,2025-06-23 13:00:00,26.6,840.62
1,2025-06-23 14:00:00,29.55,708.09
1,2025-06-23 15:00:00,29.0,576.18
1,2025-06-23 16:00:00,27.11,441.51
1,2025-06-23 17:00:00,28.04,192.81
1,2025-06-23 18:00:00,24.4,0.0
1,2025-06-23 19:00:00,22.99,0.0
1,2025-06-23 20:00:00,22.01,18.58
1,2025-06-23 21:00:00,24.33,7.89
1,2025-06-23 22:00:00,22.61,1.98
1,2025-06-23 23:00:00,19.71,15.36
1,2025-06-24 00:00:00,21.02,0.0
1,2025-06-24 01:00:00,20.98,9.54
1,2025-06-24 02:00:00,18.56,0.0
1,2025-06-24 03:00:00,19.53,25.84
1,2025-06-24 04:00:00,21.73,0.0
1,2025-06-24 05:00:00,21.57,0.0
1,2025-06-24 06:00:00,22.1,0.0
1,2025-06-24 07:00:00,23.27,237.6
1,2025-06-24 08:00:00,24.18,438.61
1,2025-06-24 09:00:00,25.07,628.95
1,2025-06-24 10:00:00,26.46,719.42
1,2025-06-24 11:00:00,27.58,809.17
1,2025-06-24 12:00:00,26.63,871.87
1,2025-06-24 13:00:00,29.32,846.17
1,2025-06-24 14:00:00,28.25,737.1
1,2025-06-24 15:00:00,26.36,570.96
1,2025-06-24 16:00:00,25.27,443.85
1,2025-06-24 17:00:00,27.77,225.06
1,2025-06-24 18:00:00,24.57,0.0
1,2025-06-24 19:00:00,25.68,0.0
1,2025-06-24 20:00:00,22.43,10.53
1,2025-06-24 21:00:00,21.49,0.0
1,2025-06-24 22:00:00,22.45,0.0
1,2025-06-24 23:00:00,20.73,22.6
1,2025-06-25 00:00:00,19.95,25.27
1,2025-06-25 01:00:00,19.37,16.44
1,2025-06-25 02:00:00,20.14,1.2
1,2025-06-25 03:00:00,21.78,22.38
1,2025-06-25 04:00:00,20.87,0.0
1,2025-06-25 05:00:00,24.03,7.47
1,2025-06-25 06:00:00,23.73,8.2
1,2025-06-25 07:00:00,25.8,232.99
1,2025-06-25 08:00:00,25.23,440.49
1,2025-06-25 09:00:00,25.34,619.95
1,2025-06-25 10:00:00,26.54,761.72
1,2025-06-25 11:00:00,26.5,812.22
1,2025-06-25 12:00:00,30.24,837.29
1,2025-06-25 13:00:00,28.19,820.67
1,2025-06-25 14:00:00,27.8,714.49
1,2025-06-25 15:00:00,29.25,578.4
1,2025-06-25 16:00:00,28.34,450.73
1,2025-06-25 17:00:00,25.73,191.21
1,2025-06-25 18:00:00,24.09,0.0
1,2025-06-25 19:00:00,24.71,0.0
1,2025-06-25 20:00:00,22.49,0.0
1,2025-06-25 21:00:00,21.92,0.0
1,2025-06-25 22:00:00,20.17,13.17
1,2025-06-25 23:00:00,19.05,0.0
1,2025-06-26 00:00:00,18.83,18.91
1,2025-06-26 01:00:00,21.72,0.91
1,2025-06-26 02:00:00,20.41,17.15
1,2025-06-26 03:00:00,22.98,0.0
1,2025-06-26 04:00:00,19.74,0.0
1,2025-06-26 05:00:00,21.51,0.0
1,2025-06-26 06:00:00,23.73,11.05
1,2025-06-26 07:00:00,26.14,198.34
1,2025-06-26 08:00:00,25.65,414.97
1,2025-06-26 09:00:00,27.67,621.89
1,2025-06-26 10:00:00,28.03,758.49
1,2025-06-26 11:00:00,29.9,807.06
1,2025-06-26 12:00:00,29.96,835.69
1,2025-06-26 13:00:00,27.57,814.96
1,2025-06-26 14:00:00,27.51,756.46
1,2025-06-26 15:00:00,27.55,572.37
1,2025-06-26 16:00:00,28.17,395.22
1,2025-06-26 17:00:00,25.82,200.92
1,2025-06-26 18:00:00,25.37,4.96
1,2025-06-26 19:00:00,23.06,0.0
1,2025-06-26 20:00:00,22.99,6.97
1,2025-06-26 21:00:00,23.69,0.0
1,2025-06-26 22:00:00,21.08,0.0
1,2025-06-26 23:00:00,22.04,0.0
1,2025-06-27 00:00:00,22.27,8.6
1,2025-06-27 01:00:00,20.89,13.6
1,2025-06-27 02:00:00,21.44,12.52
1,2025-06-27 03:00:00,22.27,0.0
1,2025-06-27 04:00:00,21.31,0.0
1,2025-06-27 05:00:00,24.61,8.35
1,2025-06-27 06:00:00,23.4,17.21
1,2025-06-27 07:00:00,24.93,224.32
1,2025-06-27 08:00:00,26.1,424.87
1,2025-06-27 09:00:00,24.8,603.09
1,2025-06-27 10:00:00,28.91,759.37
1,2025-06-27 11:00:00,26.49,791.62
1,2025-06-27 12:00:00,29.67,860.87
1,2025-06-27 13:00:00,28.28,842.69
1,2025-06-27 14:00:00,28.31,746.78
1,2025-06-27 15:00:00,26.88,572.58
1,2025-06-27 16:00:00,25.74,412.55
1,2025-06-27 17:00:00,25.86,242.67
1,2025-06-27 18:00:00,25.21,13.59
1,2025-06-27 19:00:00,23.05,24.57
1,2025-06-27 20:00:00,22.48,4.38
1,2025-06-27 21:00:00,21.75,0.0
1,2025-06-27 22:00:00,19.96,0.84
1,2025-06-27 23:00:00,22.35,0.0
1,2025-06-28 00:00:00,19.63,0.0
1,2025-06-28 01:00:00,21.69,0.0
1,2025-06-28 02:00:00,19.81,0.0
1,2025-06-28 03:00:00,20.85,0.0
1,2025-06-28 04:00:00,23.5,0.0
1,2025-06-28 05:00:00,22.34,0.0
1,2025-06-28 06:00:00,23.4,0.0
1,2025-06-28 07:00:00,23.49,230.38
1,2025-06-28 08:00:00,25.67,410.54
1,2025-06-28 09:00:00,24.96,614.21
1,2025-06-28 10:00:00,27.53,751.48
1,2025-06-28 11:00:00,29.0,809.98
1,2025-06-28 12:00:00,29.56,870.11
1,2025-06-28 13:00:00,29.37,803.24
1,2025-06-28 14:00:00,30.26,755.11
1,2025-06-28 15:00:00,29.55,579.3
1,2025-06-28 16:00:00,27.59,406.4
1,2025-06-28 17:00:00,28.04,239.48
1,2025-06-28 18:00:00,26.82,0.0
1,2025-06-28 19:00:00,23.49,0.0
1,2025-06-28 20:00:00,23.62,0.0
1,2025-06-28 21:00:00,21.26,0.0
1,2025-06-28 22:00:00,22.51,0.0
1,2025-06-28 23:00:00,21.38,18.71
1,2025-06-29 00:00:00,19.01,25.08
1,2025-06-29 01:00:00,19.27,7.56
1,2025-06-29 02:00:00,20.59,19.18
1,2025-06-29 03:00:00,22.59,13.33
1,2025-06-29 04:00:00,23.27,0.0
1,2025-06-29 05:00:00,22.02,28.63
1,2025-06-29 06:00:00,23.64,2.39
1,2025-06-29 07:00:00,23.29,218.81
1,2025-06-29 08:00:00,25.44,435.31
1,2025-06-29 09:00:00,25.68,598.68
1,2025-06-29 10:00:00,26.78,761.63
1,2025-06-29 11:00:00,26.74,801.89
1,2025-06-29 12:00:00,27.39,873.62
1,2025-06-29 13:00:00,30.7,804.91
1,2025-06-29 14:00:00,27.54,710.42
1,2025-06-29 15:00:00,28.03,615.84
1,2025-06-29 16:00:00,28.61,416.12
1,2025-06-29 17:00:00,28.15,218.3
1,2025-06-29 18:00:00,24.67,20.39
1,2025-06-29 19:00:00,26.55,21.2
1,2025-06-29 20:00:00,25.39,0.15
1,2025-06-29 21:00:00,23.65,0.0
1,2025-06-29 22:00:00,20.18,19.93
1,2025-06-29 23:00:00,22.03,0.0
1,2025-06-30 00:00:00,20.49,0.82
1,2025-06-30 01:00:00,19.99,0.0
1,2025-06-30 02:00:00,21.71,0.0
1,2025-06-30 03:00:00,21.66,0.0
1,2025-06-30 04:00:00,23.54,0.0
1,2025-06-30 05:00:00,24.3,0.0
1,2025-06-30 06:00:00,22.28,0.0
1,2025-06-30 07:00:00,22.96,227.16
1,2025-06-30 08:00:00,27.7,404.17
1,2025-06-30 09:00:00,26.3,572.32
1,2025-06-30 10:00:00,26.0,707.92
1,2025-06-30 11:00:00,28.5,830.87
1,2025-06-30 12:00:00,26.98,850.37
1,2025-06-30 13:00:00,29.01,816.06
1,2025-06-30 14:00:00,29.22,714.59
1,2025-06-30 15:00:00,28.24,605.69
1,2025-06-30 16:00:00,27.11,443.66
1,2025-06-30 17:00:00,27.94,206.14
1,2025-06-30 18:00:00,24.38,16.79
1,2025-06-30 19:00:00,25.77,28.5
1,2025-06-30 20:00:00,23.02,5.08
1,2025-06-30 21:00:00,21.4,0.0
1,2025-06-30 22:00:00,23.74,21.5
1,2025-06-30 23:00:00,21.26,11.42
1,2025-07-01 00:00:00,20.95,7.23
1,2025-07-01 01:00:00,19.41,0.0
1,2025-07-01 02:00:00,22.27,6.75
1,2025-07-01 03:00:00,23.27,0.0
1,2025-07-01 04:00:00,21.85,25.69
1,2025-07-01 05:00:00,23.06,0.0
1,2025-07-01 06:00:00,23.82,0.12
1,2025-07-01 07:00:00,25.89,220.62
1,2025-07-01 08:00:00,26.44,439.96
1,2025-07-01 09:00:00,25.9,569.52
1,2025-07-01 10:00:00,28.99,745.98
1,2025-07-01 11:00:00,26.42,828.12
1,2025-07-01 12:00:00,30.51,840.19
1,2025-07-01 13:00:00,29.66,804.52
1,2025-07-01 14:00:00,28.43,730.3
1,2025-07-01 15:00:00,29.18,608.8
1,2025-07-01 16:00:00,29.07,444.33
1,2025-07-01 17:00:00,27.93,234.73
1,2025-07-01 18:00:00,25.18,28.23
1,2025-07-01 19:00:00,26.35,2.43
1,2025-07-01 20:00:00,25.46,10.21
1,2025-07-01 21:00:00,21.81,0.0
1,2025-07-01 22:00:00,22.73,0.0
1,2025-07-01 23:00:00,19.88,0.0
1,2025-07-02 00:00:00,19.36,0.0
1,2025-07-02 01:00:00,21.08,6.83
1,2025-07-02 02:00:00,22.07,0.0
1,2025-07-02 03:00:00,23.29,12.65
1,2025-07-02 04:00:00,20.89,25.91
1,2025-07-02 05:00:00,22.31,16.17
1,2025-07-02 06:00:00,25.44,0.0
1,2025-07-02 07:00:00,26.68,224.88
1,2025-07-02 08:00:00,25.22,391.68
1,2025-07-02 09:00:00,27.39,586.91
1,2025-07-02 10:00:00,27.89,737.3
1,2025-07-02 11:00:00,28.55,798.93
1,2025-07-02 12:00:00,28.82,862.15
1,2025-07-02 13:00:00,29.11,785.43
1,2025-07-02 14:00:00,27.9,740.63
1,2025-07-02 15:00:00,27.17,618.83
1,2025-07-02 16:00:00,27.43,415.99
1,2025-07-02 17:00:00,24.89,205.6
1,2025-07-02 18:00:00,26.76,6.41
1,2025-07-02 19:00:00,23.74,3.59
1,2025-07-02 20:00:00,22.64,27.76
1,2025-07-02 21:00:00,24.13,0.0
1,2025-07-02 22:00:00,22.85,0.0
1,2025-07-02 23:00:00,23.38,0.0
1,2025-07-03 00:00:00,19.6,0.0
1,2025-07-03 01:00:00,19.35,0.0
1,2025-07-03 02:00:00,20.16,0.0
1,2025-07-03 03:00:00,23.03,0.0
1,2025-07-03 04:00:00,23.53,13.13
1,2025-07-03 05:00:00,21.04,0.0
1,2025-07-03 06:00:00,25.16,26.75
1,2025-07-03 07:00:00,24.46,228.82
1,2025-07-03 08:00:00,26.68,422.92
1,2025-07-03 09:00:00,27.92,606.75
1,2025-07-03 10:00:00,28.16,709.49
1,2025-07-03 11:00:00,27.39,784.51
1,2025-07-03 12:00:00,30.01,817.45
1,2025-07-03 13:00:00,29.6,793.92
1,2025-07-03 14:00:00,28.36,721.81
1,2025-07-03 15:00:00,27.97,618.06
1,2025-07-03 16:00:00,28.68,420.24
1,2025-07-03 17:00:00,27.45,220.23
1,2025-07-03 18:00:00,24.81,0.0
1,2025-07-03 19:00:00,26.36,10.9
1,2025-07-03 20:00:00,24.24,15.62
1,2025-07-03 21:00:00,22.05,20.04
1,2025-07-03 22:00:00,23.88,0.0
1,2025-07-03 23:00:00,22.09,0.0
1,2025-07-04 00:00:00,20.39,0.0
1,2025-07-04 01:00:00,22.48,8.66
1,2025-07-04 02:00:00,22.49,0.0
1,2025-07-04 03:00:00,19.45,0.0
1,2025-07-04 04:00:00,22.41,27.54
1,2025-07-04 05:00:00,24.0,0.0
1,2025-07-04 06:00:00,22.36,0.0
1,2025-07-04 07:00:00,26.43,242.53
1,2025-07-04 08:00:00,27.83,427.4
1,2025-07-04 09:00:00,25.45,574.12
1,2025-07-04 10:00:00,26.5,707.92
1,2025-07-04 11:00:00,29.68,830.5
1,2025-07-04 12:00:00,28.0,837.48
1,2025-07-04 13:00:00,27.82,783.27
1,2025-07-04 14:00:00,27.99,704.7
1,2025-07-04 15:00:00,29.28,586.03
1,2025-07-04 16:00:00,27.89,446.82
1,2025-07-04 17:00:00,27.29,191.86
1,2025-07-04 18:00:00,25.82,0.0
1,2025-07-04 19:00:00,23.59,15.51
1,2025-07-04 20:00:00,24.08,15.74
1,2025-07-04 21:00:00,21.47,9.22
1,2025-07-04 22:00:00,20.77,0.0
1,2025-07-04 23:00:00,20.12,0.0
1,2025-07-05 00:00:00,22.62,0.0
1,2025-07-05 01:00:00,20.25,26.6
1,2025-07-05 02:00:00,21.14,0.0
1,2025-07-05 03:00:00,23.15,18.0
1,2025-07-05 04:00:00,21.07,0.0
1,2025-07-05 05:00:00,21.24,22.34
1,2025-07-05 06:00:00,24.59,0.0
1,2025-07-05 07:00:00,24.05,187.29
1,2025-07-05 08:00:00,24.91,445.6
1,2025-07-05 09:00:00,27.59,598.72
1,2025-07-05 10:00:00,27.1,753.85
1,2025-07-05 11:00:00,30.15,821.51
1,2025-07-05 12:00:00,28.88,829.92
1,2025-07-05 13:00:00,29.02,785.74
1,2025-07-05 14:00:00,27.11,714.63
1,2025-07-05 15:00:00,26.57,578.25
1,2025-07-05 16:00:00,26.67,433.41
1,2025-07-05 17:00:00,28.01,224.62
1,2025-07-05 18:00:00,25.85,0.0
1,2025-07-05 19:00:00,24.71,0.0
1,2025-07-05 20:00:00,25.75,0.0
1,2025-07-05 21:00:00,22.22,0.0
1,2025-07-05 22:00:00,22.09,0.0
1,2025-07-05 23:00:00,21.05,0.0
1,2025-07-06 00:00:00,21.63,0.0
1,2025-07-06 01:00:00,22.47,19.01
1,2025-07-06 02:00:00,19.82,0.0
1,2025-07-06 03:00:00,20.28,27.07
1,2025-07-06 04:00:00,22.87,10.43
1,2025-07-06 05:00:00,21.01,0.0
1,2025-07-06 06:00:00,24.74,0.0
1,2025-07-06 07:00:00,25.8,198.57
1,2025-07-06 08:00:00,25.79,445.0
1,2025-07-06 09:00:00,25.93,618.87
1,2025-07-06 10:00:00,27.59,714.29
1,2025-07-06 11:00:00,27.67,826.71
1,2025-07-06 12:00:00,28.54,806.57
1,2025-07-06 13:00:00,28.44,793.74
1,2025-07-06 14:00:00,29.41,707.38
1,2025-07-06 15:00:00,28.6,604.19
1,2025-07-06 16:00:00,27.78,415.27
1,2025-07-06 17:00:00,26.5,195.32
1,2025-07-06 18:00:00,24.6,0.0
1,2025-07-06 19:00:00,24.54,2.49
1,2025-07-06 20:00:00,24.44,0.0
1,2025-07-06 21:00:00,22.35,0.0
1,2025-07-06 22:00:00,23.04,0.0
1,2025-07-06 23:00:00,21.66,0.0
1,2025-07-07 00:00:00,20.04,19.33
1,2025-07-07 01:00:00,22.53,0.0
1,2025-07-07 02:00:00,21.51,6.14
1,2025-07-07 03:00:00,21.48,0.0
1,2025-07-07 04:00:00,21.57,10.05
1,2025-07-07 05:00:00,23.75,0.0
1,2025-07-07 06:00:00,24.54,19.74
1,2025-07-07 07:00:00,24.78,240.48
1,2025-07-07 08:00:00,24.17,402.97
1,2025-07-07 09:00:00,28.42,567.84
1,2025-07-07 10:00:00,29.78,732.83
1,2025-07-07 11:00:00,29.76,800.74
1,2025-07-07 12:00:00,26.86,820.06
1,2025-07-07 13:00:00,29.46,820.25
1,2025-07-07 14:00:00,28.72,711.08
1,2025-07-07 15:00:00,28.96,562.36
1,2025-07-07 16:00:00,27.45,395.9
1,2025-07-07 17:00:00,27.21,187.11
1,2025-07-07 18:00:00,25.12,0.0
1,2025-07-07 19:00:00,26.26,0.0
1,2025-07-07 20:00:00,23.91,0.0
1,2025-07-07 21:00:00,22.8,0.0
1,2025-07-07 22:00:00,22.35,0.0
1,2025-07-07 23:00:00,23.51,26.68
1,2025-07-08 00:00:00,19.71,0.0
1,2025-07-08 01:00:00,21.15,2.62
1,2025-07-08 02:00:00,19.58,0.0
1,2025-07-08 03:00:00,22.41,0.0
1,2025-07-08 04:00:00,23.7,2.87
1,2025-07-08 05:00:00,23.13,0.0
1,2025-07-08 06:00:00,25.21,0.0
1,2025-07-08 07:00:00,26.75,221.21
1,2025-07-08 08:00:00,27.57,429.4
1,2025-07-08 09:00:00,28.21,613.48
1,2025-07-08 10:00:00,26.18,745.49
1,2025-07-08 11:00:00,30.28,825.89
1,2025-07-08 12:00:00,29.73,853.87
1,2025-07-08 13:00:00,27.93,821.16
1,2025-07-08 14:00:00,29.98,738.66
1,2025-07-08 15:00:00,27.53,573.22
1,2025-07-08 16:00:00,27.9,396.46
1,2025-07-08 17:00:00,28.32,194.02
1,2025-07-08 18:00:00,26.19,0.0
1,2025-07-08 19:00:00,24.59,0.0
1,2025-07-08 20:00:00,23.76,11.15
1,2025-07-08 21:00:00,21.77,28.18
1,2025-07-08 22:00:00,21.0,24.87
1,2025-07-08 23:00:00,21.16,0.0
1,2025-07-09 00:00:00,19.3,0.0
1,2025-07-09 01:00:00,20.21,0.0
1,2025-07-09 02:00:00,21.74,21.52
1,2025-07-09 03:00:00,21.55,0.0
1,2025-07-09 04:00:00,21.2,0.0
1,2025-07-09 05:00:00,24.45,5.23
1,2025-07-09 06:00:00,22.16,0.0
1,2025-07-09 07:00:00,24.3,219.32
1,2025-07-09 08:00:00,24.04,398.89
1,2025-07-09 09:00:00,26.76,595.45
1,2025-07-09 10:00:00,29.19,739.16
1,2025-07-09 11:00:00,28.6,786.83
1,2025-07-09 12:00:00,29.06,823.46
1,2025-07-09 13:00:00,28.17,825.96
1,2025-07-09 14:00:00,29.26,715.49
1,2025-07-09 15:00:00,26.53,594.65
1,2025-07-09 16:00:00,28.96,409.59
1,2025-07-09 17:00:00,27.81,240.82
1,2025-07-09 18:00:00,27.34,18.65
1,2025-07-09 19:00:00,24.39,22.22
1,2025-07-09 20:00:00,24.35,0.0
1,2025-07-09 21:00:00,24.57,0.0
1,2025-07-09 22:00:00,23.21,0.0
1,2025-07-09 23:00:00,21.84,0.0
1,2025-07-10 00:00:00,21.2,25.11
1,2025-07-10 01:00:00,20.45,15.18
1,2025-07-10 02:00:00,22.63,5.06
1,2025-07-10 03:00:00,23.44,0.0
1,2025-07-10 04:00:00,23.57,8.74
1,2025-07-10 05:00:00,22.13,0.0
1,2025-07-10 06:00:00,22.41,1.9
1,2025-07-10 07:00:00,26.21,229.01
1,2025-07-10 08:00:00,24.82,401.82
1,2025-07-10 09:00:00,27.83,584.43
1,2025-07-10 10:00:00,26.27,741.5
1,2025-07-10 11:00:00,27.13,802.63
1,2025-07-10 12:00:00,30.44,849.39
1,2025-07-10 13:00:00,30.69,822.62
1,2025-07-10 14:00:00,28.82,698.86
1,2025-07-10 15:00:00,30.38,564.63
1,2025-07-10 16:00:00,26.09,394.14
1,2025-07-10 17:00:00,28.74,185.38
1,2025-07-10 18:00:00,25.24,0.0
1,2025-07-10 19:00:00,26.5,0.0
1,2025-07-10 20:00:00,25.41,5.9
1,2025-07-10 21:00:00,21.2,0.0
1,2025-07-10 22:00:00,23.54,0.0
1,2025-07-10 23:00:00,21.7,0.0
1,2025-07-11 00:00:00,22.11,17.74
1,2025-07-11 01:00:00,20.2,10.57
1,2025-07-11 02:00:00,19.41,0.13
1,2025-07-11 03:00:00,20.26,0.0
1,2025-07-11 04:00:00,20.25,17.09
1,2025-07-11 05:00:00,22.29,15.08
1,2025-07-11 06:00:00,25.12,25.46
1,2025-07-11 07:00:00,26.34,190.67
1,2025-07-11 08:00:00,25.36,434.12
1,2025-07-11 09:00:00,25.16,592.01
1,2025-07-11 10:00:00,27.15,687.33
1,2025-07-11 11:00:00,29.39,808.87
1,2025-07-11 12:00:00,29.67,816.12
1,2025-07-11 13:00:00,28.1,812.37
1,2025-07-11 14:00:00,28.01,718.24
1,2025-07-11 15:00:00,29.77,555.67
1,2025-07-11 16:00:00,26.67,433.8
1,2025-07-11 17:00:00,26.89,198.61
1,2025-07-11 18:00:00,27.13,4.95
1,2025-07-11 19:00:00,23.77,0.0
1,2025-07-11 20:00:00,24.07,22.65
1,2025-07-11 21:00:00,22.51,0.62
1,2025-07-11 22:00:00,23.22,17.22
1,2025-07-11 23:00:00,21.29,26.23
1,2025-07-12 00:00:00,19.93,0.0
1,2025-07-12 01:00:00,21.96,16.43
1,2025-07-12 02:00:00,19.29,0.0
1,2025-07-12 03:00:00,21.36,0.0
1,2025-07-12 04:00:00,22.76,3.48
1,2025-07-12 05:00:00,22.16,23.33
1,2025-07-12 06:00:00,23.31,7.04
1,2025-07-12 07:00:00,24.09,206.13
1,2025-07-12 08:00:00,24.22,441.01
1,2025-07-12 09:00:00,26.82,563.79
1,2025-07-12 10:00:00,28.38,742.62
1,2025-07-12 11:00:00,26.89,788.76
1,2025-07-12 12:00:00,28.61,811.07
1,2025-07-12 13:00:00,30.34,786.44
1,2025-07-12 14:00:00,27.11,691.9
1,2025-07-12 15:00:00,26.55,574.24
1,2025-07-12 16:00:00,26.29,425.96
1,2025-07-12 17:00:00,27.69,224.59
1,2025-07-12 18:00:00,25.98,14.39
1,2025-07-12 19:00:00,26.27,29.28
1,2025-07-12 20:00:00,24.56,0.0
1,2025-07-12 21:00:00,21.37,0.0
1,2025-07-12 22:00:00,21.84,0.0
1,2025-07-12 23:00:00,22.96,0.0
1,2025-07-13 00:00:00,22.98,11.48
1,2025-07-13 01:00:00,20.44,20.84
1,2025-07-13 02:00:00,19.28,0.0
1,2025-07-13 03:00:00,20.94,27.0
1,2025-07-13 04:00:00,21.13,0.0
1,2025-07-13 05:00:00,22.2,12.03
1,2025-07-13 06:00:00,24.73,0.0
1,2025-07-13 07:00:00,23.74,183.02
1,2025-07-13 08:00:00,26.97,433.43
1,2025-07-13 09:00:00,26.65,606.01
1,2025-07-13 10:00:00,26.81,726.75
1,2025-07-13 11:00:00,29.07,774.91
1,2025-07-13 12:00:00,29.41,828.99
1,2025-07-13 13:00:00,27.11,816.81
1,2025-07-13 14:00:00,30.01,723.79
1,2025-07-13 15:00:00,29.21,566.78
1,2025-07-13 16:00:00,27.04,385.81
1,2025-07-13 17:00:00,27.25,234.37
1,2025-07-13 18:00:00,27.52,0.0
1,2025-07-13 19:00:00,25.92,23.05
1,2025-07-13 20:00:00,25.69,24.66
1,2025-07-13 21:00:00,24.09,24.19
1,2025-07-13 22:00:00,22.1,26.83
1,2025-07-13 23:00:00,21.2,0.0
1,2025-07-14 00:00:00,19.34,0.0
1,2025-07-14 01:00:00,21.62,9.97
1,2025-07-14 02:00:00,19.47,6.2
1,2025-07-14 03:00:00,22.84,29.65
1,2025-07-14 04:00:00,23.08,0.0
1,2025-07-14 05:00:00,23.81,19.42
1,2025-07-14 06:00:00,24.94,7.48
1,2025-07-14 07:00:00,24.87,213.2
1,2025-07-14 08:00:00,27.84,405.2
1,2025-07-14 09:00:00,25.06,565.17
1,2025-07-14 10:00:00,29.36,695.25
1,2025-07-14 11:00:00,26.92,777.95
1,2025-07-14 12:00:00,28.47,826.01
1,2025-07-14 13:00:00,30.31,762.6
1,2025-07-14 14:00:00,30.05,693.71
1,2025-07-14 15:00:00,28.67,604.16
1,2025-07-14 16:00:00,27.06,400.22
1,2025-07-14 17:00:00,26.97,216.74
1,2025-07-14 18:00:00,24.14,0.0
1,2025-07-14 19:00:00,26.65,0.0
1,2025-07-14 20:00:00,25.91,20.25
1,2025-07-14 21:00:00,24.29,0.0
1,2025-07-14 22:00:00,21.95,0.0
1,2025-07-14 23:00:00,20.94,0.0
1,2025-07-15 00:00:00,20.25,5.13
1,2025-07-15 01:00:00,20.34,0.0
1,2025-07-15 02:00:00,20.22,0.0
1,2025-07-15 03:00:00,20.81,0.0
1,2025-07-15 04:00:00,20.22,0.0
1,2025-07-15 05:00:00,23.65,7.44
1,2025-07-15 06:00:00,24.4,0.0
1,2025-07-15 07:00:00,26.75,228.44
1,2025-07-15 08:00:00,27.25,389.12
1,2025-07-15 09:00:00,26.11,564.85
1,2025-07-15 10:00:00,27.5,731.01
1,2025-07-15 11:00:00,27.98,780.56
1,2025-07-15 12:00:00,30.09,792.65
1,2025-07-15 13:00:00,29.52,788.13
1,2025-07-15 14:00:00,27.28,702.86
1,2025-07-15 15:00:00,28.5,553.3
1,2025-07-15 16:00:00,26.35,391.72
1,2025-07-15 17:00:00,25.48,184.26
1,2025-07-15 18:00:00,27.29,0.96
1,2025-07-15 19:00:00,25.52,0.0
1,2025-07-15 20:00:00,23.31,0.0
1,2025-07-15 21:00:00,23.95,1.22
1,2025-07-15 22:00:00,20.47,0.0
1,2025-07-15 23:00:00,19.69,0.0
1,2025-07-16 00:00:00,21.68,0.0
1,2025-07-16 01:00:00,19.49,20.18
1,2025-07-16 02:00:00,19.44,5.38
1,2025-07-16 03:00:00,19.94,17.73
1,2025-07-16 04:00:00,22.44,0.0
1,2025-07-16 05:00:00,21.36,0.0
1,2025-07-16 06:00:00,24.22,18.1
1,2025-07-16 07:00:00,25.29,201.52
1,2025-07-16 08:00:00,27.87,410.28
1,2025-07-16 09:00:00,25.62,553.56
1,2025-07-16 10:00:00,28.76,711.33
1,2025-07-16 11:00:00,29.46,796.32
1,2025-07-16 12:00:00,29.12,824.71
1,2025-07-16 13:00:00,30.84,764.84
1,2025-07-16 14:00:00,28.08,684.11
1,2025-07-16 15:00:00,28.13,599.47
1,2025-07-16 16:00:00,29.67,434.47
1,2025-07-16 17:00:00,25.55,218.47
1,2025-07-16 18:00:00,27.65,22.38
1,2025-07-16 19:00:00,26.1,0.0
1,2025-07-16 20:00:00,25.67,0.0
1,2025-07-16 21:00:00,21.71,0.0
1,2025-07-16 22:00:00,20.86,13.76
1,2025-07-16 23:00:00,20.3,15.92
1,2025-07-17 00:00:00,22.9,0.0
1,2025-07-17 01:00:00,18.96,13.58
1,2025-07-17 02:00:00,22.16,8.27
1,2025-07-17 03:00:00,23.23,0.0
1,2025-07-17 04:00:00,21.76,0.0
1,2025-07-17 05:00:00,22.16,11.55
1,2025-07-17 06:00:00,25.02,27.67
1,2025-07-17 07:00:00,23.21,194.16
1,2025-07-17 08:00:00,25.55,411.08
1,2025-07-17 09:00:00,24.98,559.36
1,2025-07-17 10:00:00,27.37,682.39
1,2025-07-17 11:00:00,26.7,789.59
1,2025-07-17 12:00:00,28.22,785.59
1,2025-07-17 13:00:00,27.68,806.73
1,2025-07-17 14:00:00,28.2,730.71
1,2025-07-17 15:00:00,28.7,543.47
1,2025-07-17 16:00:00,26.74,415.33
1,2025-07-17 17:00:00,28.51,211.76
1,2025-07-17 18:00:00,24.79,1.03
1,2025-07-17 19:00:00,24.71,0.0
1,2025-07-17 20:00:00,24.1,0.0
1,2025-07-17 21:00:00,23.23,0.0
1,2025-07-17 22:00:00,22.67,5.17
1,2025-07-17 23:00:00,20.21,0.0
1,2025-07-18 00:00:00,21.38,9.99
1,2025-07-18 01:00:00,20.62,0.0
1,2025-07-18 02:00:00,19.66,22.85
1,2025-07-18 03:00:00,23.1,25.36
1,2025-07-18 04:00:00,22.31,0.0
1,2025-07-18 05:00:00,23.69,16.13
1,2025-07-18 06:00:00,25.64,1.01
1,2025-07-18 07:00:00,24.86,180.32
1,2025-07-18 08:00:00,24.63,401.91
1,2025-07-18 09:00:00,27.55,572.05
1,2025-07-18 10:00:00,28.0,701.15
1,2025-07-18 11:00:00,30.31,768.73
1,2025-07-18 12:00:00,29.86,801.17
1,2025-07-18 13:00:00,27.01,782.08
1,2025-07-18 14:00:00,28.52,724.69
1,2025-07-18 15:00:00,30.08,562.07
1,2025-07-18 16:00:00,27.59,394.06
1,2025-07-18 17:00:00,26.11,207.97
1,2025-07-18 18:00:00,26.13,11.64
1,2025-07-18 19:00:00,26.23,0.0
1,2025-07-18 20:00:00,23.92,0.0
1,2025-07-18 21:00:00,23.33,0.0
1,2025-07-18 22:00:00,22.8,0.0
1,2025-07-18 23:00:00,23.0,25.74
1,2025-07-19 00:00:00,22.36,0.0
1,2025-07-19 01:00:00,20.14,19.69
1,2025-07-19 02:00:00,20.01,0.0
1,2025-07-19 03:00:00,20.33,0.0
1,2025-07-19 04:00:00,22.89,0.0
1,2025-07-19 05:00:00,24.81,0.0
1,2025-07-19 06:00:00,24.07,0.0
1,2025-07-19 07:00:00,23.88,199.64
1,2025-07-19 08:00:00,25.34,421.43
1,2025-07-19 09:00:00,28.04,580.9
1,2025-07-19 10:00:00,27.26,707.53
1,2025-07-19 11:00:00,28.42,788.01
1,2025-07-19 12:00:00,30.47,782.83
1,2025-07-19 13:00:00,30.34,762.64
1,2025-07-19 14:00:00,30.65,722.41
1,2025-07-19 15:00:00,27.26,546.09
1,2025-07-19 16:00:00,27.96,403.89
1,2025-07-19 17:00:00,27.48,180.06
1,2025-07-19 18:00:00,26.69,0.0
1,2025-07-19 19:00:00,25.65,0.0
1,2025-07-19 20:00:00,24.75,26.25
1,2025-07-19 21:00:00,23.28,0.0
1,2025-07-19 22:00:00,20.84,17.88
1,2025-07-19 23:00:00,20.78,22.04
1,2025-07-20 00:00:00,22.33,0.0
1,2025-07-20 01:00:00,22.05,6.71
1,2025-07-20 02:00:00,20.32,0.0
1,2025-07-20 03:00:00,20.62,0.0
1,2025-07-20 04:00:00,23.02,0.0
1,2025-07-20 05:00:00,23.39,0.0
1,2025-07-20 06:00:00,23.66,0.14
1,2025-07-20 07:00:00,23.97,202.37
1,2025-07-20 08:00:00,26.55,393.42
1,2025-07-20 09:00:00,27.08,582.76
1,2025-07-20 10:00:00,26.09,716.76
1,2025-07-20 11:00:00,30.0,756.26
1,2025-07-20 12:00:00,27.57,786.87
1,2025-07-20 13:00:00,27.93,759.77
1,2025-07-20 14:00:00,27.17,669.99
1,2025-07-20 15:00:00,26.55,564.13
1,2025-07-20 16:00:00,26.03,376.37
1,2025-07-20 17:00:00,26.78,193.33
1,2025-07-20 18:00:00,24.42,0.0
1,2025-07-20 19:00:00,24.08,0.0
1,2025-07-20 20:00:00,25.72,25.3
1,2025-07-20 21:00:00,23.34,0.0
1,2025-07-20 22:00:00,20.95,0.0
1,2025-07-20 23:00:00,23.08,5.76
1,2025-07-21 00:00:00,19.93,0.0
1,2025-07-21 01:00:00,20.55,0.0
1,2025-07-21 02:00:00,22.39,4.38
1,2025-07-21 03:00:00,20.48,19.2
1,2025-07-21 04:00:00,22.99,1.59
1,2025-07-21 05:00:00,22.84,0.0
1,2025-07-21 06:00:00,25.04,22.48
1,2025-07-21 07:00:00,25.37,187.57
1,2025-07-21 08:00:00,26.36,391.67
1,2025-07-21 09:00:00,26.88,551.06
1,2025-07-21 10:00:00,28.56,719.69
1,2025-07-21 11:00:00,27.16,785.84
1,2025-07-21 12:00:00,26.81,796.36
1,2025-07-21 13:00:00,27.62,744.88
1,2025-07-21 14:00:00,30.1,711.66
1,2025-07-21 15:00:00,26.6,586.14
1,2025-07-21 16:00:00,29.13,375.28
1,2025-07-21 17:00:00,24.82,192.27
1,2025-07-21 18:00:00,27.11,0.0
1,2025-07-21 19:00:00,23.64,0.0
1,2025-07-21 20:00:00,23.55,0.0
1,2025-07-21 21:00:00,22.16,0.0
1,2025-07-21 22:00:00,21.52,0.0
1,2025-07-21 23:00:00,20.83,16.57
1,2025-07-22 00:00:00,22.09,3.68
1,2025-07-22 01:00:00,21.08,0.0
1,2025-07-22 02:00:00,19.77,0.0
1,2025-07-22 03:00:00,21.45,22.51
1,2025-07-22 04:00:00,20.59,28.4
1,2025-07-22 05:00:00,24.23,0.0
1,2025-07-22 06:00:00,23.62,0.0
1,2025-07-22 07:00:00,26.61,193.14
1,2025-07-22 08:00:00,27.21,373.07
1,2025-07-22 09:00:00,27.34,578.13
1,2025-07-22 10:00:00,26.33,683.35
1,2025-07-22 11:00:00,26.33,739.05
1,2025-07-22 12:00:00,29.91,776.34
1,2025-07-22 13:00:00,27.26,785.19
1,2025-07-22 14:00:00,30.47,697.9
1,2025-07-22 15:00:00,27.67,532.27
1,2025-07-22 16:00:00,28.04,417.21
1,2025-07-22 17:00:00,27.88,231.63
1,2025-07-22 18:00:00,23.88,15.42
1,2025-07-22 19:00:00,25.75,0.0
1,2025-07-22 20:00:00,25.28,0.0
1,2025-07-22 21:00:00,22.39,0.0
1,2025-07-22 22:00:00,20.97,14.68
1,2025-07-22 23:00:00,19.48,0.0
1,2025-07-23 00:00:00,21.47,0.0
1,2025-07-23 01:00:00,21.75,1.37
1,2025-07-23 02:00:00,21.64,23.0
1,2025-07-23 03:00:00,19.34,8.41
1,2025-07-23 04:00:00,19.88,0.0
1,2025-07-23 05:00:00,23.09,28.26
1,2025-07-23 06:00:00,23.82,3.68
1,2025-07-23 07:00:00,23.46,230.27
1,2025-07-23 08:00:00,25.99,419.81
1,2025-07-23 09:00:00,25.21,542.8
1,2025-07-23 10:00:00,28.22,697.22
1,2025-07-23 11:00:00,26.87,763.76
1,2025-07-23 12:00:00,29.05,772.65
1,2025-07-23 13:00:00,27.44,777.9
1,2025-07-23 14:00:00,30.21,703.67
1,2025-07-23 15:00:00,26.17,587.62
1,2025-07-23 16:00:00,26.49,370.12
1,2025-07-23 17:00:00,24.68,219.36
1,2025-07-23 18:00:00,25.4,0.0
1,2025-07-23 19:00:00,24.01,13.16
1,2025-07-23 20:00:00,24.4,0.0
1,2025-07-23 21:00:00,23.57,9.1
1,2025-07-23 22:00:00,20.02,15.95
1,2025-07-23 23:00:00,23.13,14.69
1,2025-07-24 00:00:00,19.09,10.22
1,2025-07-24 01:00:00,22.12,3.32
1,2025-07-24 02:00:00,19.81,14.09
1,2025-07-24 03:00:00,21.09,0.0
1,2025-07-24 04:00:00,21.5,0.0
1,2025-07-24 05:00:00,21.02,0.0
1,2025-07-24 06:00:00,23.77,27.81
1,2025-07-24 07:00:00,22.96,195.55
1,2025-07-24 08:00:00,24.7,402.57
1,2025-07-24 09:00:00,25.47,585.76
1,2025-07-24 10:00:00,28.21,708.13
1,2025-07-24 11:00:00,29.61,750.64
1,2025-07-24 12:00:00,28.24,798.68
1,2025-07-24 13:00:00,29.05,786.13
1,2025-07-24 14:00:00,27.83,671.35
1,2025-07-24 15:00:00,28.26,547.15
1,2025-07-24 16:00:00,28.7,371.53
1,2025-07-24 17:00:00,26.16,193.74
1,2025-07-24 18:00:00,23.9,0.0
1,2025-07-24 19:00:00,24.9,0.0
1,2025-07-24 20:00:00,22.9,25.65
1,2025-07-24 21:00:00,21.86,0.0
1,2025-07-24 22:00:00,20.35,0.0
1,2025-07-24 23:00:00,21.12,0.0
1,2025-07-25 00:00:00,21.72,0.0
1,2025-07-25 01:00:00,19.96,13.42
1,2025-07-25 02:00:00,21.82,10.06
1,2025-07-25 03:00:00,21.86,5.29
1,2025-07-25 04:00:00,20.41,26.34
1,2025-07-25 05:00:00,23.32,0.0
1,2025-07-25 06:00:00,25.29,0.0
1,2025-07-25 07:00:00,24.98,213.25
1,2025-07-25 08:00:00,26.35,405.67
1,2025-07-25 09:00:00,27.8,527.62
1,2025-07-25 10:00:00,28.4,682.84
1,2025-07-25 11:00:00,28.64,771.0
1,2025-07-25 12:00:00,29.97,785.91
1,2025-07-25 13:00:00,29.74,767.32
1,2025-07-25 14:00:00,30.31,702.84
1,2025-07-25 15:00:00,29.66,537.67
1,2025-07-25 16:00:00,25.53,398.1
1,2025-07-25 17:00:00,24.54,209.58
1,2025-07-25 18:00:00,26.2,24.78
1,2025-07-25 19:00:00,25.13,0.0
1,2025-07-25 20:00:00,21.68,4.31
1,2025-07-25 21:00:00,24.42,12.27
1,2025-07-25 22:00:00,20.84,7.44
1,2025-07-25 23:00:00,21.12,0.0
1,2025-07-26 00:00:00,21.34,8.61
1,2025-07-26 01:00:00,19.56,0.0
1,2025-07-26 02:00:00,20.19,21.95
1,2025-07-26 03:00:00,22.94,24.27
1,2025-07-26 04:00:00,21.67,28.99
1,2025-07-26 05:00:00,23.08,0.0
1,2025-07-26 06:00:00,22.13,0.0
1,2025-07-26 07:00:00,24.2,212.4
1,2025-07-26 08:00:00,26.06,401.61
1,2025-07-26 09:00:00,24.94,579.03
1,2025-07-26 10:00:00,27.44,674.62
1,2025-07-26 11:00:00,27.9,762.73
1,2025-07-26 12:00:00,27.38,762.22
1,2025-07-26 13:00:00,30.36,758.55
1,2025-07-26 14:00:00,28.77,665.88
1,2025-07-26 15:00:00,26.1,545.75
1,2025-07-26 16:00:00,27.25,407.89
1,2025-07-26 17:00:00,24.63,175.55
1,2025-07-26 18:00:00,26.92,0.0
1,2025-07-26 19:00:00,25.33,11.13
1,2025-07-26 20:00:00,23.99,0.0
1,2025-07-26 21:00:00,24.37,0.0
1,2025-07-26 22:00:00,20.71,0.0
1,2025-07-26 23:00:00,19.5,0.0
1,2025-07-27 00:00:00,21.52,0.0
1,2025-07-27 01:00:00,20.64,7.33
1,2025-07-27 02:00:00,21.23,19.49
1,2025-07-27 03:00:00,21.49,0.0
1,2025-07-27 04:00:00,22.18,0.0
1,2025-07-27 05:00:00,20.52,0.0
1,2025-07-27 06:00:00,23.29,0.0
1,2025-07-27 07:00:00,23.87,211.58
1,2025-07-27 08:00:00,23.52,404.83
1,2025-07-27 09:00:00,26.23,530.66
1,2025-07-27 10:00:00,27.0,660.31
1,2025-07-27 11:00:00,28.62,772.08
1,2025-07-27 12:00:00,29.68,796.2
1,2025-07-27 13:00:00,26.39,758.3
1,2025-07-27 14:00:00,28.61,685.58
1,2025-07-27 15:00:00,28.74,548.25
1,2025-07-27 16:00:00,28.58,372.16
1,2025-07-27 17:00:00,27.45,213.32
1,2025-07-27 18:00:00,25.13,0.0
1,2025-07-27 19:00:00,25.44,0.0
1,2025-07-27 20:00:00,22.72,0.0
1,2025-07-27 21:00:00,22.66,0.0
1,2025-07-27 22:00:00,19.65,0.0
1,2025-07-27 23:00:00,19.63,18.8
1,2025-07-28 00:00:00,20.42,0.0
1,2025-07-28 01:00:00,20.85,19.58
1,2025-07-28 02:00:00,21.68,4.02
1,2025-07-28 03:00:00,22.39,0.0
1,2025-07-28 04:00:00,20.1,2.32
1,2025-07-28 05:00:00,20.59,0.0
1,2025-07-28 06:00:00,21.39,7.37
1,2025-07-28 07:00:00,23.57,228.63
1,2025-07-28 08:00:00,26.01,377.37
1,2025-07-28 09:00:00,25.46,558.25
1,2025-07-28 10:00:00,28.61,687.46
1,2025-07-28 11:00:00,26.58,753.05
1,2025-07-28 12:00:00,28.73,778.71
1,2025-07-28 13:00:00,28.39,770.24
1,2025-07-28 14:00:00,28.33,658.21
1,2025-07-28 15:00:00,26.46,562.49
1,2025-07-28 16:00:00,28.31,393.86
1,2025-07-28 17:00:00,25.57,218.95
1,2025-07-28 18:00:00,25.12,0.0
1,2025-07-28 19:00:00,23.04,0.0
1,2025-07-28 20:00:00,22.19,24.85
1,2025-07-28 21:00:00,22.63,0.0
1,2025-07-28 22:00:00,21.0,25.94
1,2025-07-28 23:00:00,21.76,0.0
1,2025-07-29 00:00:00,22.03,25.06
1,2025-07-29 01:00:00,21.11,7.11
1,2025-07-29 02:00:00,18.47,0.0
1,2025-07-29 03:00:00,20.74,13.73
1,2025-07-29 04:00:00,21.9,0.0
1,2025-07-29 05:00:00,24.05,0.0
1,2025-07-29 06:00:00,24.42,20.15
1,2025-07-29 07:00:00,25.93,183.1
1,2025-07-29 08:00:00,26.37,384.17
1,2025-07-29 09:00:00,24.24,556.73
1,2025-07-29 10:00:00,27.73,658.72
1,2025-07-29 11:00:00,27.45,731.9
1,2025-07-29 12:00:00,28.15,756.99
1,2025-07-29 13:00:00,27.7,727.38
1,2025-07-29 14:00:00,29.18,686.57
1,2025-07-29 15:00:00,26.84,563.13
1,2025-07-29 16:00:00,27.42,357.06
1,2025-07-29 17:00:00,24.23,186.02
1,2025-07-29 18:00:00,25.08,0.0
1,2025-07-29 19:00:00,25.76,0.0
1,2025-07-29 20:00:00,22.82,4.1
1,2025-07-29 21:00:00,20.93,17.93
1,2025-07-29 22:00:00,19.54,5.04
1,2025-07-29 23:00:00,20.62,12.2
1,2025-07-30 00:00:00,22.2,1.98
1,2025-07-30 01:00:00,18.18,21.27
1,2025-07-30 02:00:00,19.49,0.0
1,2025-07-30 03:00:00,21.78,0.0
1,2025-07-30 04:00:00,20.37,0.0
1,2025-07-30 05:00:00,23.64,19.05
1,2025-07-30 06:00:00,21.68,12.34
1,2025-07-30 07:00:00,23.88,185.17
1,2025-07-30 08:00:00,26.8,394.69
1,2025-07-30 09:00:00,24.34,549.18
1,2025-07-30 10:00:00,25.45,665.27
1,2025-07-30 11:00:00,27.64,748.25
1,2025-07-30 12:00:00,28.82,737.44
1,2025-07-30 13:00:00,29.23,721.95
1,2025-07-30 14:00:00,27.24,674.44
1,2025-07-30 15:00:00,26.5,549.69
1,2025-07-30 16:00:00,28.5,397.25
1,2025-07-30 17:00:00,24.77,170.03
1,2025-07-30 18:00:00,23.95,0.0
1,2025-07-30 19:00:00,26.12,0.0
1,2025-07-30 20:00:00,21.84,3.26
1,2025-07-30 21:00:00,23.53,0.0
1,2025-07-30 22:00:00,22.42,14.08
1,2025-07-30 23:00:00,18.89,27.66
1,2025-07-31 00:00:00,21.62,0.0
1,2025-07-31 01:00:00,19.37,0.0
1,2025-07-31 02:00:00,20.1,17.25
1,2025-07-31 03:00:00,20.34,22.65
1,2025-07-31 04:00:00,21.25,0.0
1,2025-07-31 05:00:00,21.03,3.29
1,2025-07-31 06:00:00,23.47,0.0
1,2025-07-31 07:00:00,23.73,205.63
1,2025-07-31 08:00:00,25.55,392.74
1,2025-07-31 09:00:00,26.59,547.96
1,2025-07-31 10:00:00,25.92,647.56
1,2025-07-31 11:00:00,29.35,722.47
1,2025-07-31 12:00:00,29.6,742.31
1,2025-07-31 13:00:00,28.87,734.24
1,2025-07-31 14:00:00,26.97,662.06
1,2025-07-31 15:00:00,27.85,539.37
1,2025-07-31 16:00:00,28.17,377.83
1,2025-07-31 17:00:00,26.47,224.86
1,2025-07-31 18:00:00,23.95,10.56
1,2025-07-31 19:00:00,23.57,21.11
1,2025-07-31 20:00:00,22.01,17.19
1,2025-07-31 21:00:00,23.41,0.0
1,2025-07-31 22:00:00,22.83,13.6
1,2025-07-31 23:00:00,20.26,3.67
1,2025-08-01 00:00:00,20.56,0.0
1,2025-08-01 01:00:00,21.41,6.74
1,2025-08-01 02:00:00,19.32,8.45
1,2025-08-01 03:00:00,19.62,0.0
1,2025-08-01 04:00:00,20.81,11.07
1,2025-08-01 05:00:00,20.11,0.0
1,2025-08-01 06:00:00,21.89,0.0
1,2025-08-01 07:00:00,23.86,173.83
1,2025-08-01 08:00:00,26.95,397.68
1,2025-08-01 09:00:00,27.85,547.42
1,2025-08-01 10:00:00,26.27,653.96
1,2025-08-01 11:00:00,28.37,718.92
1,2025-08-01 12:00:00,25.88,770.88
1,2025-08-01 13:00:00,29.57,721.76
1,2025-08-01 14:00:00,29.48,629.39
1,2025-08-01 15:00:00,26.87,509.37
1,2025-08-01 16:00:00,27.22,405.52
1,2025-08-01 17:00:00,27.36,212.35
1,2025-08-01 18:00:00,23.98,27.71
1,2025-08-01 19:00:00,23.13,9.31
1,2025-08-01 20:00:00,22.19,0.0
1,2025-08-01 21:00:00,20.91,4.1
1,2025-08-01 22:00:00,20.75,9.4
1,2025-08-01 23:00:00,21.22,14.57
1,2025-08-02 00:00:00,21.97,0.43
1,2025-08-02 01:00:00,18.17,0.0
1,2025-08-02 02:00:00,19.6,6.92
1,2025-08-02 03:00:00,21.23,0.0
1,2025-08-02 04:00:00,19.93,0.0
1,2025-08-02 05:00:00,22.1,0.0
1,2025-08-02 06:00:00,22.04,5.41
1,2025-08-02 07:00:00,23.71,207.0
1,2025-08-02 08:00:00,24.11,380.61
1,2025-08-02 09:00:00,26.63,535.78
1,2025-08-02 10:00:00,26.96,672.37
1,2025-08-02 11:00:00,29.0,731.99
1,2025-08-02 12:00:00,27.36,777.87
1,2025-08-02 13:00:00,26.4,748.33
1,2025-08-02 14:00:00,26.06,645.4
1,2025-08-02 15:00:00,28.96,543.68
1,2025-08-02 16:00:00,27.28,405.25
1,2025-08-02 17:00:00,24.08,203.79
1,2025-08-02 18:00:00,25.92,24.03
1,2025-08-02 19:00:00,22.08,18.62
1,2025-08-02 20:00:00,21.7,0.0
1,2025-08-02 21:00:00,22.0,7.52
1,2025-08-02 22:00:00,20.21,17.89
1,2025-08-02 23:00:00,18.43,16.44
1,2025-08-03 00:00:00,20.4,0.0
1,2025-08-03 01:00:00,20.94,0.0
1,2025-08-03 02:00:00,20.38,0.0
1,2025-08-03 03:00:00,19.55,26.41
1,2025-08-03 04:00:00,18.96,3.21
1,2025-08-03 05:00:00,22.69,23.01
1,2025-08-03 06:00:00,23.85,28.35
1,2025-08-03 07:00:00,22.83,170.13
1,2025-08-03 08:00:00,23.0,357.38
1,2025-08-03 09:00:00,27.43,532.78
1,2025-08-03 10:00:00,27.27,645.07
1,2025-08-03 11:00:00,25.49,714.35
1,2025-08-03 12:00:00,28.55,738.94
1,2025-08-03 13:00:00,27.08,740.13
1,2025-08-03 14:00:00,28.03,658.76
1,2025-08-03 15:00:00,27.73,519.05
1,2025-08-03 16:00:00,25.35,351.71
1,2025-08-03 17:00:00,26.02,214.43
1,2025-08-03 18:00:00,23.89,0.0
1,2025-08-03 19:00:00,24.86,28.61
1,2025-08-03 20:00:00,22.48,0.0
1,2025-08-03 21:00:00,22.65,20.95
1,2025-08-03 22:00:00,21.85,0.0
1,2025-08-03 23:00:00,20.59,14.15
1,2025-08-04 00:00:00,19.43,8.42
1,2025-08-04 01:00:00,18.87,0.0
1,2025-08-04 02:00:00,18.95,0.0
1,2025-08-04 03:00:00,21.83,13.11
1,2025-08-04 04:00:00,20.79,14.42
1,2025-08-04 05:00:00,22.4,5.19
1,2025-08-04 06:00:00,20.99,12.39
1,2025-08-04 07:00:00,24.19,175.02
1,2025-08-04 08:00:00,25.08,379.25
1,2025-08-04 09:00:00,24.91,516.48
1,2025-08-04 10:00:00,26.05,672.25
1,2025-08-04 11:00:00,28.13,707.5
1,2025-08-04 12:00:00,28.92,765.59
1,2025-08-04 13:00:00,29.04,687.28
1,2025-08-04 14:00:00,29.5,619.01
1,2025-08-04 15:00:00,25.36,498.01
1,2025-08-04 16:00:00,28.0,358.69
1,2025-08-04 17:00:00,24.47,173.23
1,2025-08-04 18:00:00,24.6,28.08
1,2025-08-04 19:00:00,23.99,5.67
1,2025-08-04 20:00:00,23.45,23.73
1,2025-08-04 21:00:00,21.81,28.79
1,2025-08-04 22:00:00,22.23,0.0
1,2025-08-04 23:00:00,20.08,0.0
1,2025-08-05 00:00:00,20.7,0.0
1,2025-08-05 01:00:00,18.03,0.0
1,2025-08-05 02:00:00,18.2,13.25
1,2025-08-05 03:00:00,21.66,0.0
1,2025-08-05 04:00:00,20.67,0.0
1,2025-08-05 05:00:00,23.28,20.66
1,2025-08-05 06:00:00,23.6,0.0
1,2025-08-05 07:00:00,23.65,211.19
1,2025-08-05 08:00:00,22.63,371.42
1,2025-08-05 09:00:00,25.39,544.73
1,2025-08-05 10:00:00,28.02,610.48
1,2025-08-05 11:00:00,28.56,691.06
1,2025-08-05 12:00:00,28.63,719.3
1,2025-08-05 13:00:00,29.54,704.75
1,2025-08-05 14:00:00,25.59,640.5
1,2025-08-05 15:00:00,25.1,525.17
1,2025-08-05 16:00:00,26.6,387.05
1,2025-08-05 17:00:00,24.41,175.42
1,2025-08-05 18:00:00,25.98,0.0
1,2025-08-05 19:00:00,22.76,17.91
1,2025-08-05 20:00:00,21.84,14.43
1,2025-08-05 21:00:00,21.27,15.19
1,2025-08-05 22:00:00,20.21,24.4
1,2025-08-05 23:00:00,20.62,29.96
1,2025-08-06 00:00:00,17.68,13.31
1,2025-08-06 01:00:00,20.99,0.0
1,2025-08-06 02:00:00,21.11,14.61
1,2025-08-06 03:00:00,20.37,23.62
1,2025-08-06 04:00:00,20.96,0.0
1,2025-08-06 05:00:00,22.7,11.03
1,2025-08-06 06:00:00,24.34,24.32
1,2025-08-06 07:00:00,22.19,175.0
1,2025-08-06 08:00:00,26.34,341.11
1,2025-08-06 09:00:00,25.32,516.84
1,2025-08-06 10:00:00,27.1,655.42
1,2025-08-06 11:00:00,27.9,724.09
1,2025-08-06 12:00:00,28.92,755.84
1,2025-08-06 13:00:00,27.65,705.56
1,2025-08-06 14:00:00,27.6,664.11
1,2025-08-06 15:00:00,28.0,523.52
1,2025-08-06 16:00:00,26.32,374.32
1,2025-08-06 17:00:00,24.25,198.12
1,2025-08-06 18:00:00,23.24,20.57
1,2025-08-06 19:00:00,22.76,12.93
1,2025-08-06 20:00:00,20.82,0.0
1,2025-08-06 21:00:00,22.98,6.98
1,2025-08-06 22:00:00,20.36,27.1
1,2025-08-06 23:00:00,21.14,0.0
1,2025-08-07 00:00:00,21.4,0.0
1,2025-08-07 01:00:00,21.01,7.07
1,2025-08-07 02:00:00,20.98,0.0
1,2025-08-07 03:00:00,20.07,0.0
1,2025-08-07 04:00:00,19.46,24.55
1,2025-08-07 05:00:00,22.69,0.0
1,2025-08-07 06:00:00,20.29,16.89
1,2025-08-07 07:00:00,21.52,181.35
1,2025-08-07 08:00:00,26.32,335.65
1,2025-08-07 09:00:00,24.23,501.57
1,2025-08-07 10:00:00,24.61,611.96
1,2025-08-07 11:00:00,26.89,703.46
1,2025-08-07 12:00:00,26.49,733.68
1,2025-08-07 13:00:00,26.96,691.14
1,2025-08-07 14:00:00,27.59,649.38
1,2025-08-07 15:00:00,26.55,509.71
1,2025-08-07 16:00:00,25.31,336.17
1,2025-08-07 17:00:00,26.95,182.28
1,2025-08-07 18:00:00,24.97,5.91
1,2025-08-07 19:00:00,24.94,25.63
1,2025-08-07 20:00:00,22.57,17.91
1,2025-08-07 21:00:00,21.85,0.0
1,2025-08-07 22:00:00,22.28,0.0
1,2025-08-07 23:00:00,21.8,0.0
1,2025-08-08 00:00:00,19.68,3.64
1,2025-08-08 01:00:00,20.05,0.0
1,2025-08-08 02:00:00,21.0,29.17
1,2025-08-08 03:00:00,21.19,0.0
1,2025-08-08 04:00:00,19.61,10.36
1,2025-08-08 05:00:00,22.64,20.7
1,2025-08-08 06:00:00,21.56,7.54
1,2025-08-08 07:00:00,21.42,214.17
1,2025-08-08 08:00:00,23.18,388.96
1,2025-08-08 09:00:00,23.7,481.77
1,2025-08-08 10:00:00,26.69,641.34
1,2025-08-08 11:00:00,25.54,713.45
1,2025-08-08 12:00:00,25.31,724.84
1,2025-08-08 13:00:00,25.64,719.68
1,2025-08-08 14:00:00,27.68,626.37
1,2025-08-08 15:00:00,26.24,499.28
1,2025-08-08 16:00:00,24.1,376.36
1,2025-08-08 17:00:00,26.37,184.87
1,2025-08-08 18:00:00,22.83,23.58
1,2025-08-08 19:00:00,22.02,0.98
1,2025-08-08 20:00:00,21.16,0.0
1,2025-08-08 21:00:00,22.32,0.0
1,2025-08-08 22:00:00,21.68,0.0
1,2025-08-08 23:00:00,20.87,0.0
1,2025-08-09 00:00:00,17.94,26.87
1,2025-08-09 01:00:00,20.03,27.49
1,2025-08-09 02:00:00,17.28,0.0
1,2025-08-09 03:00:00,20.34,26.72
1,2025-08-09 04:00:00,21.6,0.0
1,2025-08-09 05:00:00,21.96,0.0
1,2025-08-09 06:00:00,23.07,13.34
1,2025-08-09 07:00:00,23.39,201.26
1,2025-08-09 08:00:00,25.99,364.68
1,2025-08-09 09:00:00,24.76,521.72
1,2025-08-09 10:00:00,26.7,651.29
1,2025-08-09 11:00:00,25.94,702.05
1,2025-08-09 12:00:00,27.34,712.95
1,2025-08-09 13:00:00,25.92,715.0
1,2025-08-09 14:00:00,28.35,634.6
1,2025-08-09 15:00:00,24.6,512.12
1,2025-08-09 16:00:00,25.82,380.43
1,2025-08-09 17:00:00,26.8,205.35
1,2025-08-09 18:00:00,22.86,13.7
1,2025-08-09 19:00:00,21.11,0.0
1,2025-08-09 20:00:00,20.1,4.94
1,2025-08-09 21:00:00,22.47,0.0
1,2025-08-09 22:00:00,20.23,0.0
1,2025-08-09 23:00:00,18.0,0.72
1,2025-08-10 00:00:00,18.98,0.0
1,2025-08-10 01:00:00,20.66,0.0
1,2025-08-10 02:00:00,17.4,0.0
1,2025-08-10 03:00:00,18.16,0.0
1,2025-08-10 04:00:00,21.64,4.8
1,2025-08-10 05:00:00,22.26,0.0
1,2025-08-10 06:00:00,23.22,13.78
1,2025-08-10 07:00:00,21.7,212.8
1,2025-08-10 08:00:00,25.27,354.99
1,2025-08-10 09:00:00,22.95,500.65
1,2025-08-10 10:00:00,24.18,612.09
1,2025-08-10 11:00:00,25.21,662.72
1,2025-08-10 12:00:00,27.47,688.53
1,2025-08-10 13:00:00,26.18,718.71
1,2025-08-10 14:00:00,25.69,618.74
1,2025-08-10 15:00:00,26.67,490.1
1,2025-08-10 16:00:00,27.59,364.95
1,2025-08-10 17:00:00,25.02,179.86
1,2025-08-10 18:00:00,22.29,0.0
1,2025-08-10 19:00:00,22.11,0.0
1,2025-08-10 20:00:00,22.78,0.0
1,2025-08-10 21:00:00,18.98,0.0
1,2025-08-10 22:00:00,21.95,0.0
1,2025-08-10 23:00:00,20.33,21.22
1,2025-08-11 00:00:00,20.41,8.42
1,2025-08-11 01:00:00,20.52,12.13
1,2025-08-11 02:00:00,18.89,6.21
1,2025-08-11 03:00:00,18.01,15.04
1,2025-08-11 04:00:00,20.86,0.0
1,2025-08-11 05:00:00,18.97,0.0
1,2025-08-11 06:00:00,21.29,0.0
1,2025-08-11 07:00:00,24.62,176.49
1,2025-08-11 08:00:00,24.03,363.39
1,2025-08-11 09:00:00,26.09,524.16
1,2025-08-11 10:00:00,24.83,640.36
1,2025-08-11 11:00:00,27.34,656.86
1,2025-08-11 12:00:00,24.76,685.64
1,2025-08-11 13:00:00,26.94,662.96
1,2025-08-11 14:00:00,25.87,602.75
1,2025-08-11 15:00:00,27.06,490.81
1,2025-08-11 16:00:00,26.13,383.01
1,2025-08-11 17:00:00,23.96,202.56
1,2025-08-11 18:00:00,22.59,4.72
1,2025-08-11 19:00:00,24.75,2.51
1,2025-08-11 20:00:00,20.2,0.0
1,2025-08-11 21:00:00,19.72,15.06
1,2025-08-11 22:00:00,19.22,6.03
1,2025-08-11 23:00:00,18.22,6.17
1,2025-08-12 00:00:00,18.4,0.0
1,2025-08-12 01:00:00,17.14,24.26
1,2025-08-12 02:00:00,17.75,0.0
1,2025-08-12 03:00:00,20.81,0.0
1,2025-08-12 04:00:00,19.6,0.0
1,2025-08-12 05:00:00,22.29,17.1
1,2025-08-12 06:00:00,21.63,8.77
1,2025-08-12 07:00:00,24.13,195.69
1,2025-08-12 08:00:00,22.92,352.1
1,2025-08-12 09:00:00,26.63,480.18
1,2025-08-12 10:00:00,27.28,616.88
1,2025-08-12 11:00:00,25.67,654.35
1,2025-08-12 12:00:00,26.52,699.11
1,2025-08-12 13:00:00,25.37,690.18
1,2025-08-12 14:00:00,24.57,606.36
1,2025-08-12 15:00:00,25.32,468.05
1,2025-08-12 16:00:00,26.01,368.15
1,2025-08-12 17:00:00,24.44,204.74
1,2025-08-12 18:00:00,22.62,0.0
1,2025-08-12 19:00:00,22.5,8.28
1,2025-08-12 20:00:00,21.49,20.36
1,2025-08-12 21:00:00,21.5,0.0
1,2025-08-12 22:00:00,18.07,5.42
1,2025-08-12 23:00:00,19.31,29.89
1,2025-08-13 00:00:00,19.08,17.37
1,2025-08-13 01:00:00,16.79,28.56
1,2025-08-13 02:00:00,19.62,3.45
1,2025-08-13 03:00:00,17.79,0.0
1,2025-08-13 04:00:00,19.34,11.16
1,2025-08-13 05:00:00,20.79,0.0
1,2025-08-13 06:00:00,23.14,0.0
1,2025-08-13 07:00:00,21.41,190.43
1,2025-08-13 08:00:00,22.49,358.35
1,2025-08-13 09:00:00,23.32,481.28
1,2025-08-13 10:00:00,25.14,580.27
1,2025-08-13 11:00:00,26.43,670.73
1,2025-08-13 12:00:00,27.33,723.92
1,2025-08-13 13:00:00,26.11,702.59
1,2025-08-13 14:00:00,27.05,620.71
1,2025-08-13 15:00:00,25.5,490.21
1,2025-08-13 16:00:00,25.67,344.75
1,2025-08-13 17:00:00,23.24,186.85
1,2025-08-13 18:00:00,21.65,27.95
1,2025-08-13 19:00:00,24.5,16.36
1,2025-08-13 20:00:00,21.29,0.0
1,2025-08-13 21:00:00,20.0,0.0
1,2025-08-13 22:00:00,19.47,0.0
1,2025-08-13 23:00:00,20.19,0.0
1,2025-08-14 00:00:00,18.25,29.33
1,2025-08-14 01:00:00,20.24,0.0
1,2025-08-14 02:00:00,17.18,14.58
1,2025-08-14 03:00:00,19.04,0.0
1,2025-08-14 04:00:00,19.14,28.99
1,2025-08-14 05:00:00,18.53,0.0
1,2025-08-14 06:00:00,21.12,0.0
1,2025-08-14 07:00:00,22.03,180.47
1,2025-08-14 08:00:00,24.56,338.74
1,2025-08-14 09:00:00,24.16,475.69
1,2025-08-14 10:00:00,26.84,593.46
1,2025-08-14 11:00:00,25.85,675.3
1,2025-08-14 12:00:00,26.01,689.04
1,2025-08-14 13:00:00,26.37,647.66
1,2025-08-14 14:00:00,24.62,614.7
1,2025-08-14 15:00:00,27.54,512.66
1,2025-08-14 16:00:00,27.22,374.14
1,2025-08-14 17:00:00,23.98,150.43
1,2025-08-14 18:00:00,25.18,0.0
1,2025-08-14 19:00:00,24.38,16.52
1,2025-08-14 20:00:00,22.68,5.11
1,2025-08-14 21:00:00,18.58,0.0
1,2025-08-14 22:00:00,18.77,4.1
1,2025-08-14 23:00:00,18.14,0.0
1,2025-08-15 00:00:00,19.03,23.43
1,2025-08-15 01:00:00,18.61,23.1
1,2025-08-15 02:00:00,19.93,0.0
1,2025-08-15 03:00:00,17.02,0.0
1,2025-08-15 04:00:00,20.57,7.27
1,2025-08-15 05:00:00,20.3,0.92
1,2025-08-15 06:00:00,19.53,0.0
1,2025-08-15 07:00:00,23.33,148.37
1,2025-08-15 08:00:00,22.83,319.16
1,2025-08-15 09:00:00,22.35,464.68
1,2025-08-15 10:00:00,25.14,601.25
1,2025-08-15 11:00:00,27.48,636.61
1,2025-08-15 12:00:00,26.21,690.05
1,2025-08-15 13:00:00,24.8,693.46
1,2025-08-15 14:00:00,27.51,588.69
1,2025-08-15 15:00:00,27.18,482.38
1,2025-08-15 16:00:00,25.0,350.48
1,2025-08-15 17:00:00,24.16,205.13
1,2025-08-15 18:00:00,23.56,0.0
1,2025-08-15 19:00:00,22.21,0.0
1,2025-08-15 20:00:00,21.38,0.0
1,2025-08-15 21:00:00,18.45,26.01
1,2025-08-15 22:00:00,21.29,12.97
1,2025-08-15 23:00:00,18.82,0.0
1,2025-08-16 00:00:00,17.3,5.64
1,2025-08-16 01:00:00,20.06,0.0
1,2025-08-16 02:00:00,20.09,5.02
1,2025-08-16 03:00:00,19.64,13.16
1,2025-08-16 04:00:00,18.77,15.09
1,2025-08-16 05:00:00,21.54,0.0
1,2025-08-16 06:00:00,21.52,0.0
1,2025-08-16 07:00:00,21.22,171.28
1,2025-08-16 08:00:00,24.01,355.63
1,2025-08-16 09:00:00,23.62,473.68
1,2025-08-16 10:00:00,26.79,600.02
1,2025-08-16 11:00:00,24.35,677.06
1,2025-08-16 12:00:00,24.25,664.37
1,2025-08-16 13:00:00,25.03,661.49
1,2025-08-16 14:00:00,24.65,615.19
1,2025-08-16 15:00:00,26.94,455.14
1,2025-08-16 16:00:00,26.38,368.63
1,2025-08-16 17:00:00,24.77,182.94
1,2025-08-16 18:00:00,24.04,0.0
1,2025-08-16 19:00:00,20.84,27.01
1,2025-08-16 20:00:00,19.77,0.0
1,2025-08-16 21:00:00,19.59,0.0
1,2025-08-16 22:00:00,18.62,10.29
1,2025-08-16 23:00:00,19.92,11.45
1,2025-08-17 00:00:00,17.41,17.46
1,2025-08-17 01:00:00,18.13,6.2
1,2025-08-17 02:00:00,17.42,13.69
1,2025-08-17 03:00:00,19.51,0.0
1,2025-08-17 04:00:00,20.13,0.0
1,2025-08-17 05:00:00,19.27,12.27
1,2025-08-17 06:00:00,21.6,0.0
1,2025-08-17 07:00:00,23.19,154.42
1,2025-08-17 08:00:00,21.45,364.46
1,2025-08-17 09:00:00,22.35,471.88
1,2025-08-17 10:00:00,24.9,601.67
1,2025-08-17 11:00:00,25.44,625.14
1,2025-08-17 12:00:00,24.39,691.57
1,2025-08-17 13:00:00,25.37,654.07
1,2025-08-17 14:00:00,25.79,568.51
1,2025-08-17 15:00:00,26.65,498.31
1,2025-08-17 16:00:00,26.49,350.21
1,2025-08-17 17:00:00,25.16,163.65
1,2025-08-17 18:00:00,21.3,21.45
1,2025-08-17 19:00:00,21.3,23.05
1,2025-08-17 20:00:00,20.68,0.87
1,2025-08-17 21:00:00,18.73,5.38
1,2025-08-17 22:00:00,19.61,22.44
1,2025-08-17 23:00:00,17.05,4.07
1,2025-08-18 00:00:00,18.3,13.46
1,2025-08-18 01:00:00,18.04,0.0
1,2025-08-18 02:00:00,17.62,0.0
1,2025-08-18 03:00:00,17.23,13.84
1,2025-08-18 04:00:00,20.35,27.15
1,2025-08-18 05:00:00,20.8,0.0
1,2025-08-18 06:00:00,18.93,0.0
1,2025-08-18 07:00:00,22.18,153.26
1,2025-08-18 08:00:00,21.22,334.48
1,2025-08-18 09:00:00,22.08,485.36
1,2025-08-18 10:00:00,25.03,571.43
1,2025-08-18 11:00:00,25.59,625.31
1,2025-08-18 12:00:00,24.12,676.6
1,2025-08-18 13:00:00,24.06,672.22
1,2025-08-18 14:00:00,24.51,555.57
1,2025-08-18 15:00:00,27.13,490.36
1,2025-08-18 16:00:00,25.32,330.56
1,2025-08-18 17:00:00,24.75,153.89
1,2025-08-18 18:00:00,23.28,21.04
1,2025-08-18 19:00:00,19.87,0.0
1,2025-08-18 20:00:00,22.12,0.0
1,2025-08-18 21:00:00,19.9,15.86
1,2025-08-18 22:00:00,19.08,8.81
1,2025-08-18 23:00:00,17.27,0.0
1,2025-08-19 00:00:00,18.79,8.57
1,2025-08-19 01:00:00,16.77,6.27
1,2025-08-19 02:00:00,18.31,0.0
1,2025-08-19 03:00:00,17.66,0.0
1,2025-08-19 04:00:00,19.79,0.0
1,2025-08-19 05:00:00,20.62,0.0
1,2025-08-19 06:00:00,21.27,25.38
1,2025-08-19 07:00:00,21.11,177.46
1,2025-08-19 08:00:00,24.5,350.53
1,2025-08-19 09:00:00,23.91,465.95
1,2025-08-19 10:00:00,25.12,571.73
1,2025-08-19 11:00:00,25.49,655.35
1,2025-08-19 12:00:00,24.52,684.65
1,2025-08-19 13:00:00,26.05,660.97
1,2025-08-19 14:00:00,24.46,549.21
1,2025-08-19 15:00:00,26.29,440.52
1,2025-08-19 16:00:00,24.84,325.58
1,2025-08-19 17:00:00,23.96,176.6
1,2025-08-19 18:00:00,20.83,0.0
1,2025-08-19 19:00:00,21.45,29.51
1,2025-08-19 20:00:00,19.16,0.0
1,2025-08-19 21:00:00,19.17,0.0
1,2025-08-19 22:00:00,18.05,0.0
1,2025-08-19 23:00:00,16.61,0.0
1,2025-08-20 00:00:00,16.32,0.0
1,2025-08-20 01:00:00,16.84,0.0
1,2025-08-20 02:00:00,16.43,1.44
1,2025-08-20 03:00:00,17.71,0.0
1,2025-08-20 04:00:00,16.9,8.66
1,2025-08-20 05:00:00,18.19,4.31
1,2025-08-20 06:00:00,18.96,0.0
1,2025-08-20 07:00:00,20.83,191.42
1,2025-08-20 08:00:00,23.28,339.11
1,2025-08-20 09:00:00,24.88,495.37
1,2025-08-20 10:00:00,23.6,541.26
1,2025-08-20 11:00:00,25.84,639.36
1,2025-08-20 12:00:00,26.61,666.9
1,2025-08-20 13:00:00,25.41,640.7
1,2025-08-20 14:00:00,25.06,600.66
1,2025-08-20 15:00:00,25.09,479.08
1,2025-08-20 16:00:00,24.11,325.38
1,2025-08-20 17:00:00,21.96,152.05
1,2025-08-20 18:00:00,22.6,26.71
1,2025-08-20 19:00:00,20.48,0.0
1,2025-08-20 20:00:00,19.58,0.0
1,2025-08-20 21:00:00,21.34,5.0
1,2025-08-20 22:00:00,17.17,13.61
1,2025-08-20 23:00:00,17.84,16.89
1,2025-08-21 00:00:00,18.27,6.96
1,2025-08-21 01:00:00,15.3,16.19
1,2025-08-21 02:00:00,18.12,0.0
1,2025-08-21 03:00:00,17.35,6.18
1,2025-08-21 04:00:00,16.57,0.0
1,2025-08-21 05:00:00,19.17,8.43
1,2025-08-21 06:00:00,21.0,13.88
1,2025-08-21 07:00:00,20.27,146.72
1,2025-08-21 08:00:00,21.19,332.29
1,2025-08-21 09:00:00,21.76,473.13
1,2025-08-21 10:00:00,25.34,591.37
1,2025-08-21 11:00:00,26.16,614.6
1,2025-08-21 12:00:00,24.18,673.66
1,2025-08-21 13:00:00,27.24,606.46
1,2025-08-21 14:00:00,25.55,552.92
1,2025-08-21 15:00:00,24.4,452.82
1,2025-08-21 16:00:00,26.11,356.18
1,2025-08-21 17:00:00,25.15,196.21
1,2025-08-21 18:00:00,22.44,0.0
1,2025-08-21 19:00:00,19.68,22.61
1,2025-08-21 20:00:00,18.66,0.0
1,2025-08-21 21:00:00,18.15,25.57
1,2025-08-21 22:00:00,18.2,28.14
1,2025-08-21 23:00:00,16.77,0.0
1,2025-08-22 00:00:00,16.21,0.0
1,2025-08-22 01:00:00,16.41,0.63
1,2025-08-22 02:00:00,19.22,0.0
1,2025-08-22 03:00:00,15.66,0.0
1,2025-08-22 04:00:00,18.01,0.0
1,2025-08-22 05:00:00,18.9,0.0
1,2025-08-22 06:00:00,18.86,0.0
1,2025-08-22 07:00:00,19.41,181.53
1,2025-08-22 08:00:00,24.11,308.36
1,2025-08-22 09:00:00,23.82,460.76
1,2025-08-22 10:00:00,23.65,569.68
1,2025-08-22 11:00:00,23.39,631.73
1,2025-08-22 12:00:00,24.22,626.83
1,2025-08-22 13:00:00,25.75,603.41
1,2025-08-22 14:00:00,23.86,571.46
1,2025-08-22 15:00:00,24.7,485.02
1,2025-08-22 16:00:00,25.52,350.71
1,2025-08-22 17:00:00,23.62,162.71
1,2025-08-22 18:00:00,24.07,28.21
1,2025-08-22 19:00:00,22.65,0.0
1,2025-08-22 20:00:00,21.86,10.11
1,2025-08-22 21:00:00,17.2,0.0
1,2025-08-22 22:00:00,16.43,8.07
1,2025-08-22 23:00:00,17.99,0.0
1,2025-08-23 00:00:00,15.09,26.51
1,2025-08-23 01:00:00,18.84,24.24
1,2025-08-23 02:00:00,18.22,0.0
1,2025-08-23 03:00:00,16.0,5.5
1,2025-08-23 04:00:00,18.12,0.0
1,2025-08-23 05:00:00,18.17,17.14
1,2025-08-23 06:00:00,20.33,29.04
1,2025-08-23 07:00:00,20.11,169.07
1,2025-08-23 08:00:00,22.39,299.26
1,2025-08-23 09:00:00,24.54,467.85
1,2025-08-23 10:00:00,22.75,548.74
1,2025-08-23 11:00:00,24.64,600.65
1,2025-08-23 12:00:00,25.6,661.41
1,2025-08-23 13:00:00,23.72,620.66
1,2025-08-23 14:00:00,25.27,566.18
1,2025-08-23 15:00:00,24.0,481.64
1,2025-08-23 16:00:00,22.5,315.09
1,2025-08-23 17:00:00,21.48,140.57
1,2025-08-23 18:00:00,23.04,0.0
1,2025-08-23 19:00:00,20.74,6.01
1,2025-08-23 20:00:00,19.07,11.84
1,2025-08-23 21:00:00,16.97,12.83
1,2025-08-23 22:00:00,18.69,0.0
1,2025-08-23 23:00:00,18.04,0.0
1,2025-08-24 00:00:00,17.22,0.0
1,2025-08-24 01:00:00,15.67,2.61
1,2025-08-24 02:00:00,18.84,25.15
1,2025-08-24 03:00:00,16.41,0.0
1,2025-08-24 04:00:00,16.55,0.0
1,2025-08-24 05:00:00,18.7,0.0
1,2025-08-24 06:00:00,19.88,0.0
1,2025-08-24 07:00:00,21.82,152.11
1,2025-08-24 08:00:00,23.44,292.16
1,2025-08-24 09:00:00,21.68,421.09
1,2025-08-24 10:00:00,23.03,524.79
1,2025-08-24 11:00:00,23.56,599.35
1,2025-08-24 12:00:00,23.67,657.19
1,2025-08-24 13:00:00,24.14,615.87
1,2025-08-24 14:00:00,25.06,543.41
1,2025-08-24 15:00:00,24.19,457.39
1,2025-08-24 16:00:00,23.17,294.97
1,2025-08-24 17:00:00,21.04,182.25
1,2025-08-24 18:00:00,20.46,0.0
1,2025-08-24 19:00:00,21.55,28.5
1,2025-08-24 20:00:00,19.45,18.17
1,2025-08-24 21:00:00,18.83,0.0
1,2025-08-24 22:00:00,16.46,15.58
1,2025-08-24 23:00:00,18.96,0.0
1,2025-08-25 00:00:00,15.55,0.0
1,2025-08-25 01:00:00,15.56,10.39
1,2025-08-25 02:00:00,14.73,0.6
1,2025-08-25 03:00:00,17.81,0.0
1,2025-08-25 04:00:00,19.51,0.0
1,2025-08-25 05:00:00,19.91,0.0
1,2025-08-25 06:00:00,18.63,0.0
1,2025-08-25 07:00:00,20.31,142.59
1,2025-08-25 08:00:00,20.66,339.45
1,2025-08-25 09:00:00,20.93,470.33
1,2025-08-25 10:00:00,24.26,558.26
1,2025-08-25 11:00:00,23.22,579.13
1,2025-08-25 12:00:00,22.79,655.55
1,2025-08-25 13:00:00,25.84,622.21
1,2025-08-25 14:00:00,24.73,543.97
1,2025-08-25 15:00:00,22.51,458.26
1,2025-08-25 16:00:00,23.53,313.72
1,2025-08-25 17:00:00,22.06,158.22
1,2025-08-25 18:00:00,22.72,0.0
1,2025-08-25 19:00:00,18.83,0.0
1,2025-08-25 20:00:00,18.26,0.0
1,2025-08-25 21:00:00,17.51,0.0
1,2025-08-25 22:00:00,17.2,24.21
1,2025-08-25 23:00:00,16.31,18.16
1,2025-08-26 00:00:00,17.27,0.0
1,2025-08-26 01:00:00,16.69,0.0
1,2025-08-26 02:00:00,16.7,0.0
1,2025-08-26 03:00:00,18.33,20.15
1,2025-08-26 04:00:00,15.64,20.95
1,2025-08-26 05:00:00,20.36,0.0
1,2025-08-26 06:00:00,18.5,0.0
1,2025-08-26 07:00:00,18.4,140.99
1,2025-08-26 08:00:00,19.63,328.77
1,2025-08-26 09:00:00,21.13,448.09
1,2025-08-26 10:00:00,24.37,540.48
1,2025-08-26 11:00:00,25.16,611.6
1,2025-08-26 12:00:00,24.56,652.25
1,2025-08-26 13:00:00,23.58,621.34
1,2025-08-26 14:00:00,23.7,557.05
1,2025-08-26 15:00:00,25.24,426.34
1,2025-08-26 16:00:00,23.74,312.29
1,2025-08-26 17:00:00,22.01,162.1
1,2025-08-26 18:00:00,19.79,13.56
1,2025-08-26 19:00:00,20.87,7.28
1,2025-08-26 20:00:00,18.34,10.96
1,2025-08-26 21:00:00,20.32,0.0
1,2025-08-26 22:00:00,17.79,3.7
1,2025-08-26 23:00:00,15.4,10.02
1,2025-08-27 00:00:00,17.22,0.0
1,2025-08-27 01:00:00,18.12,9.8
1,2025-08-27 02:00:00,15.74,0.55
1,2025-08-27 03:00:00,18.07,29.79
1,2025-08-27 04:00:00,19.11,0.0
1,2025-08-27 05:00:00,19.22,0.0
1,2025-08-27 06:00:00,17.52,14.42
1,2025-08-27 07:00:00,20.8,184.71
1,2025-08-27 08:00:00,22.41,312.4
1,2025-08-27 09:00:00,23.13,440.69
1,2025-08-27 10:00:00,21.76,542.0
1,2025-08-27 11:00:00,22.93,586.15
1,2025-08-27 12:00:00,24.27,627.89
1,2025-08-27 13:00:00,25.26,624.36
1,2025-08-27 14:00:00,23.21,515.56
1,2025-08-27 15:00:00,25.08,415.21
1,2025-08-27 16:00:00,22.35,301.18
1,2025-08-27 17:00:00,22.36,150.05
1,2025-08-27 18:00:00,21.07,18.22
1,2025-08-27 19:00:00,19.24,0.0
1,2025-08-27 20:00:00,18.44,0.0
1,2025-08-27 21:00:00,16.54,13.62
1,2025-08-27 22:00:00,19.09,0.0
1,2025-08-27 23:00:00,15.75,0.0
1,2025-08-28 00:00:00,16.51,0.0
1,2025-08-28 01:00:00,16.55,0.0
1,2025-08-28 02:00:00,14.21,0.0
1,2025-08-28 03:00:00,17.98,0.0
1,2025-08-28 04:00:00,17.17,1.05
1,2025-08-28 05:00:00,16.63,0.0
1,2025-08-28 06:00:00,20.09,21.63
1,2025-08-28 07:00:00,21.09,137.22
1,2025-08-28 08:00:00,21.12,310.51
1,2025-08-28 09:00:00,22.36,410.85
1,2025-08-28 10:00:00,21.44,518.58
1,2025-08-28 11:00:00,21.58,572.68
1,2025-08-28 12:00:00,25.41,630.17
1,2025-08-28 13:00:00,22.19,608.88
1,2025-08-28 14:00:00,24.57,526.56
1,2025-08-28 15:00:00,22.05,448.89
1,2025-08-28 16:00:00,24.43,312.05
1,2025-08-28 17:00:00,23.01,167.44
1,2025-08-28 18:00:00,19.91,0.0
1,2025-08-28 19:00:00,18.8,0.0
1,2025-08-28 20:00:00,17.36,3.81
1,2025-08-28 21:00:00,16.93,0.0
1,2025-08-28 22:00:00,18.84,0.0
1,2025-08-28 23:00:00,16.52,25.3
1,2025-08-29 00:00:00,14.16,0.0
1,2025-08-29 01:00:00,17.49,7.1
1,2025-08-29 02:00:00,14.04,17.11
1,2025-08-29 03:00:00,17.2,23.02
1,2025-08-29 04:00:00,17.39,0.41
1,2025-08-29 05:00:00,18.08,0.0
1,2025-08-29 06:00:00,16.85,0.0
1,2025-08-29 07:00:00,20.61,134.61
1,2025-08-29 08:00:00,20.47,308.62
1,2025-08-29 09:00:00,22.36,416.75
1,2025-08-29 10:00:00,21.17,528.56
1,2025-08-29 11:00:00,22.99,581.34
1,2025-08-29 12:00:00,23.66,614.64
1,2025-08-29 13:00:00,24.26,589.09
1,2025-08-29 14:00:00,22.17,514.52
1,2025-08-29 15:00:00,22.24,433.04
1,2025-08-29 16:00:00,20.86,280.23
1,2025-08-29 17:00:00,21.28,154.27
1,2025-08-29 18:00:00,22.83,23.68
1,2025-08-29 19:00:00,18.98,0.0
1,2025-08-29 20:00:00,18.88,13.59
1,2025-08-29 21:00:00,17.29,4.95
1,2025-08-29 22:00:00,17.53,6.26
1,2025-08-29 23:00:00,14.61,9.12
1,2025-08-30 00:00:00,17.09,8.22
1,2025-08-30 01:00:00,16.38,0.0
1,2025-08-30 02:00:00,16.17,22.28
1,2025-08-30 03:00:00,16.29,2.47
1,2025-08-30 04:00:00,15.18,21.38
1,2025-08-30 05:00:00,17.58,28.08
1,2025-08-30 06:00:00,17.84,7.94
1,2025-08-30 07:00:00,19.88,147.53
1,2025-08-30 08:00:00,20.08,272.91
1,2025-08-30 09:00:00,20.63,429.71
1,2025-08-30 10:00:00,24.16,516.9
1,2025-08-30 11:00:00,21.12,566.81
1,2025-08-30 12:00:00,22.78,600.51
1,2025-08-30 13:00:00,21.8,553.1
1,2025-08-30 14:00:00,23.31,515.73
1,2025-08-30 15:00:00,21.32,411.2
1,2025-08-30 16:00:00,23.46,277.68
1,2025-08-30 17:00:00,19.88,164.21
1,2025-08-30 18:00:00,19.52,0.0
1,2025-08-30 19:00:00,19.86,0.0
1,2025-08-30 20:00:00,20.53,19.67
1,2025-08-30 21:00:00,17.38,0.0
1,2025-08-30 22:00:00,18.7,0.0
1,2025-08-30 23:00:00,17.84,0.0
1,2025-08-31 00:00:00,14.46,0.0
1,2025-08-31 01:00:00,14.46,6.39
1,2025-08-31 02:00:00,17.47,19.49
1,2025-08-31 03:00:00,16.33,8.02
1,2025-08-31 04:00:00,16.67,0.0
1,2025-08-31 05:00:00,17.49,13.8
1,2025-08-31 06:00:00,17.86,0.0
1,2025-08-31 07:00:00,18.08,178.35
1,2025-08-31 08:00:00,18.57,294.3
1,2025-08-31 09:00:00,20.27,418.68
1,2025-08-31 10:00:00,22.91,524.97
1,2025-08-31 11:00:00,23.14,570.35
1,2025-08-31 12:00:00,23.23,588.86
1,2025-08-31 13:00:00,23.05,543.41
1,2025-08-31 14:00:00,22.9,509.1
1,2025-08-31 15:00:00,21.69,390.85
1,2025-08-31 16:00:00,23.66,307.38
1,2025-08-31 17:00:00,21.03,154.21
1,2025-08-31 18:00:00,20.75,0.0
1,2025-08-31 19:00:00,19.41,5.98
1,2025-08-31 20:00:00,17.32,0.0
1,2025-08-31 21:00:00,16.12,0.0
1,2025-08-31 22:00:00,15.47,8.24
1,2025-08-31 23:00:00,14.38,20.96
1,2025-09-01 00:00:00,16.49,10.76
1,2025-09-01 01:00:00,14.54,13.65
1,2025-09-01 02:00:00,13.44,0.0
1,2025-09-01 03:00:00,17.45,0.0
1,2025-09-01 04:00:00,16.86,0.0
1,2025-09-01 05:00:00,15.28,27.16
1,2025-09-01 06:00:00,18.54,7.6
1,2025-09-01 07:00:00,20.13,148.55
1,2025-09-01 08:00:00,19.13,281.36
1,2025-09-01 09:00:00,21.79,428.94
1,2025-09-01 10:00:00,23.23,524.02
1,2025-09-01 11:00:00,21.49,580.63
1,2025-09-01 12:00:00,23.65,589.09
1,2025-09-01 13:00:00,22.68,578.98
1,2025-09-01 14:00:00,23.49,493.97
1,2025-09-01 15:00:00,24.17,415.3
1,2025-09-01 16:00:00,22.26,303.95
1,2025-09-01 17:00:00,20.69,125.82
1,2025-09-01 18:00:00,21.4,2.58
1,2025-09-01 19:00:00,19.09,0.0
1,2025-09-01 20:00:00,19.2,3.25
1,2025-09-01 21:00:00,17.58,1.2
1,2025-09-01 22:00:00,16.36,17.22
1,2025-09-01 23:00:00,15.82,0.0
1,2025-09-02 00:00:00,15.03,17.38
1,2025-09-02 01:00:00,15.14,24.21
1,2025-09-02 02:00:00,14.88,8.28
1,2025-09-02 03:00:00,13.58,22.94
1,2025-09-02 04:00:00,15.39,0.0
1,2025-09-02 05:00:00,18.11,0.0
1,2025-09-02 06:00:00,18.95,0.0
1,2025-09-02 07:00:00,19.91,142.99
1,2025-09-02 08:00:00,21.72,278.38
1,2025-09-02 09:00:00,19.69,421.38
1,2025-09-02 10:00:00,23.24,512.34
1,2025-09-02 11:00:00,21.75,553.33
1,2025-09-02 12:00:00,22.73,557.83
1,2025-09-02 13:00:00,23.63,535.87
1,2025-09-02 14:00:00,24.52,520.5
1,2025-09-02 15:00:00,21.88,404.25
1,2025-09-02 16:00:00,22.24,296.28
1,2025-09-02 17:00:00,20.25,169.12
1,2025-09-02 18:00:00,21.68,0.0
1,2025-09-02 19:00:00,17.57,0.0
1,2025-09-02 20:00:00,18.24,1.05
1,2025-09-02 21:00:00,16.97,0.0
1,2025-09-02 22:00:00,15.32,5.1
1,2025-09-02 23:00:00,14.65,0.0
1,2025-09-03 00:00:00,13.81,29.11
1,2025-09-03 01:00:00,15.39,0.0
1,2025-09-03 02:00:00,14.4,0.0
1,2025-09-03 03:00:00,15.26,0.0
1,2025-09-03 04:00:00,16.84,8.06
1,2025-09-03 05:00:00,15.42,0.0
1,2025-09-03 06:00:00,18.83,5.38
1,2025-09-03 07:00:00,18.09,146.73
1,2025-09-03 08:00:00,20.36,314.97
1,2025-09-03 09:00:00,19.26,400.36
1,2025-09-03 10:00:00,21.61,479.55
1,2025-09-03 11:00:00,22.28,565.64
1,2025-09-03 12:00:00,22.85,592.41
1,2025-09-03 13:00:00,24.01,531.88
1,2025-09-03 14:00:00,20.91,469.84
1,2025-09-03 15:00:00,23.31,420.63
1,2025-09-03 16:00:00,19.99,316.05
1,2025-09-03 17:00:00,19.99,168.01
1,2025-09-03 18:00:00,20.12,21.02
1,2025-09-03 19:00:00,18.69,18.59
1,2025-09-03 20:00:00,18.42,28.92
1,2025-09-03 21:00:00,16.21,0.0
1,2025-09-03 22:00:00,16.76,0.0
1,2025-09-03 23:00:00,13.64,4.23
1,2025-09-04 00:00:00,14.51,0.0
1,2025-09-04 01:00:00,14.58,17.76
1,2025-09-04 02:00:00,14.55,28.55
1,2025-09-04 03:00:00,13.85,9.61
1,2025-09-04 04:00:00,14.11,15.77
1,2025-09-04 05:00:00,16.11,18.53
1,2025-09-04 06:00:00,15.98,0.0
1,2025-09-04 07:00:00,16.87,126.11
1,2025-09-04 08:00:00,17.64,284.36
1,2025-09-04 09:00:00,18.92,378.23
1,2025-09-04 10:00:00,23.14,517.54
1,2025-09-04 11:00:00,21.4,561.47
1,2025-09-04 12:00:00,21.43,578.91
1,2025-09-04 13:00:00,23.34,526.0
1,2025-09-04 14:00:00,23.6,518.9
1,2025-09-04 15:00:00,24.03,378.43
1,2025-09-04 16:00:00,20.5,294.29
1,2025-09-04 17:00:00,19.04,130.37
1,2025-09-04 18:00:00,20.11,0.0
1,2025-09-04 19:00:00,17.92,0.0
1,2025-09-04 20:00:00,17.89,0.0
1,2025-09-04 21:00:00,14.69,0.0
1,2025-09-04 22:00:00,17.62,16.42
1,2025-09-04 23:00:00,13.53,0.0
1,2025-09-05 00:00:00,15.4,10.53
1,2025-09-05 01:00:00,13.81,20.58
1,2025-09-05 02:00:00,13.29,9.17
1,2025-09-05 03:00:00,16.29,18.92
1,2025-09-05 04:00:00,13.64,0.0
1,2025-09-05 05:00:00,16.33,14.68
1,2025-09-05 06:00:00,18.1,20.73
1,2025-09-05 07:00:00,19.62,126.91
1,2025-09-05 08:00:00,20.19,257.32
1,2025-09-05 09:00:00,20.04,423.05
1,2025-09-05 10:00:00,20.22,516.59
1,2025-09-05 11:00:00,21.37,523.1
1,2025-09-05 12:00:00,21.0,535.12
1,2025-09-05 13:00:00,20.8,530.46
1,2025-09-05 14:00:00,20.9,460.48
1,2025-09-05 15:00:00,22.69,375.03
1,2025-09-05 16:00:00,20.5,308.25
1,2025-09-05 17:00:00,19.89,167.06
1,2025-09-05 18:00:00,18.11,0.0
1,2025-09-05 19:00:00,16.82,0.0
1,2025-09-05 20:00:00,18.09,0.0
1,2025-09-05 21:00:00,18.33,0.0
1,2025-09-05 22:00:00,13.99,0.0
1,2025-09-05 23:00:00,14.14,0.0
1,2025-09-06 00:00:00,15.12,4.83
1,2025-09-06 01:00:00,14.11,24.15
1,2025-09-06 02:00:00,15.76,22.9
1,2025-09-06 03:00:00,14.25,0.0
1,2025-09-06 04:00:00,14.78,17.41
1,2025-09-06 05:00:00,16.4,22.15
1,2025-09-06 06:00:00,16.32,0.0
1,2025-09-06 07:00:00,20.17,135.48
1,2025-09-06 08:00:00,17.9,263.61
1,2025-09-06 09:00:00,18.49,379.67
1,2025-09-06 10:00:00,22.23,502.59
1,2025-09-06 11:00:00,22.24,521.26
1,2025-09-06 12:00:00,23.16,579.8
1,2025-09-06 13:00:00,23.54,564.62
1,2025-09-06 14:00:00,20.17,475.62
1,2025-09-06 15:00:00,20.52,393.14
1,2025-09-06 16:00:00,19.26,253.4
1,2025-09-06 17:00:00,22.02,165.83
1,2025-09-06 18:00:00,20.51,25.56
1,2025-09-06 19:00:00,16.63,1.33
1,2025-09-06 20:00:00,18.62,24.52
1,2025-09-06 21:00:00,15.66,0.0
1,2025-09-06 22:00:00,14.57,0.0
1,2025-09-06 23:00:00,16.06,0.0
1,2025-09-07 00:00:00,13.14,0.0
1,2025-09-07 01:00:00,12.47,2.65
1,2025-09-07 02:00:00,12.4,0.0
1,2025-09-07 03:00:00,15.56,0.0
1,2025-09-07 04:00:00,14.42,2.93
1,2025-09-07 05:00:00,14.12,0.68
1,2025-09-07 06:00:00,15.42,0.0
1,2025-09-07 07:00:00,19.43,143.37
1,2025-09-07 08:00:00,19.5,273.49
1,2025-09-07 09:00:00,19.78,411.97
1,2025-09-07 10:00:00,19.17,472.39
1,2025-09-07 11:00:00,21.16,547.21
1,2025-09-07 12:00:00,21.83,547.27
1,2025-09-07 13:00:00,21.41,510.71
1,2025-09-07 14:00:00,21.3,465.25
1,2025-09-07 15:00:00,19.91,409.09
1,2025-09-07 16:00:00,20.11,254.61
1,2025-09-07 17:00:00,20.21,144.26
1,2025-09-07 18:00:00,19.8,0.0
1,2025-09-07 19:00:00,18.57,0.0
1,2025-09-07 20:00:00,15.79,0.0
1,2025-09-07 21:00:00,17.22,10.81
1,2025-09-07 22:00:00,15.3,9.31
1,2025-09-07 23:00:00,15.48,0.0
1,2025-09-08 00:00:00,13.59,7.58
1,2025-09-08 01:00:00,14.5,28.06
1,2025-09-08 02:00:00,12.88,13.88
1,2025-09-08 03:00:00,14.42,0.0
1,2025-09-08 04:00:00,14.36,13.95
1,2025-09-08 05:00:00,14.3,0.0
1,2025-09-08 06:00:00,16.24,4.56
1,2025-09-08 07:00:00,19.54,114.97
1,2025-09-08 08:00:00,19.24,279.62
1,2025-09-08 09:00:00,20.22,360.75
1,2025-09-08 10:00:00,21.58,487.33
1,2025-09-08 11:00:00,20.24,529.66
1,2025-09-08 12:00:00,21.25,516.99
1,2025-09-08 13:00:00,23.19,512.83
1,2025-09-08 14:00:00,21.76,450.99
1,2025-09-08 15:00:00,21.54,411.87
1,2025-09-08 16:00:00,21.32,295.74
1,2025-09-08 17:00:00,18.19,134.11
1,2025-09-08 18:00:00,18.56,0.0
1,2025-09-08 19:00:00,19.51,29.05
1,2025-09-08 20:00:00,16.87,0.39
1,2025-09-08 21:00:00,17.61,3.14
1,2025-09-08 22:00:00,14.12,6.59
1,2025-09-08 23:00:00,14.84,0.0
1,2025-09-09 00:00:00,12.93,0.0
1,2025-09-09 01:00:00,14.14,15.27
1,2025-09-09 02:00:00,13.05,0.0
1,2025-09-09 03:00:00,12.74,26.81
1,2025-09-09 04:00:00,13.25,12.7
1,2025-09-09 05:00:00,14.88,0.0
1,2025-09-09 06:00:00,15.63,0.0
1,2025-09-09 07:00:00,17.14,129.23
1,2025-09-09 08:00:00,17.18,297.92
1,2025-09-09 09:00:00,20.28,387.71
1,2025-09-09 10:00:00,19.64,446.78
1,2025-09-09 11:00:00,22.65,520.66
1,2025-09-09 12:00:00,20.35,514.58
1,2025-09-09 13:00:00,20.01,524.39
1,2025-09-09 14:00:00,21.69,462.04
1,2025-09-09 15:00:00,22.17,365.32
1,2025-09-09 16:00:00,19.65,267.0
1,2025-09-09 17:00:00,18.28,119.54
1,2025-09-09 18:00:00,18.43,0.0
1,2025-09-09 19:00:00,19.12,3.3
1,2025-09-09 20:00:00,14.68,18.96
1,2025-09-09 21:00:00,13.72,0.0
1,2025-09-09 22:00:00,15.15,27.11
1,2025-09-09 23:00:00,13.19,4.99
1,2025-09-10 00:00:00,11.93,0.0
1,2025-09-10 01:00:00,11.86,0.0
1,2025-09-10 02:00:00,13.5,0.0
1,2025-09-10 03:00:00,12.18,16.78
1,2025-09-10 04:00:00,13.07,0.0
1,2025-09-10 05:00:00,16.55,0.0
1,2025-09-10 06:00:00,17.65,0.0
1,2025-09-10 07:00:00,15.64,164.6
1,2025-09-10 08:00:00,17.39,277.17
1,2025-09-10 09:00:00,18.43,395.68
1,2025-09-10 10:00:00,18.8,481.93
1,2025-09-10 11:00:00,20.38,531.64
1,2025-09-10 12:00:00,19.48,503.92
1,2025-09-10 13:00:00,21.52,518.34
1,2025-09-10 14:00:00,21.67,450.95
1,2025-09-10 15:00:00,21.58,366.57
1,2025-09-10 16:00:00,18.75,256.28
1,2025-09-10 17:00:00,17.89,138.63
1,2025-09-10 18:00:00,18.7,0.0
1,2025-09-10 19:00:00,15.33,0.0
1,2025-09-10 20:00:00,15.48,18.47
1,2025-09-10 21:00:00,14.97,9.23
1,2025-09-10 22:00:00,13.31,0.0
1,2025-09-10 23:00:00,15.67,18.92
1,2025-09-11 00:00:00,13.73,0.0
1,2025-09-11 01:00:00,14.07,0.13
1,2025-09-11 02:00:00,14.77,13.54
1,2025-09-11 03:00:00,14.39,0.0
1,2025-09-11 04:00:00,13.35,0.0
1,2025-09-11 05:00:00,16.51,5.05
1,2025-09-11 06:00:00,15.43,5.81
1,2025-09-11 07:00:00,16.85,147.32
1,2025-09-11 08:00:00,18.9,280.65
1,2025-09-11 09:00:00,20.56,344.22
1,2025-09-11 10:00:00,19.46,441.78
1,2025-09-11 11:00:00,21.47,521.18
1,2025-09-11 12:00:00,21.93,544.87
1,2025-09-11 13:00:00,20.87,501.89
1,2025-09-11 14:00:00,20.96,430.96
1,2025-09-11 15:00:00,19.33,380.71
1,2025-09-11 16:00:00,19.69,254.53
1,2025-09-11 17:00:00,20.92,133.9
1,2025-09-11 18:00:00,20.01,0.0
1,2025-09-11 19:00:00,15.3,8.45
1,2025-09-11 20:00:00,15.55,25.88
1,2025-09-11 21:00:00,13.64,16.41
1,2025-09-11 22:00:00,14.53,0.0
1,2025-09-11 23:00:00,12.75,0.0
1,2025-09-12 00:00:00,13.87,0.0
1,2025-09-12 01:00:00,11.45,25.53
1,2025-09-12 02:00:00,11.32,24.15
1,2025-09-12 03:00:00,11.72,22.81
1,2025-09-12 04:00:00,13.05,0.0
1,2025-09-12 05:00:00,16.53,0.0
1,2025-09-12 06:00:00,16.67,14.12
1,2025-09-12 07:00:00,15.14,111.24
1,2025-09-12 08:00:00,17.68,261.05
1,2025-09-12 09:00:00,19.95,382.39
1,2025-09-12 10:00:00,20.38,421.13
1,2025-09-12 11:00:00,20.33,481.72
1,2025-09-12 12:00:00,22.57,506.35
1,2025-09-12 13:00:00,21.94,522.49
1,2025-09-12 14:00:00,20.09,447.6
1,2025-09-12 15:00:00,18.3,388.86
1,2025-09-12 16:00:00,19.86,276.55
1,2025-09-12 17:00:00,17.74,150.73
1,2025-09-12 18:00:00,19.07,22.78
1,2025-09-12 19:00:00,17.52,20.84
1,2025-09-12 20:00:00,15.6,0.0
1,2025-09-12 21:00:00,13.95,17.13
1,2025-09-12 22:00:00,14.07,7.91
1,2025-09-12 23:00:00,12.91,0.0
1,2025-09-13 00:00:00,14.09,0.0
1,2025-09-13 01:00:00,11.41,16.78
1,2025-09-13 02:00:00,12.51,25.9
1,2025-09-13 03:00:00,13.51,0.0
1,2025-09-13 04:00:00,15.77,0.0
1,2025-09-13 05:00:00,12.8,23.39
1,2025-09-13 06:00:00,16.77,0.0
1,2025-09-13 07:00:00,15.63,118.13
1,2025-09-13 08:00:00,16.63,248.77
1,2025-09-13 09:00:00,20.08,365.87
1,2025-09-13 10:00:00,18.76,447.67
1,2025-09-13 11:00:00,19.28,486.97
1,2025-09-13 12:00:00,21.38,529.08
1,2025-09-13 13:00:00,19.27,469.91
1,2025-09-13 14:00:00,19.38,430.91
1,2025-09-13 15:00:00,21.71,356.97
1,2025-09-13 16:00:00,20.97,283.18
1,2025-09-13 17:00:00,19.68,108.68
1,2025-09-13 18:00:00,17.93,0.0
1,2025-09-13 19:00:00,17.13,8.72
1,2025-09-13 20:00:00,13.75,26.73
1,2025-09-13 21:00:00,13.27,28.97
1,2025-09-13 22:00:00,12.88,28.91
1,2025-09-13 23:00:00,11.18,16.36
1,2025-09-14 00:00:00,11.12,0.0
1,2025-09-14 01:00:00,12.77,0.0
1,2025-09-14 02:00:00,11.85,0.0
1,2025-09-14 03:00:00,14.55,0.0
1,2025-09-14 04:00:00,12.31,0.0
1,2025-09-14 05:00:00,15.01,0.0
1,2025-09-14 06:00:00,14.95,0.0
1,2025-09-14 07:00:00,16.36,160.27
1,2025-09-14 08:00:00,16.72,281.71
1,2025-09-14 09:00:00,19.22,382.97
1,2025-09-14 10:00:00,20.64,461.02
1,2025-09-14 11:00:00,20.07,493.57
1,2025-09-14 12:00:00,19.69,506.09
1,2025-09-14 13:00:00,20.28,507.57
1,2025-09-14 14:00:00,19.77,446.7
1,2025-09-14 15:00:00,18.12,361.31
1,2025-09-14 16:00:00,19.5,234.5
1,2025-09-14 17:00:00,20.15,127.56
1,2025-09-14 18:00:00,18.89,19.79
1,2025-09-14 19:00:00,16.82,24.41
1,2025-09-14 20:00:00,16.13,10.65
1,2025-09-14 21:00:00,14.44,12.75
1,2025-09-14 22:00:00,13.22,20.39
1,2025-09-14 23:00:00,11.15,0.0
1,2025-09-15 00:00:00,13.59,8.75
1,2025-09-15 01:00:00,13.32,18.43
1,2025-09-15 02:00:00,10.59,0.0
1,2025-09-15 03:00:00,12.85,0.0
1,2025-09-15 04:00:00,15.26,12.39
1,2025-09-15 05:00:00,15.77,0.0
1,2025-09-15 06:00:00,13.97,28.83
1,2025-09-15 07:00:00,15.71,112.4
1,2025-09-15 08:00:00,18.55,252.19
1,2025-09-15 09:00:00,19.4,332.65
1,2025-09-15 10:00:00,19.23,408.03
1,2025-09-15 11:00:00,20.64,482.23
1,2025-09-15 12:00:00,22.0,513.13
1,2025-09-15 13:00:00,21.84,468.1
1,2025-09-15 14:00:00,19.04,406.56
1,2025-09-15 15:00:00,21.02,331.15
1,2025-09-15 16:00:00,19.96,243.93
1,2025-09-15 17:00:00,19.87,122.76
1,2025-09-15 18:00:00,18.69,28.49
1,2025-09-15 19:00:00,17.23,8.3
1,2025-09-15 20:00:00,13.66,20.91
1,2025-09-15 21:00:00,14.7,2.66
1,2025-09-15 22:00:00,14.2,0.0
1,2025-09-15 23:00:00,11.28,3.85
1,2025-09-16 00:00:00,12.48,14.48
1,2025-09-16 01:00:00,10.74,0.0
1,2025-09-16 02:00:00,12.64,18.64
1,2025-09-16 03:00:00,13.11,0.0
1,2025-09-16 04:00:00,11.23,25.05
1,2025-09-16 05:00:00,13.91,0.0
1,2025-09-16 06:00:00,13.18,0.0
1,2025-09-16 07:00:00,15.42,110.22
1,2025-09-16 08:00:00,18.86,243.41
1,2025-09-16 09:00:00,18.69,339.27
1,2025-09-16 10:00:00,16.74,421.63
1,2025-09-16 11:00:00,20.13,446.71
1,2025-09-16 12:00:00,20.25,495.27
1,2025-09-16 13:00:00,19.58,454.91
1,2025-09-16 14:00:00,18.71,397.39
1,2025-09-16 15:00:00,18.59,337.07
1,2025-09-16 16:00:00,19.59,237.74
1,2025-09-16 17:00:00,18.54,131.03
1,2025-09-16 18:00:00,17.74,6.53
1,2025-09-16 19:00:00,14.04,12.01
1,2025-09-16 20:00:00,15.01,5.3
1,2025-09-16 21:00:00,15.6,0.0
1,2025-09-16 22:00:00,12.11,22.48
1,2025-09-16 23:00:00,14.1,0.0
1,2025-09-17 00:00:00,11.7,0.0
1,2025-09-17 01:00:00,10.18,19.78
1,2025-09-17 02:00:00,11.53,0.0
1,2025-09-17 03:00:00,14.04,0.0
1,2025-09-17 04:00:00,12.57,26.28
1,2025-09-17 05:00:00,13.7,26.33
1,2025-09-17 06:00:00,16.01,10.74
1,2025-09-17 07:00:00,13.93,97.93
1,2025-09-17 08:00:00,17.64,219.14
1,2025-09-17 09:00:00,19.52,338.2
1,2025-09-17 10:00:00,17.7,432.65
1,2025-09-17 11:00:00,19.61,455.6
1,2025-09-17 12:00:00,18.11,466.95
1,2025-09-17 13:00:00,20.03,489.52
1,2025-09-17 14:00:00,21.27,445.35
1,2025-09-17 15:00:00,18.13,342.63
1,2025-09-17 16:00:00,17.15,221.68
1,2025-09-17 17:00:00,18.06,99.96
1,2025-09-17 18:00:00,18.14,6.54
1,2025-09-17 19:00:00,15.89,0.0
1,2025-09-17 20:00:00,16.6,1.2
1,2025-09-17 21:00:00,15.1,0.0
1,2025-09-17 22:00:00,13.53,23.08
1,2025-09-17 23:00:00,12.23,5.13
1,2025-09-18 00:00:00,10.77,20.19
1,2025-09-18 01:00:00,12.17,26.96
1,2025-09-18 02:00:00,13.29,7.86
1,2025-09-18 03:00:00,13.66,0.0
1,2025-09-18 04:00:00,13.85,0.0
1,2025-09-18 05:00:00,15.42,0.0
1,2025-09-18 06:00:00,12.6,0.0
1,2025-09-18 07:00:00,17.28,107.22
1,2025-09-18 08:00:00,15.84,229.68
1,2025-09-18 09:00:00,19.16,315.03
1,2025-09-18 10:00:00,17.0,402.81
1,2025-09-18 11:00:00,18.26,451.04
1,2025-09-18 12:00:00,17.35,491.68
1,2025-09-18 13:00:00,18.98,431.31
1,2025-09-18 14:00:00,18.72,403.66
1,2025-09-18 15:00:00,18.7,334.84
1,2025-09-18 16:00:00,17.32,236.21
1,2025-09-18 17:00:00,16.09,143.17
1,2025-09-18 18:00:00,17.56,5.36
1,2025-09-18 19:00:00,15.6,7.55
1,2025-09-18 20:00:00,16.27,7.37
1,2025-09-18 21:00:00,15.19,10.04
1,2025-09-18 22:00:00,14.17,20.8
1,2025-09-18 23:00:00,13.21,0.0
1,2025-09-19 00:00:00,10.64,5.39
1,2025-09-19 01:00:00,11.67,15.71
1,2025-09-19 02:00:00,12.04,22.56
1,2025-09-19 03:00:00,11.41,0.0
1,2025-09-19 04:00:00,14.12,0.0
1,2025-09-19 05:00:00,12.35,6.47
1,2025-09-19 06:00:00,13.16,19.54
1,2025-09-19 07:00:00,16.34,116.89
1,2025-09-19 08:00:00,15.45,239.71
1,2025-09-19 09:00:00,16.67,305.88
1,2025-09-19 10:00:00,17.91,422.76
1,2025-09-19 11:00:00,17.17,472.38
1,2025-09-19 12:00:00,19.76,460.38
1,2025-09-19 13:00:00,20.3,456.66
1,2025-09-19 14:00:00,20.26,403.21
1,2025-09-19 15:00:00,18.81,336.09
1,2025-09-19 16:00:00,16.36,254.07
1,2025-09-19 17:00:00,19.11,133.96
1,2025-09-19 18:00:00,15.78,0.0
1,2025-09-19 19:00:00,14.91,0.0
1,2025-09-19 20:00:00,12.23,22.78
1,2025-09-19 21:00:00,12.14,14.12
1,2025-09-19 22:00:00,11.76,0.0
1,2025-09-19 23:00:00,12.76,6.79
1,2025-09-20 00:00:00,9.42,0.0
1,2025-09-20 01:00:00,10.22,22.9
1,2025-09-20 02:00:00,10.7,0.97
1,2025-09-20 03:00:00,9.7,0.0
1,2025-09-20 04:00:00,12.65,27.53
1,2025-09-20 05:00:00,11.96,0.0
1,2025-09-20 06:00:00,15.25,0.0
1,2025-09-20 07:00:00,15.03,126.83
1,2025-09-20 08:00:00,15.96,212.78
1,2025-09-20 09:00:00,16.69,302.3
1,2025-09-20 10:00:00,18.45,376.17
1,2025-09-20 11:00:00,19.46,441.74
1,2025-09-20 12:00:00,17.95,456.8
1,2025-09-20 13:00:00,20.73,454.82
1,2025-09-20 14:00:00,17.68,420.31
1,2025-09-20 15:00:00,18.6,321.79
1,2025-09-20 16:00:00,15.82,250.41
1,2025-09-20 17:00:00,17.54,140.92
1,2025-09-20 18:00:00,15.82,0.0
1,2025-09-20 19:00:00,15.57,28.84
1,2025-09-20 20:00:00,13.91,0.0
1,2025-09-20 21:00:00,12.19,24.62
1,2025-09-20 22:00:00,11.26,12.13
1,2025-09-20 23:00:00,10.45,0.0
1,2025-09-21 00:00:00,9.92,11.33
1,2025-09-21 01:00:00,11.47,19.47
1,2025-09-21 02:00:00,8.91,0.0
1,2025-09-21 03:00:00,12.8,0.0
1,2025-09-21 04:00:00,10.71,0.0
1,2025-09-21 05:00:00,14.27,0.0
1,2025-09-21 06:00:00,11.96,5.51
1,2025-09-21 07:00:00,16.47,129.92
1,2025-09-21 08:00:00,17.69,247.54
1,2025-09-21 09:00:00,17.69,305.68
1,2025-09-21 10:00:00,18.41,385.55
1,2025-09-21 11:00:00,16.65,448.12
1,2025-09-21 12:00:00,17.76,455.92
1,2025-09-21 13:00:00,18.78,438.57
1,2025-09-21 14:00:00,19.36,410.6
1,2025-09-21 15:00:00,17.16,341.65
1,2025-09-21 16:00:00,16.14,248.46
1,2025-09-21 17:00:00,17.28,133.42
1,2025-09-21 18:00:00,17.05,0.0
1,2025-09-21 19:00:00,14.86,0.0
1,2025-09-21 20:00:00,11.91,0.0
1,2025-09-21 21:00:00,14.6,15.46
1,2025-09-21 22:00:00,11.17,5.22
1,2025-09-21 23:00:00,10.55,0.0
1,2025-09-22 00:00:00,12.31,29.47
1,2025-09-22 01:00:00,9.17,20.22
1,2025-09-22 02:00:00,9.5,27.38
1,2025-09-22 03:00:00,9.0,28.66
1,2025-09-22 04:00:00,10.22,0.0
1,2025-09-22 05:00:00,11.34,21.93
1,2025-09-22 06:00:00,12.29,3.78
1,2025-09-22 07:00:00,13.28,94.14
1,2025-09-22 08:00:00,14.05,206.9
1,2025-09-22 09:00:00,16.74,321.95
1,2025-09-22 10:00:00,16.67,385.89
1,2025-09-22 11:00:00,17.59,463.16
1,2025-09-22 12:00:00,20.05,459.96
1,2025-09-22 13:00:00,19.59,406.65
1,2025-09-22 14:00:00,18.2,367.47
1,2025-09-22 15:00:00,18.96,347.74
1,2025-09-22 16:00:00,18.82,216.13
1,2025-09-22 17:00:00,15.52,142.65
1,2025-09-22 18:00:00,15.26,17.78
1,2025-09-22 19:00:00,14.46,0.0
1,2025-09-22 20:00:00,12.08,0.0
1,2025-09-22 21:00:00,11.82,29.02
1,2025-09-22 22:00:00,12.01,17.74
1,2025-09-22 23:00:00,11.02,0.0
1,2025-09-23 00:00:00,11.46,10.3
1,2025-09-23 01:00:00,11.59,3.98
1,2025-09-23 02:00:00,9.6,0.0
1,2025-09-23 03:00:00,9.33,0.0
1,2025-09-23 04:00:00,12.93,0.0
1,2025-09-23 05:00:00,13.24,17.29
1,2025-09-23 06:00:00,14.23,2.59
1,2025-09-23 07:00:00,12.83,97.95
1,2025-09-23 08:00:00,13.31,231.23
1,2025-09-23 09:00:00,17.24,290.07
1,2025-09-23 10:00:00,18.52,373.99
1,2025-09-23 11:00:00,17.8,422.07
1,2025-09-23 12:00:00,18.83,417.7
1,2025-09-23 13:00:00,19.76,446.28
1,2025-09-23 14:00:00,17.09,382.45
1,2025-09-23 15:00:00,18.67,314.96
1,2025-09-23 16:00:00,16.84,215.71
1,2025-09-23 17:00:00,17.16,128.25
1,2025-09-23 18:00:00,15.38,0.0
1,2025-09-23 19:00:00,15.26,0.0
1,2025-09-23 20:00:00,14.36,14.33
1,2025-09-23 21:00:00,12.28,0.0
1,2025-09-23 22:00:00,10.01,28.77
1,2025-09-23 23:00:00,9.65,0.0
1,2025-09-24 00:00:00,11.38,10.46
1,2025-09-24 01:00:00,9.1,0.0
1,2025-09-24 02:00:00,11.56,0.0
1,2025-09-24 03:00:00,10.15,25.53
1,2025-09-24 04:00:00,12.17,17.15
1,2025-09-24 05:00:00,10.68,17.04
1,2025-09-24 06:00:00,11.19,7.45
1,2025-09-24 07:00:00,15.11,114.98
1,2025-09-24 08:00:00,14.08,239.02
1,2025-09-24 09:00:00,17.22,332.71
1,2025-09-24 10:00:00,18.47,351.78
1,2025-09-24 11:00:00,16.06,417.42
1,2025-09-24 12:00:00,16.73,435.36
1,2025-09-24 13:00:00,17.25,414.29
1,2025-09-24 14:00:00,17.44,391.86
1,2025-09-24 15:00:00,18.27,306.09
1,2025-09-24 16:00:00,15.21,239.02
1,2025-09-24 17:00:00,17.34,134.73
1,2025-09-24 18:00:00,13.48,1.71
1,2025-09-24 19:00:00,14.98,23.9
1,2025-09-24 20:00:00,13.68,4.19
1,2025-09-24 21:00:00,12.14,0.0
1,2025-09-24 22:00:00,10.15,0.0
1,2025-09-24 23:00:00,11.83,10.58
1,2025-09-25 00:00:00,8.26,0.0
1,2025-09-25 01:00:00,10.16,16.69
1,2025-09-25 02:00:00,8.02,28.18
1,2025-09-25 03:00:00,10.3,0.0
1,2025-09-25 04:00:00,11.94,20.24
1,2025-09-25 05:00:00,10.79,0.0
1,2025-09-25 06:00:00,12.87,17.75
1,2025-09-25 07:00:00,13.19,83.8
1,2025-09-25 08:00:00,13.87,191.56
1,2025-09-25 09:00:00,15.21,317.27
1,2025-09-25 10:00:00,18.38,358.2
1,2025-09-25 11:00:00,16.16,420.22
1,2025-09-25 12:00:00,17.25,442.3
1,2025-09-25 13:00:00,19.26,394.62
1,2025-09-25 14:00:00,19.2,384.93
1,2025-09-25 15:00:00,16.93,327.79
1,2025-09-25 16:00:00,14.53,221.92
1,2025-09-25 17:00:00,13.92,107.82
1,2025-09-25 18:00:00,13.21,13.89
1,2025-09-25 19:00:00,15.05,5.23
1,2025-09-25 20:00:00,12.21,5.12
1,2025-09-25 21:00:00,12.67,0.0
1,2025-09-25 22:00:00,9.42,16.26
1,2025-09-25 23:00:00,9.66,0.0
1,2025-09-26 00:00:00,7.92,0.0
1,2025-09-26 01:00:00,9.39,0.0
1,2025-09-26 02:00:00,9.59,0.0
1,2025-09-26 03:00:00,11.4,12.07
1,2025-09-26 04:00:00,10.76,7.32
1,2025-09-26 05:00:00,13.27,6.79
1,2025-09-26 06:00:00,12.33,24.88
1,2025-09-26 07:00:00,15.42,111.75
1,2025-09-26 08:00:00,15.4,194.15
1,2025-09-26 09:00:00,14.86,296.62
1,2025-09-26 10:00:00,16.92,341.5
1,2025-09-26 11:00:00,16.55,396.66
1,2025-09-26 12:00:00,15.81,440.9
1,2025-09-26 13:00:00,18.26,394.07
1,2025-09-26 14:00:00,18.4,339.43
1,2025-09-26 15:00:00,18.3,325.63
1,2025-09-26 16:00:00,17.16,221.99
1,2025-09-26 17:00:00,14.19,84.0
1,2025-09-26 18:00:00,15.77,15.67
1,2025-09-26 19:00:00,11.49,0.0
1,2025-09-26 20:00:00,11.54,0.0
1,2025-09-26 21:00:00,9.59,0.0
1,2025-09-26 22:00:00,9.01,0.0
1,2025-09-26 23:00:00,9.33,5.05
1,2025-09-27 00:00:00,10.25,29.21
1,2025-09-27 01:00:00,9.57,8.6
1,2025-09-27 02:00:00,7.72,0.0
1,2025-09-27 03:00:00,10.51,9.87
1,2025-09-27 04:00:00,9.85,7.49
1,2025-09-27 05:00:00,10.48,12.72
1,2025-09-27 06:00:00,11.99,5.17
1,2025-09-27 07:00:00,14.12,84.51
1,2025-09-27 08:00:00,14.84,213.03
1,2025-09-27 09:00:00,16.42,267.42
1,2025-09-27 10:00:00,17.66,386.76
1,2025-09-27 11:00:00,15.55,423.12
1,2025-09-27 12:00:00,17.4,436.22
1,2025-09-27 13:00:00,15.86,376.78
1,2025-09-27 14:00:00,15.17,346.08
1,2025-09-27 15:00:00,15.91,322.7
1,2025-09-27 16:00:00,17.93,220.83
1,2025-09-27 17:00:00,13.75,102.84
1,2025-09-27 18:00:00,14.51,22.91
1,2025-09-27 19:00:00,12.92,0.0
1,2025-09-27 20:00:00,11.58,11.64
1,2025-09-27 21:00:00,12.85,0.0
1,2025-09-27 22:00:00,11.72,0.0
1,2025-09-27 23:00:00,8.36,0.0
1,2025-09-28 00:00:00,10.33,16.24
1,2025-09-28 01:00:00,7.54,20.8
1,2025-09-28 02:00:00,9.83,14.65
1,2025-09-28 03:00:00,10.45,0.0
1,2025-09-28 04:00:00,9.82,0.0
1,2025-09-28 05:00:00,9.67,22.91
1,2025-09-28 06:00:00,12.86,5.57
1,2025-09-28 07:00:00,14.55,119.54
1,2025-09-28 08:00:00,14.25,224.49
1,2025-09-28 09:00:00,14.32,270.87
1,2025-09-28 10:00:00,14.04,385.1
1,2025-09-28 11:00:00,15.16,408.24
1,2025-09-28 12:00:00,16.79,411.33
1,2025-09-28 13:00:00,16.63,371.3
1,2025-09-28 14:00:00,18.57,360.58
1,2025-09-28 15:00:00,17.61,271.04
1,2025-09-28 16:00:00,14.12,223.6
1,2025-09-28 17:00:00,16.87,124.88
1,2025-09-28 18:00:00,15.19,0.0
1,2025-09-28 19:00:00,12.34,0.0
1,2025-09-28 20:00:00,12.31,0.0
1,2025-09-28 21:00:00,11.55,23.98
1,2025-09-28 22:00:00,8.17,0.0
1,2025-09-28 23:00:00,7.92,13.94
1,2025-09-29 00:00:00,9.66,27.83
1,2025-09-29 01:00:00,7.67,0.0
1,2025-09-29 02:00:00,9.63,0.0
1,2025-09-29 03:00:00,9.66,0.0
1,2025-09-29 04:00:00,8.6,0.0
1,2025-09-29 05:00:00,10.7,0.0
1,2025-09-29 06:00:00,10.62,11.28
1,2025-09-29 07:00:00,11.47,91.84
1,2025-09-29 08:00:00,12.04,202.27
1,2025-09-29 09:00:00,13.69,258.34
1,2025-09-29 10:00:00,15.94,370.18
1,2025-09-29 11:00:00,16.54,365.38
1,2025-09-29 12:00:00,16.58,398.84
1,2025-09-29 13:00:00,16.32,382.89
1,2025-09-29 14:00:00,17.63,344.6
1,2025-09-29 15:00:00,14.27,285.17
1,2025-09-29 16:00:00,14.82,181.77
1,2025-09-29 17:00:00,12.88,79.48
1,2025-09-29 18:00:00,15.27,20.92
1,2025-09-29 19:00:00,13.51,0.0
1,2025-09-29 20:00:00,10.71,7.58
1,2025-09-29 21:00:00,11.32,0.83
1,2025-09-29 22:00:00,11.42,8.6
1,2025-09-29 23:00:00,8.62,3.7
1,2025-09-30 00:00:00,7.67,27.22
1,2025-09-30 01:00:00,9.19,26.81
1,2025-09-30 02:00:00,8.95,0.0
1,2025-09-30 03:00:00,10.67,0.0
1,2025-09-30 04:00:00,10.7,0.0
1,2025-09-30 05:00:00,9.49,22.03
1,2025-09-30 06:00:00,12.47,15.78
1,2025-09-30 07:00:00,12.69,100.66
1,2025-09-30 08:00:00,13.12,200.35
1,2025-09-30 09:00:00,16.11,275.14
1,2025-09-30 10:00:00,15.36,338.61
1,2025-09-30 11:00:00,14.2,390.58
1,2025-09-30 12:00:00,16.83,422.21
1,2025-09-30 13:00:00,17.72,410.47
1,2025-09-30 14:00:00,16.42,373.14
1,2025-09-30 15:00:00,17.38,294.66
1,2025-09-30 16:00:00,15.98,169.49
1,2025-09-30 17:00:00,16.28,117.91
1,2025-09-30 18:00:00,12.23,23.52
1,2025-09-30 19:00:00,11.19,13.74
1,2025-09-30 20:00:00,9.49,28.29
1,2025-09-30 21:00:00,9.89,8.63
1,2025-09-30 22:00:00,10.49,0.0
1,2025-09-30 23:00:00,8.7,0.0
1,2025-10-01 00:00:00,8.59,12.99
1,2025-10-01 01:00:00,9.14,1.72
1,2025-10-01 02:00:00,7.3,14.03
1,2025-10-01 03:00:00,9.02,8.3
1,2025-10-01 04:00:00,8.12,0.0
1,2025-10-01 05:00:00,8.32,20.75
1,2025-10-01 06:00:00,10.92,8.19
1,2025-10-01 07:00:00,14.1,91.79
1,2025-10-01 08:00:00,11.96,200.89
1,2025-10-01 09:00:00,13.6,305.41
1,2025-10-01 10:00:00,13.95,357.1
1,2025-10-01 11:00:00,17.56,363.57
1,2025-10-01 12:00:00,17.31,408.19
1,2025-10-01 13:00:00,14.53,400.25
1,2025-10-01 14:00:00,14.05,319.44
1,2025-10-01 15:00:00,15.17,294.66
1,2025-10-01 16:00:00,14.39,213.25
1,2025-10-01 17:00:00,14.54,89.23
1,2025-10-01 18:00:00,15.05,0.0
1,2025-10-01 19:00:00,12.04,25.92
1,2025-10-01 20:00:00,9.49,12.57
1,2025-10-01 21:00:00,9.26,0.0
1,2025-10-01 22:00:00,7.45,0.0
1,2025-10-01 23:00:00,8.68,27.54
1,2025-10-02 00:00:00,7.8,0.0
1,2025-10-02 01:00:00,8.04,0.0
1,2025-10-02 02:00:00,9.19,7.56
1,2025-10-02 03:00:00,7.25,7.39
1,2025-10-02 04:00:00,7.91,0.0
1,2025-10-02 05:00:00,11.01,6.44
1,2025-10-02 06:00:00,9.04,0.0
1,2025-10-02 07:00:00,13.42,116.31
1,2025-10-02 08:00:00,11.18,198.79
1,2025-10-02 09:00:00,13.8,272.86
1,2025-10-02 10:00:00,14.97,309.06
1,2025-10-02 11:00:00,14.34,351.12
1,2025-10-02 12:00:00,17.28,406.86
1,2025-10-02 13:00:00,14.5,390.12
1,2025-10-02 14:00:00,16.12,343.13
1,2025-10-02 15:00:00,14.1,300.95
1,2025-10-02 16:00:00,13.2,200.76
1,2025-10-02 17:00:00,14.9,94.35
1,2025-10-02 18:00:00,14.7,29.02
1,2025-10-02 19:00:00,12.26,0.0
1,2025-10-02 20:00:00,11.55,21.05
1,2025-10-02 21:00:00,10.69,0.0
1,2025-10-02 22:00:00,7.53,0.0
1,2025-10-02 23:00:00,10.03,0.0
1,2025-10-03 00:00:00,9.62,0.0
1,2025-10-03 01:00:00,8.02,0.0
1,2025-10-03 02:00:00,7.22,0.0
1,2025-10-03 03:00:00,7.8,0.0
1,2025-10-03 04:00:00,10.72,14.92
1,2025-10-03 05:00:00,11.05,0.0
1,2025-10-03 06:00:00,9.57,22.97
1,2025-10-03 07:00:00,11.18,118.13
1,2025-10-03 08:00:00,13.28,182.24
1,2025-10-03 09:00:00,14.43,284.05
1,2025-10-03 10:00:00,15.07,330.86
1,2025-10-03 11:00:00,15.28,338.13
1,2025-10-03 12:00:00,16.17,367.02
1,2025-10-03 13:00:00,14.93,353.37
1,2025-10-03 14:00:00,15.19,341.72
1,2025-10-03 15:00:00,13.44,252.88
1,2025-10-03 16:00:00,16.44,190.58
1,2025-10-03 17:00:00,14.84,106.02
1,2025-10-03 18:00:00,13.64,0.0
1,2025-10-03 19:00:00,9.8,0.0
1,2025-10-03 20:00:00,9.0,28.93
1,2025-10-03 21:00:00,9.37,0.0
1,2025-10-03 22:00:00,8.36,0.0
1,2025-10-03 23:00:00,8.75,14.57
1,2025-10-04 00:00:00,9.37,10.87
1,2025-10-04 01:00:00,8.58,8.62
1,2025-10-04 02:00:00,6.94,13.46
1,2025-10-04 03:00:00,7.99,0.0
1,2025-10-04 04:00:00,8.91,4.37
1,2025-10-04 05:00:00,11.35,0.0
1,2025-10-04 06:00:00,9.57,3.93
1,2025-10-04 07:00:00,9.53,96.46
1,2025-10-04 08:00:00,12.82,165.97
1,2025-10-04 09:00:00,15.15,255.22
1,2025-10-04 10:00:00,13.1,308.04
1,2025-10-04 11:00:00,13.37,352.9
1,2025-10-04 12:00:00,14.28,395.5
1,2025-10-04 13:00:00,13.53,374.84
1,2025-10-04 14:00:00,15.13,321.42
1,2025-10-04 15:00:00,14.38,263.01
1,2025-10-04 16:00:00,16.17,192.96
1,2025-10-04 17:00:00,12.67,110.81
1,2025-10-04 18:00:00,12.14,0.0
1,2025-10-04 19:00:00,10.86,17.53
1,2025-10-04 20:00:00,8.41,10.66
1,2025-10-04 21:00:00,10.92,13.07
1,2025-10-04 22:00:00,9.42,11.54
1,2025-10-04 23:00:00,6.21,0.0
1,2025-10-05 00:00:00,6.63,19.88
1,2025-10-05 01:00:00,5.69,2.3
1,2025-10-05 02:00:00,6.48,0.0
1,2025-10-05 03:00:00,9.01,15.0
1,2025-10-05 04:00:00,7.85,10.59
1,2025-10-05 05:00:00,9.29,0.0
1,2025-10-05 06:00:00,8.42,19.22
1,2025-10-05 07:00:00,10.77,115.66
1,2025-10-05 08:00:00,13.76,198.76
1,2025-10-05 09:00:00,14.33,257.35
1,2025-10-05 10:00:00,13.55,317.74
1,2025-10-05 11:00:00,14.99,325.18
1,2025-10-05 12:00:00,15.45,383.55
1,2025-10-05 13:00:00,15.87,382.2
1,2025-10-05 14:00:00,13.18,313.26
1,2025-10-05 15:00:00,14.91,238.55
1,2025-10-05 16:00:00,13.67,189.97
1,2025-10-05 17:00:00,14.2,75.51
1,2025-10-05 18:00:00,13.53,16.03
1,2025-10-05 19:00:00,11.11,0.0
1,2025-10-05 20:00:00,11.97,0.0
1,2025-10-05 21:00:00,8.13,13.14
1,2025-10-05 22:00:00,9.06,8.06
1,2025-10-05 23:00:00,6.94,28.68
1,2025-10-06 00:00:00,7.89,13.51
1,2025-10-06 01:00:00,7.6,15.07
1,2025-10-06 02:00:00,8.85,14.38
1,2025-10-06 03:00:00,7.63,5.59
1,2025-10-06 04:00:00,8.18,12.95
1,2025-10-06 05:00:00,9.2,23.37
1,2025-10-06 06:00:00,9.76,0.0
1,2025-10-06 07:00:00,12.77,86.16
1,2025-10-06 08:00:00,12.48,190.97
1,2025-10-06 09:00:00,14.6,226.26
1,2025-10-06 10:00:00,15.49,312.22
1,2025-10-06 11:00:00,15.26,350.98
1,2025-10-06 12:00:00,12.87,387.4
1,2025-10-06 13:00:00,16.17,330.8
1,2025-10-06 14:00:00,14.05,334.99
1,2025-10-06 15:00:00,16.32,266.12
1,2025-10-06 16:00:00,15.3,158.8
1,2025-10-06 17:00:00,12.18,112.36
1,2025-10-06 18:00:00,10.8,0.0
1,2025-10-06 19:00:00,9.69,4.08
1,2025-10-06 20:00:00,9.34,24.72
1,2025-10-06 21:00:00,7.26,0.0
1,2025-10-06 22:00:00,8.16,28.42
1,2025-10-06 23:00:00,8.94,9.21
1,2025-10-07 00:00:00,8.66,0.0
1,2025-10-07 01:00:00,7.22,0.0
1,2025-10-07 02:00:00,4.88,19.65
1,2025-10-07 03:00:00,9.08,30.0
1,2025-10-07 04:00:00,6.4,13.21
1,2025-10-07 05:00:00,9.26,28.52
1,2025-10-07 06:00:00,11.33,5.73
1,2025-10-07 07:00:00,11.13,111.84
1,2025-10-07 08:00:00,10.86,193.8
1,2025-10-07 09:00:00,13.16,254.44
1,2025-10-07 10:00:00,12.65,322.89
1,2025-10-07 11:00:00,14.57,339.25
1,2025-10-07 12:00:00,13.99,368.81
1,2025-10-07 13:00:00,13.91,317.69
1,2025-10-07 14:00:00,12.97,301.58
1,2025-10-07 15:00:00,13.41,238.29
1,2025-10-07 16:00:00,14.39,161.23
1,2025-10-07 17:00:00,14.63,88.73
1,2025-10-07 18:00:00,13.63,17.16
1,2025-10-07 19:00:00,10.73,0.0
1,2025-10-07 20:00:00,7.94,29.45
1,2025-10-07 21:00:00,8.11,24.28
1,2025-10-07 22:00:00,9.08,24.71
1,2025-10-07 23:00:00,5.5,0.0
1,2025-10-08 00:00:00,6.56,2.22
1,2025-10-08 01:00:00,6.25,0.0
1,2025-10-08 02:00:00,6.79,0.0
1,2025-10-08 03:00:00,8.69,0.0
1,2025-10-08 04:00:00,6.42,29.27
1,2025-10-08 05:00:00,8.11,26.24
1,2025-10-08 06:00:00,10.74,0.0
1,2025-10-08 07:00:00,9.12,92.4
1,2025-10-08 08:00:00,12.84,192.72
1,2025-10-08 09:00:00,10.74,243.05
1,2025-10-08 10:00:00,15.18,315.41
1,2025-10-08 11:00:00,13.73,307.01
1,2025-10-08 12:00:00,14.01,341.96
1,2025-10-08 13:00:00,15.45,318.94
1,2025-10-08 14:00:00,15.43,316.11
1,2025-10-08 15:00:00,12.4,219.24
1,2025-10-08 16:00:00,15.05,155.03
1,2025-10-08 17:00:00,10.46,97.6
1,2025-10-08 18:00:00,10.87,7.48
1,2025-10-08 19:00:00,8.52,0.0
1,2025-10-08 20:00:00,8.18,0.0
1,2025-10-08 21:00:00,7.1,0.0
1,2025-10-08 22:00:00,8.38,1.57
1,2025-10-08 23:00:00,5.75,23.18
1,2025-10-09 00:00:00,4.96,20.75
1,2025-10-09 01:00:00,6.57,0.0
1,2025-10-09 02:00:00,6.65,0.0
1,2025-10-09 03:00:00,7.21,0.0
1,2025-10-09 04:00:00,5.9,26.63
1,2025-10-09 05:00:00,9.87,22.03
1,2025-10-09 06:00:00,9.84,0.0
1,2025-10-09 07:00:00,10.23,87.02
1,2025-10-09 08:00:00,12.16,149.29
1,2025-10-09 09:00:00,10.99,239.23
1,2025-10-09 10:00:00,13.59,309.41
1,2025-10-09 11:00:00,15.29,337.98
1,2025-10-09 12:00:00,15.53,318.83
1,2025-10-09 13:00:00,14.95,349.49
1,2025-10-09 14:00:00,14.4,271.26
1,2025-10-09 15:00:00,12.6,258.86
1,2025-10-09 16:00:00,11.4,156.34
1,2025-10-09 17:00:00,12.02,83.76
1,2025-10-09 18:00:00,9.97,11.21
1,2025-10-09 19:00:00,11.19,27.76
1,2025-10-09 20:00:00,7.32,0.0
1,2025-10-09 21:00:00,6.4,3.68
1,2025-10-09 22:00:00,7.19,11.14
1,2025-10-09 23:00:00,8.38,0.0
1,2025-10-10 00:00:00,7.96,24.05
1,2025-10-10 01:00:00,6.49,0.0
1,2025-10-10 02:00:00,7.63,1.27
1,2025-10-10 03:00:00,6.33,0.0
1,2025-10-10 04:00:00,6.3,5.11
1,2025-10-10 05:00:00,9.37,3.34
1,2025-10-10 06:00:00,8.59,5.34
1,2025-10-10 07:00:00,8.95,85.57
1,2025-10-10 08:00:00,9.11,158.68
1,2025-10-10 09:00:00,12.67,228.7
1,2025-10-10 10:00:00,13.68,264.84
1,2025-10-10 11:00:00,12.37,313.76
1,2025-10-10 12:00:00,14.86,348.64
1,2025-10-10 13:00:00,13.76,296.51
1,2025-10-10 14:00:00,13.81,304.68
1,2025-10-10 15:00:00,11.81,220.07
1,2025-10-10 16:00:00,10.75,165.35
1,2025-10-10 17:00:00,10.87,86.81
1,2025-10-10 18:00:00,9.64,0.0
1,2025-10-10 19:00:00,11.35,0.0
1,2025-10-10 20:00:00,8.79,22.69
1,2025-10-10 21:00:00,8.12,29.98
1,2025-10-10 22:00:00,7.46,0.0
1,2025-10-10 23:00:00,5.98,0.0
1,2025-10-11 00:00:00,5.65,24.53
1,2025-10-11 01:00:00,7.24,24.0
1,2025-10-11 02:00:00,7.36,14.4
1,2025-10-11 03:00:00,5.92,0.0
1,2025-10-11 04:00:00,6.99,0.0
1,2025-10-11 05:00:00,5.77,28.23
1,2025-10-11 06:00:00,7.93,0.0
1,2025-10-11 07:00:00,9.09,67.01
1,2025-10-11 08:00:00,12.32,158.14
1,2025-10-11 09:00:00,12.85,231.11
1,2025-10-11 10:00:00,10.6,304.75
1,2025-10-11 11:00:00,13.39,322.33
1,2025-10-11 12:00:00,11.62,357.38
1,2025-10-11 13:00:00,12.89,301.93
1,2025-10-11 14:00:00,14.93,307.7
1,2025-10-11 15:00:00,11.37,251.69
1,2025-10-11 16:00:00,12.2,193.76
1,2025-10-11 17:00:00,9.65,106.46
1,2025-10-11 18:00:00,11.76,0.0
1,2025-10-11 19:00:00,8.91,0.0
1,2025-10-11 20:00:00,6.74,0.0
1,2025-10-11 21:00:00,7.28,0.0
1,2025-10-11 22:00:00,5.57,0.0
1,2025-10-11 23:00:00,6.31,0.0
1,2025-10-12 00:00:00,4.87,0.0
1,2025-10-12 01:00:00,6.25,13.28
1,2025-10-12 02:00:00,4.46,11.53
1,2025-10-12 03:00:00,3.92,0.0
1,2025-10-12 04:00:00,7.38,27.05
1,2025-10-12 05:00:00,7.31,7.54
1,2025-10-12 06:00:00,8.66,0.0
1,2025-10-12 07:00:00,9.33,67.34
1,2025-10-12 08:00:00,9.61,189.86
1,2025-10-12 09:00:00,13.17,255.2
1,2025-10-12 10:00:00,12.4,272.93
1,2025-10-12 11:00:00,11.83,339.38
1,2025-10-12 12:00:00,14.63,296.58
1,2025-10-12 13:00:00,13.06,282.62
1,2025-10-12 14:00:00,12.42,301.41
1,2025-10-12 15:00:00,14.05,212.35
1,2025-10-12 16:00:00,11.9,169.57
1,2025-10-12 17:00:00,10.47,84.6
1,2025-10-12 18:00:00,11.9,0.1
1,2025-10-12 19:00:00,8.55,26.21
1,2025-10-12 20:00:00,8.22,0.0
1,2025-10-12 21:00:00,7.47,21.07
1,2025-10-12 22:00:00,7.36,9.81
1,2025-10-12 23:00:00,4.68,0.0
1,2025-10-13 00:00:00,6.81,0.0
1,2025-10-13 01:00:00,7.06,0.0
1,2025-10-13 02:00:00,6.41,27.6
1,2025-10-13 03:00:00,4.76,0.0
1,2025-10-13 04:00:00,6.93,0.0
1,2025-10-13 05:00:00,8.6,3.71
1,2025-10-13 06:00:00,8.59,0.0
1,2025-10-13 07:00:00,9.01,68.62
1,2025-10-13 08:00:00,8.21,179.3
1,2025-10-13 09:00:00,11.53,208.47
1,2025-10-13 10:00:00,10.34,275.68
1,2025-10-13 11:00:00,11.72,286.33
1,2025-10-13 12:00:00,12.39,334.72
1,2025-10-13 13:00:00,14.59,316.64
1,2025-10-13 14:00:00,14.8,299.37
1,2025-10-13 15:00:00,12.55,238.79
1,2025-10-13 16:00:00,12.83,133.8
1,2025-10-13 17:00:00,12.74,55.14
1,2025-10-13 18:00:00,11.13,21.26
1,2025-10-13 19:00:00,7.64,27.49
1,2025-10-13 20:00:00,9.54,0.0
1,2025-10-13 21:00:00,6.31,0.0
1,2025-10-13 22:00:00,6.41,5.39
1,2025-10-13 23:00:00,5.91,9.19
1,2025-10-14 00:00:00,5.24,0.0
1,2025-10-14 01:00:00,6.5,20.7
1,2025-10-14 02:00:00,3.53,26.85
1,2025-10-14 03:00:00,3.67,18.32
1,2025-10-14 04:00:00,6.34,0.0
1,2025-10-14 05:00:00,6.97,0.79
1,2025-10-14 06:00:00,7.09,11.98
1,2025-10-14 07:00:00,8.35,108.69
1,2025-10-14 08:00:00,9.87,135.91
1,2025-10-14 09:00:00,9.52,201.98
1,2025-10-14 10:00:00,13.24,285.89
1,2025-10-14 11:00:00,11.49,299.08
1,2025-10-14 12:00:00,12.88,310.71
1,2025-10-14 13:00:00,14.8,289.2
1,2025-10-14 14:00:00,12.29,240.35
1,2025-10-14 15:00:00,11.86,242.97
1,2025-10-14 16:00:00,12.53,172.66
1,2025-10-14 17:00:00,9.18,98.83
1,2025-10-14 18:00:00,9.02,24.95
1,2025-10-14 19:00:00,9.88,0.0
1,2025-10-14 20:00:00,6.78,14.7
1,2025-10-14 21:00:00,7.36,0.0
1,2025-10-14 22:00:00,4.34,25.09
1,2025-10-14 23:00:00,5.85,0.0
1,2025-10-15 00:00:00,5.21,6.13
1,2025-10-15 01:00:00,3.79,0.0
1,2025-10-15 02:00:00,6.08,0.0
1,2025-10-15 03:00:00,5.05,0.0
1,2025-10-15 04:00:00,6.31,15.35
1,2025-10-15 05:00:00,4.8,0.0
1,2025-10-15 06:00:00,6.77,27.61
1,2025-10-15 07:00:00,10.16,106.95
1,2025-10-15 08:00:00,8.28,141.51
1,2025-10-15 09:00:00,10.72,197.58
1,2025-10-15 10:00:00,9.71,252.52
1,2025-10-15 11:00:00,13.41,284.57
1,2025-10-15 12:00:00,13.09,330.12
1,2025-10-15 13:00:00,10.76,267.49
1,2025-10-15 14:00:00,13.35,249.95
1,2025-10-15 15:00:00,11.61,189.94
1,2025-10-15 16:00:00,11.72,180.01
1,2025-10-15 17:00:00,10.61,75.99
1,2025-10-15 18:00:00,8.85,5.69
1,2025-10-15 19:00:00,7.14,12.42
1,2025-10-15 20:00:00,6.93,12.27
1,2025-10-15 21:00:00,7.29,21.12
1,2025-10-15 22:00:00,4.58,3.79
1,2025-10-15 23:00:00,5.15,16.86
1,2025-10-16 00:00:00,6.22,0.0
1,2025-10-16 01:00:00,5.51,0.0
1,2025-10-16 02:00:00,5.29,22.88
1,2025-10-16 03:00:00,5.02,0.0
1,2025-10-16 04:00:00,5.03,21.25
1,2025-10-16 05:00:00,6.14,25.75
1,2025-10-16 06:00:00,7.58,7.24
1,2025-10-16 07:00:00,8.67,96.02
1,2025-10-16 08:00:00,8.51,152.13
1,2025-10-16 09:00:00,9.65,185.81
1,2025-10-16 10:00:00,10.54,274.46
1,2025-10-16 11:00:00,13.27,289.86
1,2025-10-16 12:00:00,13.99,298.13
1,2025-10-16 13:00:00,12.63,307.11
1,2025-10-16 14:00:00,10.95,275.06
1,2025-10-16 15:00:00,13.11,186.06
1,2025-10-16 16:00:00,11.02,151.15
1,2025-10-16 17:00:00,10.02,99.03
1,2025-10-16 18:00:00,7.94,23.97
1,2025-10-16 19:00:00,8.61,0.0
1,2025-10-16 20:00:00,8.04,0.0
1,2025-10-16 21:00:00,7.52,21.69
1,2025-10-16 22:00:00,3.79,0.0
1,2025-10-16 23:00:00,6.2,0.0
1,2025-10-17 00:00:00,3.43,0.0
1,2025-10-17 01:00:00,2.08,0.0
1,2025-10-17 02:00:00,4.48,23.79
1,2025-10-17 03:00:00,3.45,4.79
1,2025-10-17 04:00:00,3.7,0.0
1,2025-10-17 05:00:00,7.18,16.51
1,2025-10-17 06:00:00,6.33,0.0
1,2025-10-17 07:00:00,8.63,47.23
1,2025-10-17 08:00:00,10.5,128.35
1,2025-10-17 09:00:00,9.98,193.54
1,2025-10-17 10:00:00,11.32,268.22
1,2025-10-17 11:00:00,13.19,311.47
1,2025-10-17 12:00:00,11.96,294.83
1,2025-10-17 13:00:00,11.62,259.8
1,2025-10-17 14:00:00,10.08,263.66
1,2025-10-17 15:00:00,10.11,179.64
1,2025-10-17 16:00:00,10.29,169.83
1,2025-10-17 17:00:00,8.22,95.73
1,2025-10-17 18:00:00,8.91,0.0
1,2025-10-17 19:00:00,7.6,0.0
1,2025-10-17 20:00:00,8.14,0.0
1,2025-10-17 21:00:00,6.46,0.0
1,2025-10-17 22:00:00,6.05,0.0
1,2025-10-17 23:00:00,6.58,29.83
1,2025-10-18 00:00:00,3.61,12.03
1,2025-10-18 01:00:00,3.77,0.0
1,2025-10-18 02:00:00,4.49,9.21
1,2025-10-18 03:00:00,4.62,14.79
1,2025-10-18 04:00:00,3.08,13.99
1,2025-10-18 05:00:00,7.78,15.98
1,2025-10-18 06:00:00,5.04,0.0
1,2025-10-18 07:00:00,7.25,47.23
1,2025-10-18 08:00:00,9.27,139.17
1,2025-10-18 09:00:00,10.57,229.69
1,2025-10-18 10:00:00,11.44,238.66
1,2025-10-18 11:00:00,10.37,298.34
1,2025-10-18 12:00:00,12.38,272.2
1,2025-10-18 13:00:00,11.02,276.06
1,2025-10-18 14:00:00,10.73,275.64
1,2025-10-18 15:00:00,13.01,178.27
1,2025-10-18 16:00:00,8.71,116.09
1,2025-10-18 17:00:00,8.06,100.34
1,2025-10-18 18:00:00,9.65,0.0
1,2025-10-18 19:00:00,9.61,0.0
1,2025-10-18 20:00:00,6.17,0.0
1,2025-10-18 21:00:00,6.76,13.55
1,2025-10-18 22:00:00,5.81,21.59
1,2025-10-18 23:00:00,4.58,28.18
1,2025-10-19 00:00:00,3.51,11.42
1,2025-10-19 01:00:00,2.2,0.64
1,2025-10-19 02:00:00,4.97,18.66
1,2025-10-19 03:00:00,3.0,0.0
1,2025-10-19 04:00:00,2.85,6.98
1,2025-10-19 05:00:00,3.64,6.23
1,2025-10-19 06:00:00,6.69,17.43
1,2025-10-19 07:00:00,8.78,78.36
1,2025-10-19 08:00:00,6.8,136.2
1,2025-10-19 09:00:00,7.84,211.65
1,2025-10-19 10:00:00,10.11,240.46
1,2025-10-19 11:00:00,10.74,272.73
1,2025-10-19 12:00:00,11.76,293.35
1,2025-10-19 13:00:00,13.16,251.03
1,2025-10-19 14:00:00,11.9,247.91
1,2025-10-19 15:00:00,9.03,197.35
1,2025-10-19 16:00:00,8.58,122.25
1,2025-10-19 17:00:00,8.67,54.05
1,2025-10-19 18:00:00,7.72,0.2
1,2025-10-19 19:00:00,7.84,1.79
1,2025-10-19 20:00:00,7.28,25.82
1,2025-10-19 21:00:00,5.06,0.0
1,2025-10-19 22:00:00,6.58,0.0
1,2025-10-19 23:00:00,3.21,0.0
1,2025-10-20 00:00:00,4.25,5.19
1,2025-10-20 01:00:00,4.51,0.0
1,2025-10-20 02:00:00,2.69,0.0
1,2025-10-20 03:00:00,4.04,6.48
1,2025-10-20 04:00:00,5.36,6.16
1,2025-10-20 05:00:00,4.99,25.99
1,2025-10-20 06:00:00,7.75,0.0
1,2025-10-20 07:00:00,6.15,80.68
1,2025-10-20 08:00:00,8.46,163.72
1,2025-10-20 09:00:00,8.97,218.32
1,2025-10-20 10:00:00,10.33,228.61
1,2025-10-20 11:00:00,12.22,295.5
1,2025-10-20 12:00:00,10.41,276.87
1,2025-10-20 13:00:00,12.36,248.59
1,2025-10-20 14:00:00,11.17,233.74
1,2025-10-20 15:00:00,11.45,198.75
1,2025-10-20 16:00:00,11.14,140.95
1,2025-10-20 17:00:00,9.19,55.75
1,2025-10-20 18:00:00,8.16,0.0
1,2025-10-20 19:00:00,5.85,0.0
1,2025-10-20 20:00:00,7.42,0.0
1,2025-10-20 21:00:00,5.79,0.0
1,2025-10-20 22:00:00,4.9,6.1
1,2025-10-20 23:00:00,4.54,0.01
1,2025-10-21 00:00:00,2.68,0.0
1,2025-10-21 01:00:00,1.36,0.0
1,2025-10-21 02:00:00,3.22,14.72
1,2025-10-21 03:00:00,5.11,15.75
1,2025-10-21 04:00:00,4.25,19.47
1,2025-10-21 05:00:00,4.38,0.0
1,2025-10-21 06:00:00,4.52,0.0
1,2025-10-21 07:00:00,9.01,66.46
1,2025-10-21 08:00:00,6.35,133.93
1,2025-10-21 09:00:00,9.39,189.67
1,2025-10-21 10:00:00,10.96,236.31
1,2025-10-21 11:00:00,8.85,273.64
1,2025-10-21 12:00:00,11.84,264.0
1,2025-10-21 13:00:00,10.04,251.22
1,2025-10-21 14:00:00,9.11,211.86
1,2025-10-21 15:00:00,12.04,162.29
1,2025-10-21 16:00:00,10.94,129.12
1,2025-10-21 17:00:00,8.37,41.76
1,2025-10-21 18:00:00,8.21,27.27
1,2025-10-21 19:00:00,7.71,2.21
1,2025-10-21 20:00:00,4.87,0.0
1,2025-10-21 21:00:00,5.41,0.0
1,2025-10-21 22:00:00,5.28,0.0
1,2025-10-21 23:00:00,3.72,9.39
1,2025-10-22 00:00:00,3.5,3.91
1,2025-10-22 01:00:00,2.91,14.34
1,2025-10-22 02:00:00,4.46,0.0
1,2025-10-22 03:00:00,2.32,28.33
1,2025-10-22 04:00:00,4.48,11.46
1,2025-10-22 05:00:00,5.05,0.0
1,2025-10-22 06:00:00,6.4,0.0
1,2025-10-22 07:00:00,7.08,39.2
1,2025-10-22 08:00:00,7.59,135.3
1,2025-10-22 09:00:00,7.67,214.1
1,2025-10-22 10:00:00,10.29,223.57
1,2025-10-22 11:00:00,9.28,284.12
1,2025-10-22 12:00:00,11.25,271.38
1,2025-10-22 13:00:00,11.2,251.85
1,2025-10-22 14:00:00,11.66,228.92
1,2025-10-22 15:00:00,11.12,200.43
1,2025-10-22 16:00:00,9.75,128.48
1,2025-10-22 17:00:00,8.17,79.98
1,2025-10-22 18:00:00,7.7,2.08
1,2025-10-22 19:00:00,5.75,22.44
1,2025-10-22 20:00:00,7.17,0.0
1,2025-10-22 21:00:00,4.17,0.0
1,2025-10-22 22:00:00,3.11,12.39
1,2025-10-22 23:00:00,1.93,0.0
1,2025-10-23 00:00:00,2.67,0.0
1,2025-10-23 01:00:00,1.32,28.64
1,2025-10-23 02:00:00,1.77,29.3
1,2025-10-23 03:00:00,4.81,0.73
1,2025-10-23 04:00:00,2.28,0.0
1,2025-10-23 05:00:00,4.31,4.81
1,2025-10-23 06:00:00,4.12,15.96
1,2025-10-23 07:00:00,5.14,59.74
1,2025-10-23 08:00:00,9.27,112.7
1,2025-10-23 09:00:00,6.76,177.82
1,2025-10-23 10:00:00,9.33,208.54
1,2025-10-23 11:00:00,11.13,241.72
1,2025-10-23 12:00:00,12.4,277.64
1,2025-10-23 13:00:00,10.65,223.13
1,2025-10-23 14:00:00,8.88,206.16
1,2025-10-23 15:00:00,8.61,168.66
1,2025-10-23 16:00:00,11.27,148.5
1,2025-10-23 17:00:00,10.08,60.12
1,2025-10-23 18:00:00,5.98,2.0
1,2025-10-23 19:00:00,4.98,28.0
1,2025-10-23 20:00:00,5.69,22.36
1,2025-10-23 21:00:00,5.0,0.0
1,2025-10-23 22:00:00,2.99,0.0
1,2025-10-23 23:00:00,5.03,0.0
1,2025-10-24 00:00:00,2.71,5.58
1,2025-10-24 01:00:00,3.99,25.4
1,2025-10-24 02:00:00,4.24,0.0
1,2025-10-24 03:00:00,3.02,0.0
1,2025-10-24 04:00:00,3.23,0.0
1,2025-10-24 05:00:00,5.88,2.51
1,2025-10-24 06:00:00,4.36,8.4
1,2025-10-24 07:00:00,7.11,44.95
1,2025-10-24 08:00:00,6.29,138.14
1,2025-10-24 09:00:00,9.59,158.47
1,2025-10-24 10:00:00,8.53,235.11
1,2025-10-24 11:00:00,7.89,226.23
1,2025-10-24 12:00:00,11.45,256.67
1,2025-10-24 13:00:00,9.18,251.92
1,2025-10-24 14:00:00,9.18,209.26
1,2025-10-24 15:00:00,10.59,191.39
1,2025-10-24 16:00:00,11.08,120.08
1,2025-10-24 17:00:00,9.76,63.51
1,2025-10-24 18:00:00,6.2,0.0
1,2025-10-24 19:00:00,6.38,25.3
1,2025-10-24 20:00:00,5.45,0.0
1,2025-10-24 21:00:00,2.46,1.94
1,2025-10-24 22:00:00,2.2,20.63
1,2025-10-24 23:00:00,4.17,9.27
1,2025-10-25 00:00:00,3.04,0.0
1,2025-10-25 01:00:00,0.92,20.89
1,2025-10-25 02:00:00,3.56,1.06
1,2025-10-25 03:00:00,2.01,0.0
1,2025-10-25 04:00:00,2.4,24.31
1,2025-10-25 05:00:00,2.39,0.0
1,2025-10-25 06:00:00,6.84,19.8
1,2025-10-25 07:00:00,5.9,76.53
1,2025-10-25 08:00:00,7.03,139.35
1,2025-10-25 09:00:00,9.7,181.57
1,2025-10-25 10:00:00,8.65,225.58
1,2025-10-25 11:00:00,11.32,242.32
1,2025-10-25 12:00:00,9.22,227.33
1,2025-10-25 13:00:00,11.38,263.17
1,2025-10-25 14:00:00,9.05,213.06
1,2025-10-25 15:00:00,9.34,162.29
1,2025-10-25 16:00:00,9.61,140.13
1,2025-10-25 17:00:00,9.82,70.16
1,2025-10-25 18:00:00,7.46,22.04
1,2025-10-25 19:00:00,5.5,0.0
1,2025-10-25 20:00:00,4.82,22.54
1,2025-10-25 21:00:00,3.19,0.0
1,2025-10-25 22:00:00,4.71,0.0
1,2025-10-25 23:00:00,1.36,0.0
1,2025-10-26 00:00:00,3.37,4.0
1,2025-10-26 01:00:00,1.04,0.0
1,2025-10-26 02:00:00,3.03,0.0
1,2025-10-26 03:00:00,1.05,12.4
1,2025-10-26 04:00:00,3.36,9.57
1,2025-10-26 05:00:00,2.7,25.34
1,2025-10-26 06:00:00,5.61,15.07
1,2025-10-26 07:00:00,4.9,55.96
1,2025-10-26 08:00:00,6.53,95.48
1,2025-10-26 09:00:00,7.34,150.02
1,2025-10-26 10:00:00,6.74,201.83
1,2025-10-26 11:00:00,9.42,229.28
1,2025-10-26 12:00:00,10.47,254.91
1,2025-10-26 13:00:00,10.57,261.31
1,2025-10-26 14:00:00,9.47,206.45
1,2025-10-26 15:00:00,9.66,166.42
1,2025-10-26 16:00:00,8.1,128.8
1,2025-10-26 17:00:00,8.86,45.61
1,2025-10-26 18:00:00,7.7,0.0
1,2025-10-26 19:00:00,4.12,0.0
1,2025-10-26 20:00:00,6.45,0.0
1,2025-10-26 21:00:00,4.71,19.16
1,2025-10-26 22:00:00,1.34,0.0
1,2025-10-26 23:00:00,3.1,5.09
1,2025-10-27 00:00:00,0.09,21.93
1,2025-10-27 01:00:00,-0.06,0.0
1,2025-10-27 02:00:00,1.41,0.0
1,2025-10-27 03:00:00,3.99,0.0
1,2025-10-27 04:00:00,2.14,0.0
1,2025-10-27 05:00:00,4.77,0.0
1,2025-10-27 06:00:00,3.39,0.0
1,2025-10-27 07:00:00,4.38,73.08
1,2025-10-27 08:00:00,6.37,147.45
1,2025-10-27 09:00:00,5.81,191.96
1,2025-10-27 10:00:00,9.09,187.58
1,2025-10-27 11:00:00,7.73,220.7
1,2025-10-27 12:00:00,9.3,209.17
1,2025-10-27 13:00:00,10.05,218.52
1,2025-10-27 14:00:00,10.9,209.71
1,2025-10-27 15:00:00,10.34,140.08
1,2025-10-27 16:00:00,6.46,103.03
1,2025-10-27 17:00:00,7.53,43.93
1,2025-10-27 18:00:00,5.75,0.0
1,2025-10-27 19:00:00,6.86,9.75
1,2025-10-27 20:00:00,3.52,0.0
1,2025-10-27 21:00:00,2.83,0.0
1,2025-10-27 22:00:00,2.37,16.13
1,2025-10-27 23:00:00,2.68,0.2
1,2025-10-28 00:00:00,0.65,8.32
1,2025-10-28 01:00:00,3.02,10.46
1,2025-10-28 02:00:00,2.83,8.22
1,2025-10-28 03:00:00,0.67,0.0
1,2025-10-28 04:00:00,1.73,0.0
1,2025-10-28 05:00:00,2.46,0.0
1,2025-10-28 06:00:00,4.64,25.07
1,2025-10-28 07:00:00,4.17,81.17
1,2025-10-28 08:00:00,5.76,121.19
1,2025-10-28 09:00:00,8.22,181.87
1,2025-10-28 10:00:00,7.33,227.5
1,2025-10-28 11:00:00,9.72,236.38
1,2025-10-28 12:00:00,7.38,213.63
1,2025-10-28 13:00:00,7.71,240.71
1,2025-10-28 14:00:00,9.68,203.75
1,2025-10-28 15:00:00,7.88,179.59
1,2025-10-28 16:00:00,8.34,124.81
1,2025-10-28 17:00:00,8.85,64.96
1,2025-10-28 18:00:00,7.62,21.74
1,2025-10-28 19:00:00,4.42,13.34
1,2025-10-28 20:00:00,2.42,0.0
1,2025-10-28 21:00:00,2.61,1.45
1,2025-10-28 22:00:00,2.18,0.0
1,2025-10-28 23:00:00,1.85,25.64
1,2025-10-29 00:00:00,2.02,0.0
1,2025-10-29 01:00:00,0.7,0.0
1,2025-10-29 02:00:00,3.04,11.24
1,2025-10-29 03:00:00,3.31,0.86
1,2025-10-29 04:00:00,2.94,0.0
1,2025-10-29 05:00:00,3.54,0.0
1,2025-10-29 06:00:00,5.63,8.4
1,2025-10-29 07:00:00,3.33,41.68
1,2025-10-29 08:00:00,6.58,99.36
1,2025-10-29 09:00:00,8.26,137.87
1,2025-10-29 10:00:00,9.48,211.55
1,2025-10-29 11:00:00,8.64,240.68
1,2025-10-29 12:00:00,9.68,197.26
1,2025-10-29 13:00:00,7.5,231.83
1,2025-10-29 14:00:00,7.36,220.67
1,2025-10-29 15:00:00,6.72,179.07
1,2025-10-29 16:00:00,9.31,103.36
1,2025-10-29 17:00:00,7.44,56.94
1,2025-10-29 18:00:00,6.0,9.28
1,2025-10-29 19:00:00,4.16,20.21
1,2025-10-29 20:00:00,5.01,25.49
1,2025-10-29 21:00:00,3.62,0.0
1,2025-10-29 22:00:00,3.51,20.62
1,2025-10-29 23:00:00,-0.2,0.0
1,2025-10-30 00:00:00,1.63,0.0
1,2025-10-30 01:00:00,0.44,25.96
1,2025-10-30 02:00:00,1.57,0.0
1,2025-10-30 03:00:00,2.54,12.59
1,2025-10-30 04:00:00,0.29,0.0
1,2025-10-30 05:00:00,2.2,15.24
1,2025-10-30 06:00:00,3.16,0.0
1,2025-10-30 07:00:00,2.98,65.07
1,2025-10-30 08:00:00,5.89,133.19
1,2025-10-30 09:00:00,8.73,179.88
1,2025-10-30 10:00:00,9.56,213.86
1,2025-10-30 11:00:00,7.01,198.61
1,2025-10-30 12:00:00,8.33,234.78
1,2025-10-30 13:00:00,10.59,209.35
1,2025-10-30 14:00:00,7.46,185.18
1,2025-10-30 15:00:00,9.11,170.95
1,2025-10-30 16:00:00,6.03,89.94
1,2025-10-30 17:00:00,5.6,34.09
1,2025-10-30 18:00:00,4.92,0.0
1,2025-10-30 19:00:00,6.05,0.0
1,2025-10-30 20:00:00,3.42,19.99
1,2025-10-30 21:00:00,3.11,0.0
1,2025-10-30 22:00:00,2.99,13.93
1,2025-10-30 23:00:00,1.24,0.0
1,2025-10-31 00:00:00,1.1,22.66
1,2025-10-31 01:00:00,0.35,18.6
1,2025-10-31 02:00:00,0.62,0.0
1,2025-10-31 03:00:00,1.86,2.09
1,2025-10-31 04:00:00,2.85,25.67
1,2025-10-31 05:00:00,4.29,0.0
1,2025-10-31 06:00:00,5.29,0.0
1,2025-10-31 07:00:00,3.04,84.56
1,2025-10-31 08:00:00,6.9,110.17
1,2025-10-31 09:00:00,5.61,147.64
1,2025-10-31 10:00:00,6.12,212.79
1,2025-10-31 11:00:00,8.16,214.2
1,2025-10-31 12:00:00,6.6,200.18
1,2025-10-31 13:00:00,9.53,216.76
1,2025-10-31 14:00:00,8.89,176.5
1,2025-10-31 15:00:00,7.03,147.46
1,2025-10-31 16:00:00,6.17,119.26
1,2025-10-31 17:00:00,7.64,56.52
1,2025-10-31 18:00:00,7.29,12.22
1,2025-10-31 19:00:00,5.07,17.9
1,2025-10-31 20:00:00,2.07,5.98
1,2025-10-31 21:00:00,2.22,27.99
1,2025-10-31 22:00:00,3.25,0.0
1,2025-10-31 23:00:00,1.41,19.95
1,2025-11-01 00:00:00,-0.69,0.0
1,2025-11-01 01:00:00,-0.99,10.54
1,2025-11-01 02:00:00,-0.1,0.0
1,2025-11-01 03:00:00,2.27,0.0
1,2025-11-01 04:00:00,2.16,11.06
1,2025-11-01 05:00:00,3.93,7.94
1,2025-11-01 06:00:00,3.69,0.0
1,2025-11-01 07:00:00,2.38,65.68
1,2025-11-01 08:00:00,4.5,111.62
1,2025-11-01 09:00:00,4.51,149.93
1,2025-11-01 10:00:00,8.05,168.72
1,2025-11-01 11:00:00,7.63,205.42
1,2025-11-01 12:00:00,7.08,204.16
1,2025-11-01 13:00:00,8.54,227.96
1,2025-11-01 14:00:00,7.62,198.48
1,2025-11-01 15:00:00,9.43,135.82
1,2025-11-01 16:00:00,8.7,95.8
1,2025-11-01 17:00:00,7.51,28.02
1,2025-11-01 18:00:00,5.57,8.91
1,2025-11-01 19:00:00,3.92,0.0
1,2025-11-01 20:00:00,4.21,0.0
1,2025-11-01 21:00:00,1.46,2.45
1,2025-11-01 22:00:00,-0.3,4.31
1,2025-11-01 23:00:00,2.7,0.0
1,2025-11-02 00:00:00,0.75,10.64
1,2025-11-02 01:00:00,-1.84,0.0
1,2025-11-02 02:00:00,1.8,6.28
1,2025-11-02 03:00:00,1.75,0.0
1,2025-11-02 04:00:00,1.9,21.14
1,2025-11-02 05:00:00,3.95,3.32
1,2025-11-02 06:00:00,1.15,0.0
1,2025-11-02 07:00:00,2.29,25.82
1,2025-11-02 08:00:00,4.02,74.67
1,2025-11-02 09:00:00,7.7,171.08
1,2025-11-02 10:00:00,6.37,158.75
1,2025-11-02 11:00:00,8.09,177.43
1,2025-11-02 12:00:00,7.39,179.43
1,2025-11-02 13:00:00,9.62,179.1
1,2025-11-02 14:00:00,7.99,201.04
1,2025-11-02 15:00:00,9.2,141.75
1,2025-11-02 16:00:00,6.6,114.14
1,2025-11-02 17:00:00,5.7,53.17
1,2025-11-02 18:00:00,5.86,0.0
1,2025-11-02 19:00:00,4.03,0.0
1,2025-11-02 20:00:00,3.48,0.0
1,2025-11-02 21:00:00,1.55,0.0
1,2025-11-02 22:00:00,0.56,0.0
1,2025-11-02 23:00:00,-0.98,0.0
1,2025-11-03 00:00:00,-0.81,0.0
1,2025-11-03 01:00:00,-0.76,0.0
1,2025-11-03 02:00:00,0.45,20.38
1,2025-11-03 03:00:00,0.29,0.0
1,2025-11-03 04:00:00,-0.63,0.0
1,2025-11-03 05:00:00,2.98,4.85
1,2025-11-03 06:00:00,4.32,0.0
1,2025-11-03 07:00:00,2.9,80.6
1,2025-11-03 08:00:00,6.37,87.57
1,2025-11-03 09:00:00,4.14,114.88
1,2025-11-03 10:00:00,7.5,149.93
1,2025-11-03 11:00:00,6.11,224.36
1,2025-11-03 12:00:00,7.44,212.08
1,2025-11-03 13:00:00,7.68,172.01
1,2025-11-03 14:00:00,5.8,192.15
1,2025-11-03 15:00:00,5.97,118.54
1,2025-11-03 16:00:00,5.43,118.28
1,2025-11-03 17:00:00,7.85,56.85
1,2025-11-03 18:00:00,5.12,0.0
1,2025-11-03 19:00:00,2.12,0.0
1,2025-11-03 20:00:00,1.69,0.0
1,2025-11-03 21:00:00,0.0,0.0
1,2025-11-03 22:00:00,1.2,16.92
1,2025-11-03 23:00:00,-1.09,0.0
1,2025-11-04 00:00:00,-0.29,14.86
1,2025-11-04 01:00:00,1.45,13.85
1,2025-11-04 02:00:00,0.75,19.6
1,2025-11-04 03:00:00,0.04,23.43
1,2025-11-04 04:00:00,0.92,0.0
1,2025-11-04 05:00:00,3.16,0.0
1,2025-11-04 06:00:00,1.32,0.0
1,2025-11-04 07:00:00,1.78,64.54
1,2025-11-04 08:00:00,6.07,76.31
1,2025-11-04 09:00:00,7.43,143.41
1,2025-11-04 10:00:00,5.77,144.4
1,2025-11-04 11:00:00,6.62,220.78
1,2025-11-04 12:00:00,8.61,212.02
1,2025-11-04 13:00:00,8.89,220.01
1,2025-11-04 14:00:00,6.8,185.36
1,2025-11-04 15:00:00,5.49,146.72
1,2025-11-04 16:00:00,4.73,128.12
1,2025-11-04 17:00:00,4.47,78.48
1,2025-11-04 18:00:00,6.45,6.69
1,2025-11-04 19:00:00,3.06,0.0
1,2025-11-04 20:00:00,2.5,0.0
1,2025-11-04 21:00:00,3.2,0.0
1,2025-11-04 22:00:00,2.69,26.44
1,2025-11-04 23:00:00,0.7,0.0
1,2025-11-05 00:00:00,-0.27,0.0
1,2025-11-05 01:00:00,-1.03,0.0
1,2025-11-05 02:00:00,0.82,0.0
1,2025-11-05 03:00:00,1.69,2.7
1,2025-11-05 04:00:00,0.36,9.77
1,2025-11-05 05:00:00,0.23,21.09
1,2025-11-05 06:00:00,1.31,0.0
1,2025-11-05 07:00:00,4.97,40.15
1,2025-11-05 08:00:00,3.73,84.59
1,2025-11-05 09:00:00,6.86,126.97
1,2025-11-05 10:00:00,7.26,144.68
1,2025-11-05 11:00:00,8.76,164.51
1,2025-11-05 12:00:00,9.05,179.41
1,2025-11-05 13:00:00,7.0,183.38
1,2025-11-05 14:00:00,7.15,161.85
1,2025-11-05 15:00:00,8.34,106.82
1,2025-11-05 16:00:00,6.69,108.33
1,2025-11-05 17:00:00,3.64,26.78
1,2025-11-05 18:00:00,2.93,6.39
1,2025-11-05 19:00:00,4.5,0.0
1,2025-11-05 20:00:00,0.4,0.0
1,2025-11-05 21:00:00,2.37,0.0
1,2025-11-05 22:00:00,-0.57,0.0
1,2025-11-05 23:00:00,0.76,24.86
1,2025-11-06 00:00:00,0.24,0.0
1,2025-11-06 01:00:00,-2.46,3.2
1,2025-11-06 02:00:00,0.53,0.0
1,2025-11-06 03:00:00,0.04,0.24
1,2025-11-06 04:00:00,0.41,1.29
1,2025-11-06 05:00:00,1.47,0.0
1,2025-11-06 06:00:00,2.05,29.45
1,2025-11-06 07:00:00,3.87,52.5
1,2025-11-06 08:00:00,4.55,84.24
1,2025-11-06 09:00:00,4.5,131.84
1,2025-11-06 10:00:00,4.86,182.49
1,2025-11-06 11:00:00,7.89,203.35
1,2025-11-06 12:00:00,8.03,166.49
1,2025-11-06 13:00:00,8.12,208.24
1,2025-11-06 14:00:00,5.19,147.88
1,2025-11-06 15:00:00,4.98,150.45
1,2025-11-06 16:00:00,6.21,98.75
1,2025-11-06 17:00:00,7.07,39.91
1,2025-11-06 18:00:00,5.5,0.0
1,2025-11-06 19:00:00,4.23,1.01
1,2025-11-06 20:00:00,2.93,0.0
1,2025-11-06 21:00:00,2.71,23.16
1,2025-11-06 22:00:00,0.06,0.0
1,2025-11-06 23:00:00,1.49,5.32
1,2025-11-07 00:00:00,-0.15,0.0
1,2025-11-07 01:00:00,0.05,15.27
1,2025-11-07 02:00:00,-1.56,0.0
1,2025-11-07 03:00:00,1.36,0.0
1,2025-11-07 04:00:00,-1.27,16.37
1,2025-11-07 05:00:00,-0.52,0.0
1,2025-11-07 06:00:00,1.71,0.0
1,2025-11-07 07:00:00,3.64,19.96
1,2025-11-07 08:00:00,5.54,113.13
1,2025-11-07 09:00:00,3.06,132.8
1,2025-11-07 10:00:00,4.74,170.65
1,2025-11-07 11:00:00,6.38,152.1
1,2025-11-07 12:00:00,6.01,208.69
1,2025-11-07 13:00:00,5.83,176.28
1,2025-11-07 14:00:00,5.82,167.48
1,2025-11-07 15:00:00,6.02,157.96
1,2025-11-07 16:00:00,7.35,101.75
1,2025-11-07 17:00:00,4.1,47.1
1,2025-11-07 18:00:00,4.61,0.0
1,2025-11-07 19:00:00,4.23,0.0
1,2025-11-07 20:00:00,2.99,13.97
1,2025-11-07 21:00:00,1.44,0.0
1,2025-11-07 22:00:00,-0.26,15.15
1,2025-11-07 23:00:00,0.73,0.0
1,2025-11-08 00:00:00,-2.74,25.27
1,2025-11-08 01:00:00,-1.06,0.0
1,2025-11-08 02:00:00,-2.08,21.85
1,2025-11-08 03:00:00,-0.83,0.0
1,2025-11-08 04:00:00,0.5,0.0
1,2025-11-08 05:00:00,1.13,0.0
1,2025-11-08 06:00:00,2.03,0.0
1,2025-11-08 07:00:00,1.8,63.31
1,2025-11-08 08:00:00,3.9,106.73
1,2025-11-08 09:00:00,5.65,147.6
1,2025-11-08 10:00:00,6.04,163.39
1,2025-11-08 11:00:00,4.8,182.33
1,2025-11-08 12:00:00,8.49,158.39
1,2025-11-08 13:00:00,6.83,189.83
1,2025-11-08 14:00:00,4.78,150.22
1,2025-11-08 15:00:00,6.41,99.59
1,2025-11-08 16:00:00,7.44,111.23
1,2025-11-08 17:00:00,3.11,73.18
1,2025-11-08 18:00:00,4.9,0.0
1,2025-11-08 19:00:00,1.73,0.0
1,2025-11-08 20:00:00,3.45,0.0
1,2025-11-08 21:00:00,0.33,2.11
1,2025-11-08 22:00:00,0.22,22.07
1,2025-11-08 23:00:00,-2.15,0.0
1,2025-11-09 00:00:00,-1.97,0.0
1,2025-11-09 01:00:00,-2.17,27.52
1,2025-11-09 02:00:00,-0.46,5.36
1,2025-11-09 03:00:00,-2.91,16.44
1,2025-11-09 04:00:00,-1.36,0.0
1,2025-11-09 05:00:00,1.08,0.0
1,2025-11-09 06:00:00,1.24,0.0
1,2025-11-09 07:00:00,1.55,49.78
1,2025-11-09 08:00:00,1.75,91.18
1,2025-11-09 09:00:00,3.05,102.44
1,2025-11-09 10:00:00,5.21,141.45
1,2025-11-09 11:00:00,5.17,186.83
1,2025-11-09 12:00:00,7.11,183.74
1,2025-11-09 13:00:00,7.87,162.33
1,2025-11-09 14:00:00,7.3,144.17
1,2025-11-09 15:00:00,7.15,97.33
1,2025-11-09 16:00:00,3.69,112.14
1,2025-11-09 17:00:00,3.56,73.98
1,2025-11-09 18:00:00,4.07,12.63
1,2025-11-09 19:00:00,2.27,0.0
1,2025-11-09 20:00:00,3.04,4.56
1,2025-11-09 21:00:00,2.12,0.0
1,2025-11-09 22:00:00,-0.89,0.0
1,2025-11-09 23:00:00,0.38,0.0
1,2025-11-10 00:00:00,0.01,0.0
1,2025-11-10 01:00:00,-3.39,0.0
1,2025-11-10 02:00:00,-0.07,0.0
1,2025-11-10 03:00:00,0.19,0.0
1,2025-11-10 04:00:00,0.43,0.0
1,2025-11-10 05:00:00,-0.16,0.0
1,2025-11-10 06:00:00,2.71,8.15
1,2025-11-10 07:00:00,2.85,39.49
1,2025-11-10 08:00:00,2.5,68.41
1,2025-11-10 09:00:00,3.16,120.92
1,2025-11-10 10:00:00,5.31,174.85
1,2025-11-10 11:00:00,6.62,157.92
1,2025-11-10 12:00:00,4.83,142.65
1,2025-11-10 13:00:00,5.97,186.47
1,2025-11-10 14:00:00,4.65,166.79
1,2025-11-10 15:00:00,6.48,121.6
1,2025-11-10 16:00:00,3.43,115.04
1,2025-11-10 17:00:00,4.39,16.84
1,2025-11-10 18:00:00,1.34,14.1
1,2025-11-10 19:00:00,3.85,0.0
1,2025-11-10 20:00:00,1.01,0.96
1,2025-11-10 21:00:00,-1.24,15.56
1,2025-11-10 22:00:00,-1.98,0.0
1,2025-11-10 23:00:00,-2.5,2.76
1,2025-11-11 00:00:00,-2.88,0.0
1,2025-11-11 01:00:00,-3.4,17.67
1,2025-11-11 02:00:00,-0.69,0.0
1,2025-11-11 03:00:00,-3.42,0.0
1,2025-11-11 04:00:00,0.97,0.0
1,2025-11-11 05:00:00,-0.86,0.0
1,2025-11-11 06:00:00,-0.8,0.0
1,2025-11-11 07:00:00,1.61,21.39
1,2025-11-11 08:00:00,4.42,74.63
1,2025-11-11 09:00:00,2.91,109.26
1,2025-11-11 10:00:00,4.32,123.07
1,2025-11-11 11:00:00,6.68,145.76
1,2025-11-11 12:00:00,7.78,179.99
1,2025-11-11 13:00:00,5.14,144.37
1,2025-11-11 14:00:00,6.57,140.5
1,2025-11-11 15:00:00,6.91,135.48
1,2025-11-11 16:00:00,2.91,113.28
1,2025-11-11 17:00:00,4.87,33.23
1,2025-11-11 18:00:00,3.43,0.0
1,2025-11-11 19:00:00,3.02,1.19
1,2025-11-11 20:00:00,2.68,0.0
1,2025-11-11 21:00:00,-1.87,10.06
1,2025-11-11 22:00:00,-0.65,5.41
1,2025-11-11 23:00:00,0.41,0.0
1,2025-11-12 00:00:00,-0.29,8.91
1,2025-11-12 01:00:00,-1.83,0.0
1,2025-11-12 02:00:00,-3.2,0.0
1,2025-11-12 03:00:00,-1.61,0.0
1,2025-11-12 04:00:00,-0.15,23.14
1,2025-11-12 05:00:00,-1.51,20.89
1,2025-11-12 06:00:00,2.69,7.21
1,2025-11-12 07:00:00,1.3,36.23
1,2025-11-12 08:00:00,1.67,109.79
1,2025-11-12 09:00:00,2.1,103.84
1,2025-11-12 10:00:00,4.66,162.81
1,2025-11-12 11:00:00,6.11,150.88
1,2025-11-12 12:00:00,5.09,161.31
1,2025-11-12 13:00:00,4.26,151.13
1,2025-11-12 14:00:00,7.34,118.61
1,2025-11-12 15:00:00,4.21,143.61
1,2025-11-12 16:00:00,4.8,62.39
1,2025-11-12 17:00:00,5.43,67.52
1,2025-11-12 18:00:00,2.3,23.45
1,2025-11-12 19:00:00,3.64,0.0
1,2025-11-12 20:00:00,0.52,5.14
1,2025-11-12 21:00:00,-0.69,16.01
1,2025-11-12 22:00:00,0.9,0.0
1,2025-11-12 23:00:00,-2.14,0.0
1,2025-11-13 00:00:00,-4.12,0.0
1,2025-11-13 01:00:00,-2.28,0.0
1,2025-11-13 02:00:00,-2.51,0.0
1,2025-11-13 03:00:00,-0.11,0.0
1,2025-11-13 04:00:00,-2.53,0.0
1,2025-11-13 05:00:00,0.71,29.63
1,2025-11-13 06:00:00,0.53,0.0
1,2025-11-13 07:00:00,0.6,22.34
1,2025-11-13 08:00:00,2.06,68.67
1,2025-11-13 09:00:00,2.54,118.09
1,2025-11-13 10:00:00,4.78,153.62
1,2025-11-13 11:00:00,4.0,179.52
1,2025-11-13 12:00:00,6.17,178.3
1,2025-11-13 13:00:00,4.82,125.99
1,2025-11-13 14:00:00,3.59,115.89
1,2025-11-13 15:00:00,3.18,83.97
1,2025-11-13 16:00:00,4.8,72.97
1,2025-11-13 17:00:00,5.23,49.8
1,2025-11-13 18:00:00,1.17,9.06
1,2025-11-13 19:00:00,2.6,27.24
1,2025-11-13 20:00:00,1.28,20.28
1,2025-11-13 21:00:00,0.33,0.0
1,2025-11-13 22:00:00,-1.22,6.66
1,2025-11-13 23:00:00,-0.63,1.93
1,2025-11-14 00:00:00,-4.14,0.0
1,2025-11-14 01:00:00,-2.64,0.0
1,2025-11-14 02:00:00,-1.79,17.64
1,2025-11-14 03:00:00,-2.09,0.0
1,2025-11-14 04:00:00,-1.77,28.0
1,2025-11-14 05:00:00,-0.01,10.3
1,2025-11-14 06:00:00,0.13,29.09
1,2025-11-14 07:00:00,1.82,42.94
1,2025-11-14 08:00:00,3.22,107.34
1,2025-11-14 09:00:00,2.0,131.8
1,2025-11-14 10:00:00,4.85,113.53
1,2025-11-14 11:00:00,3.22,134.75
1,2025-11-14 12:00:00,6.75,129.11
1,2025-11-14 13:00:00,4.03,157.23
1,2025-11-14 14:00:00,4.79,115.41
1,2025-11-14 15:00:00,3.42,89.59
1,2025-11-14 16:00:00,5.47,72.66
1,2025-11-14 17:00:00,3.85,45.84
1,2025-11-14 18:00:00,3.81,18.37
1,2025-11-14 19:00:00,1.66,21.05
1,2025-11-14 20:00:00,-1.23,0.0
1,2025-11-14 21:00:00,0.36,2.38
1,2025-11-14 22:00:00,-2.73,10.28
1,2025-11-14 23:00:00,-0.77,4.65
1,2025-11-15 00:00:00,-2.95,0.0
1,2025-11-15 01:00:00,-1.58,22.32
1,2025-11-15 02:00:00,-3.82,4.3
1,2025-11-15 03:00:00,-1.16,0.0
1,2025-11-15 04:00:00,0.32,0.0
1,2025-11-15 05:00:00,-1.07,0.0
1,2025-11-15 06:00:00,1.89,0.0
1,2025-11-15 07:00:00,1.1,46.56
1,2025-11-15 08:00:00,3.41,69.76
1,2025-11-15 09:00:00,4.05,96.99
1,2025-11-15 10:00:00,5.47,146.59
1,2025-11-15 11:00:00,3.72,136.45
1,2025-11-15 12:00:00,3.06,170.62
1,2025-11-15 13:00:00,5.62,170.54
1,2025-11-15 14:00:00,3.97,137.52
1,2025-11-15 15:00:00,3.77,102.54
1,2025-11-15 16:00:00,4.0,69.47
1,2025-11-15 17:00:00,4.64,10.17
1,2025-11-15 18:00:00,0.48,0.0
1,2025-11-15 19:00:00,0.62,6.77
1,2025-11-15 20:00:00,1.03,0.0
1,2025-11-15 21:00:00,-0.24,10.05
1,2025-11-15 22:00:00,-2.09,18.34
1,2025-11-15 23:00:00,-0.75,0.0
1,2025-11-16 00:00:00,-1.45,8.33
1,2025-11-16 01:00:00,-3.24,0.0
1,2025-11-16 02:00:00,-3.11,0.0
1,2025-11-16 03:00:00,-2.25,28.25
1,2025-11-16 04:00:00,0.03,0.0
1,2025-11-16 05:00:00,0.17,0.0
1,2025-11-16 06:00:00,-1.05,22.1
1,2025-11-16 07:00:00,2.51,16.55
1,2025-11-16 08:00:00,3.86,77.6
1,2025-11-16 09:00:00,3.59,101.36
1,2025-11-16 10:00:00,5.53,106.7
1,2025-11-16 11:00:00,4.49,162.13
1,2025-11-16 12:00:00,5.91,171.44
1,2025-11-16 13:00:00,4.2,134.0
1,2025-11-16 14:00:00,3.18,129.89
1,2025-11-16 15:00:00,3.9,107.33
1,2025-11-16 16:00:00,3.98,59.08
1,2025-11-16 17:00:00,2.71,33.42
1,2025-11-16 18:00:00,3.78,0.0
1,2025-11-16 19:00:00,0.94,0.0
1,2025-11-16 20:00:00,-0.38,21.25
1,2025-11-16 21:00:00,0.04,0.0
1,2025-11-16 22:00:00,-0.93,0.0
1,2025-11-16 23:00:00,-1.47,0.0
1,2025-11-17 00:00:00,-3.58,0.0
1,2025-11-17 01:00:00,-3.05,9.75
1,2025-11-17 02:00:00,-3.5,0.32
1,2025-11-17 03:00:00,-2.62,1.19
1,2025-11-17 04:00:00,-2.55,0.0
1,2025-11-17 05:00:00,-0.51,0.0
1,2025-11-17 06:00:00,-1.84,3.75
1,2025-11-17 07:00:00,0.4,12.69
1,2025-11-17 08:00:00,1.41,90.05
1,2025-11-17 09:00:00,2.22,116.52
1,2025-11-17 10:00:00,4.59,117.65
1,2025-11-17 11:00:00,2.68,155.54
1,2025-11-17 12:00:00,6.34,131.98
1,2025-11-17 13:00:00,3.7,142.75
1,2025-11-17 14:00:00,3.91,119.42
1,2025-11-17 15:00:00,2.85,77.02
1,2025-11-17 16:00:00,1.64,100.83
1,2025-11-17 17:00:00,4.7,13.62
1,2025-11-17 18:00:00,1.54,0.0
1,2025-11-17 19:00:00,1.58,0.0
1,2025-11-17 20:00:00,-1.6,0.0
1,2025-11-17 21:00:00,0.76,0.0
1,2025-11-17 22:00:00,-1.54,0.0
1,2025-11-17 23:00:00,-3.23,0.0
1,2025-11-18 00:00:00,-4.07,19.84
1,2025-11-18 01:00:00,-2.27,28.09
1,2025-11-18 02:00:00,-4.51,0.0
1,2025-11-18 03:00:00,-3.9,0.0
1,2025-11-18 04:00:00,-3.62,0.0
1,2025-11-18 05:00:00,-0.47,10.9
1,2025-11-18 06:00:00,-1.63,0.0
1,2025-11-18 07:00:00,0.29,18.63
1,2025-11-18 08:00:00,1.2,59.56
1,2025-11-18 09:00:00,3.6,112.74
1,2025-11-18 10:00:00,2.75,118.33
1,2025-11-18 11:00:00,4.65,106.64
1,2025-11-18 12:00:00,2.88,153.38
1,2025-11-18 13:00:00,5.57,152.24
1,2025-11-18 14:00:00,2.48,92.0
1,2025-11-18 15:00:00,5.39,107.9
1,2025-11-18 16:00:00,2.35,66.43
1,2025-11-18 17:00:00,1.81,61.97
1,2025-11-18 18:00:00,0.58,0.0
1,2025-11-18 19:00:00,2.28,5.14
1,2025-11-18 20:00:00,-0.68,0.0
1,2025-11-18 21:00:00,-3.32,29.74
1,2025-11-18 22:00:00,-2.64,2.68
1,2025-11-18 23:00:00,-3.09,6.56
1,2025-11-19 00:00:00,-2.24,3.43
1,2025-11-19 01:00:00,-5.11,0.0
1,2025-11-19 02:00:00,-2.73,0.0
1,2025-11-19 03:00:00,-2.49,18.77
1,2025-11-19 04:00:00,-4.23,0.0
1,2025-11-19 05:00:00,-1.29,0.0
1,2025-11-19 06:00:00,0.75,0.0
1,2025-11-19 07:00:00,1.58,20.1
1,2025-11-19 08:00:00,1.73,46.18
1,2025-11-19 09:00:00,0.79,102.62
1,2025-11-19 10:00:00,2.62,139.13
1,2025-11-19 11:00:00,3.15,129.53
1,2025-11-19 12:00:00,6.03,109.02
1,2025-11-19 13:00:00,3.53,132.37
1,2025-11-19 14:00:00,3.06,105.63
1,2025-11-19 15:00:00,5.09,85.91
1,2025-11-19 16:00:00,1.68,63.15
1,2025-11-19 17:00:00,2.0,23.27
1,2025-11-19 18:00:00,-0.01,0.0
1,2025-11-19 19:00:00,-0.47,0.0
1,2025-11-19 20:00:00,-1.96,21.78
1,2025-11-19 21:00:00,-2.0,5.32
1,2025-11-19 22:00:00,-0.57,0.0
1,2025-11-19 23:00:00,-1.97,18.39
1,2025-11-20 00:00:00,-2.5,12.31
1,2025-11-20 01:00:00,-3.85,26.52
1,2025-11-20 02:00:00,-1.77,0.0
1,2025-11-20 03:00:00,-4.56,1.12
1,2025-11-20 04:00:00,-4.61,0.0
1,2025-11-20 05:00:00,-1.33,0.0
1,2025-11-20 06:00:00,-1.72,21.48
1,2025-11-20 07:00:00,-0.52,32.71
1,2025-11-20 08:00:00,2.43,77.5
1,2025-11-20 09:00:00,4.02,100.59
1,2025-11-20 10:00:00,2.23,97.86
1,2025-11-20 11:00:00,2.96,132.27
1,2025-11-20 12:00:00,3.93,122.79
1,2025-11-20 13:00:00,2.22,135.91
1,2025-11-20 14:00:00,2.25,90.27
1,2025-11-20 15:00:00,3.88,100.98
1,2025-11-20 16:00:00,2.15,74.02
1,2025-11-20 17:00:00,2.94,8.28
1,2025-11-20 18:00:00,-0.54,22.41
1,2025-11-20 19:00:00,1.95,28.33
1,2025-11-20 20:00:00,-0.79,0.0
1,2025-11-20 21:00:00,-2.33,0.0
1,2025-11-20 22:00:00,-3.69,0.0
1,2025-11-20 23:00:00,-4.17,8.39
1,2025-11-21 00:00:00,-3.99,0.0
1,2025-11-21 01:00:00,-2.06,27.94
1,2025-11-21 02:00:00,-3.18,0.0
1,2025-11-21 03:00:00,-1.61,0.0
1,2025-11-21 04:00:00,-4.34,0.0
1,2025-11-21 05:00:00,-2.41,0.0
1,2025-11-21 06:00:00,-0.35,0.0
1,2025-11-21 07:00:00,-0.17,39.61
1,2025-11-21 08:00:00,2.8,35.92
1,2025-11-21 09:00:00,0.93,118.37
1,2025-11-21 10:00:00,4.45,88.21
1,2025-11-21 11:00:00,2.37,101.48
1,2025-11-21 12:00:00,3.27,147.26
1,2025-11-21 13:00:00,4.59,143.31
1,2025-11-21 14:00:00,3.49,114.62
1,2025-11-21 15:00:00,1.81,67.85
1,2025-11-21 16:00:00,4.48,77.28
1,2025-11-21 17:00:00,1.44,52.21
1,2025-11-21 18:00:00,2.49,24.66
1,2025-11-21 19:00:00,-0.66,12.89
1,2025-11-21 20:00:00,-0.11,6.17
1,2025-11-21 21:00:00,-3.16,7.67
1,2025-11-21 22:00:00,-1.14,16.32
1,2025-11-21 23:00:00,-2.8,0.0
1,2025-11-22 00:00:00,-5.08,11.33
1,2025-11-22 01:00:00,-2.88,6.96
1,2025-11-22 02:00:00,-3.35,25.35
1,2025-11-22 03:00:00,-2.88,0.0
1,2025-11-22 04:00:00,-2.03,0.81
1,2025-11-22 05:00:00,-0.75,24.26
1,2025-11-22 06:00:00,-0.88,15.7
1,2025-11-22 07:00:00,-1.27,50.91
1,2025-11-22 08:00:00,0.51,52.01
1,2025-11-22 09:00:00,3.15,89.48
1,2025-11-22 10:00:00,2.07,123.86
1,2025-11-22 11:00:00,3.17,148.69
1,2025-11-22 12:00:00,4.58,157.64
1,2025-11-22 13:00:00,5.32,146.37
1,2025-11-22 14:00:00,5.17,106.95
1,2025-11-22 15:00:00,2.68,115.85
1,2025-11-22 16:00:00,3.96,61.56
1,2025-11-22 17:00:00,1.78,39.79
1,2025-11-22 18:00:00,0.74,26.04
1,2025-11-22 19:00:00,-1.93,4.34
1,2025-11-22 20:00:00,-2.75,0.0
1,2025-11-22 21:00:00,-2.36,0.0
1,2025-11-22 22:00:00,-3.45,4.52
1,2025-11-22 23:00:00,-3.55,0.0
1,2025-11-23 00:00:00,-4.51,23.06
1,2025-11-23 01:00:00,-4.68,2.4
1,2025-11-23 02:00:00,-5.75,0.0
1,2025-11-23 03:00:00,-5.76,0.0
1,2025-11-23 04:00:00,-3.51,18.65
1,2025-11-23 05:00:00,-1.93,13.04
1,2025-11-23 06:00:00,-2.53,0.0
1,2025-11-23 07:00:00,-1.3,54.63
1,2025-11-23 08:00:00,1.12,90.11
1,2025-11-23 09:00:00,1.61,109.48
1,2025-11-23 10:00:00,2.68,132.32
1,2025-11-23 11:00:00,1.31,97.85
1,2025-11-23 12:00:00,2.33,123.67
1,2025-11-23 13:00:00,3.13,113.08
1,2025-11-23 14:00:00,5.08,100.76
1,2025-11-23 15:00:00,2.94,76.13
1,2025-11-23 16:00:00,2.13,82.68
1,2025-11-23 17:00:00,1.27,27.74
1,2025-11-23 18:00:00,1.36,0.0
1,2025-11-23 19:00:00,-2.02,16.88
1,2025-11-23 20:00:00,-2.16,24.79
1,2025-11-23 21:00:00,-1.03,0.0
1,2025-11-23 22:00:00,-2.08,0.0
1,2025-11-23 23:00:00,-4.11,10.89
1,2025-11-24 00:00:00,-3.94,0.0
1,2025-11-24 01:00:00,-2.75,0.0
1,2025-11-24 02:00:00,-4.48,13.78
1,2025-11-24 03:00:00,-3.96,18.09
1,2025-11-24 04:00:00,-3.08,15.82
1,2025-11-24 05:00:00,-2.02,0.0
1,2025-11-24 06:00:00,-1.5,0.0
1,2025-11-24 07:00:00,0.06,51.32
1,2025-11-24 08:00:00,1.05,43.78
1,2025-11-24 09:00:00,3.34,78.32
1,2025-11-24 10:00:00,2.92,124.06
1,2025-11-24 11:00:00,1.03,130.84
1,2025-11-24 12:00:00,2.42,118.28
1,2025-11-24 13:00:00,4.08,107.05
1,2025-11-24 14:00:00,1.74,87.98
1,2025-11-24 15:00:00,1.58,95.46
1,2025-11-24 16:00:00,0.63,67.04
1,2025-11-24 17:00:00,2.61,20.67
1,2025-11-24 18:00:00,2.17,0.0
1,2025-11-24 19:00:00,-2.38,21.69
1,2025-11-24 20:00:00,-3.27,0.0
1,2025-11-24 21:00:00,-3.8,12.62
1,2025-11-24 22:00:00,-4.09,0.0
1,2025-11-24 23:00:00,-4.31,5.83
1,2025-11-25 00:00:00,-3.67,10.23
1,2025-11-25 01:00:00,-4.75,14.97
1,2025-11-25 02:00:00,-5.7,0.0
1,2025-11-25 03:00:00,-5.91,12.46
1,2025-11-25 04:00:00,-4.68,4.56
1,2025-11-25 05:00:00,-1.29,0.0
1,2025-11-25 06:00:00,-1.72,8.67
1,2025-11-25 07:00:00,-1.02,48.98
1,2025-11-25 08:00:00,-1.1,66.34
1,2025-11-25 09:00:00,2.46,73.56
1,2025-11-25 10:00:00,0.55,95.89
1,2025-11-25 11:00:00,1.61,141.31
1,2025-11-25 12:00:00,4.72,146.81
1,2025-11-25 13:00:00,5.16,85.67
1,2025-11-25 14:00:00,2.06,122.11
1,2025-11-25 15:00:00,3.14,85.32
1,2025-11-25 16:00:00,1.73,51.09
1,2025-11-25 17:00:00,2.29,36.57
1,2025-11-25 18:00:00,-0.82,0.0
1,2025-11-25 19:00:00,-1.5,0.0
1,2025-11-25 20:00:00,-3.03,0.0
1,2025-11-25 21:00:00,-2.95,18.43
1,2025-11-25 22:00:00,-2.22,6.25
1,2025-11-25 23:00:00,-3.37,0.0
1,2025-11-26 00:00:00,-4.46,11.87
1,2025-11-26 01:00:00,-5.19,0.0
1,2025-11-26 02:00:00,-5.86,23.42
1,2025-11-26 03:00:00,-3.36,0.0
1,2025-11-26 04:00:00,-5.22,0.0
1,2025-11-26 05:00:00,-3.18,0.0
1,2025-11-26 06:00:00,-0.42,0.0
1,2025-11-26 07:00:00,0.02,46.25
1,2025-11-26 08:00:00,1.13,55.34
1,2025-11-26 09:00:00,-0.39,99.65
1,2025-11-26 10:00:00,0.15,114.09
1,2025-11-26 11:00:00,2.44,117.21
1,2025-11-26 12:00:00,4.48,116.9
1,2025-11-26 13:00:00,2.05,103.2
1,2025-11-26 14:00:00,2.11,107.21
1,2025-11-26 15:00:00,1.37,105.5
1,2025-11-26 16:00:00,3.54,79.71
1,2025-11-26 17:00:00,2.74,15.73
1,2025-11-26 18:00:00,0.95,0.0
1,2025-11-26 19:00:00,-2.45,29.57
1,2025-11-26 20:00:00,-2.0,27.9
1,2025-11-26 21:00:00,-1.92,6.59
1,2025-11-26 22:00:00,-4.4,29.98
1,2025-11-26 23:00:00,-4.42,15.37
1,2025-11-27 00:00:00,-3.68,14.77
1,2025-11-27 01:00:00,-6.48,0.0
1,2025-11-27 02:00:00,-5.81,7.41
1,2025-11-27 03:00:00,-5.36,5.15
1,2025-11-27 04:00:00,-2.86,11.71
1,2025-11-27 05:00:00,-1.58,26.57
1,2025-11-27 06:00:00,-3.52,0.0
1,2025-11-27 07:00:00,-0.1,20.02
1,2025-11-27 08:00:00,1.19,73.07
1,2025-11-27 09:00:00,1.95,54.73
1,2025-11-27 10:00:00,1.01,122.65
1,2025-11-27 11:00:00,3.09,139.28
1,2025-11-27 12:00:00,4.37,100.47
1,2025-11-27 13:00:00,4.36,99.82
1,2025-11-27 14:00:00,2.13,95.73
1,2025-11-27 15:00:00,1.57,53.01
1,2025-11-27 16:00:00,0.07,40.36
1,2025-11-27 17:00:00,-0.61,28.01
1,2025-11-27 18:00:00,-1.78,0.0
1,2025-11-27 19:00:00,-1.3,0.0
1,2025-11-27 20:00:00,-3.1,29.4
1,2025-11-27 21:00:00,-2.16,22.66
1,2025-11-27 22:00:00,-5.46,0.0
1,2025-11-27 23:00:00,-6.48,3.61
1,2025-11-28 00:00:00,-3.23,0.0
1,2025-11-28 01:00:00,-4.74,0.0
1,2025-11-28 02:00:00,-4.49,28.72
1,2025-11-28 03:00:00,-5.79,0.0
1,2025-11-28 04:00:00,-3.36,22.42
1,2025-11-28 05:00:00,-1.63,21.22
1,2025-11-28 06:00:00,-3.64,0.0
1,2025-11-28 07:00:00,-1.04,19.18
1,2025-11-28 08:00:00,0.63,43.52
1,2025-11-28 09:00:00,-0.12,95.74
1,2025-11-28 10:00:00,0.67,109.98
1,2025-11-28 11:00:00,3.25,98.1
1,2025-11-28 12:00:00,2.77,120.6
1,2025-11-28 13:00:00,2.86,134.98
1,2025-11-28 14:00:00,2.64,116.83
1,2025-11-28 15:00:00,1.13,87.44
1,2025-11-28 16:00:00,0.43,36.37
1,2025-11-28 17:00:00,0.21,43.45
1,2025-11-28 18:00:00,0.89,16.43
1,2025-11-28 19:00:00,-3.02,5.85
1,2025-11-28 20:00:00,-1.01,3.37
1,2025-11-28 21:00:00,-4.83,14.38
1,2025-11-28 22:00:00,-4.86,27.4
1,2025-11-28 23:00:00,-3.07,14.98
1,2025-11-29 00:00:00,-6.57,18.61
1,2025-11-29 01:00:00,-6.43,0.0
1,2025-11-29 02:00:00,-4.56,7.39
1,2025-11-29 03:00:00,-5.83,0.0
1,2025-11-29 04:00:00,-4.25,0.0
1,2025-11-29 05:00:00,-5.0,11.42
1,2025-11-29 06:00:00,-4.09,0.0
1,2025-11-29 07:00:00,-0.9,2.46
1,2025-11-29 08:00:00,-1.54,62.65
1,2025-11-29 09:00:00,1.92,89.98
1,2025-11-29 10:00:00,3.18,68.09
1,2025-11-29 11:00:00,3.27,99.31
1,2025-11-29 12:00:00,0.43,82.94
1,2025-11-29 13:00:00,2.6,125.83
1,2025-11-29 14:00:00,4.28,108.22
1,2025-11-29 15:00:00,1.28,97.8
1,2025-11-29 16:00:00,1.55,83.64
1,2025-11-29 17:00:00,0.66,7.89
1,2025-11-29 18:00:00,-1.14,0.0
1,2025-11-29 19:00:00,0.1,5.9
1,2025-11-29 20:00:00,-4.06,0.0
1,2025-11-29 21:00:00,-4.37,17.57
1,2025-11-29 22:00:00,-4.68,0.0
1,2025-11-29 23:00:00,-5.13,29.94
1,2025-11-30 00:00:00,-7.19,0.0
1,2025-11-30 01:00:00,-5.45,0.0
1,2025-11-30 02:00:00,-6.25,0.0
1,2025-11-30 03:00:00,-5.45,0.0
1,2025-11-30 04:00:00,-6.24,0.0
1,2025-11-30 05:00:00,-3.98,0.0
1,2025-11-30 06:00:00,-1.73,0.0
1,2025-11-30 07:00:00,-3.62,19.1
1,2025-11-30 08:00:00,-0.47,79.92
1,2025-11-30 09:00:00,1.87,46.2
1,2025-11-30 10:00:00,0.08,111.84
1,2025-11-30 11:00:00,3.16,102.72
1,2025-11-30 12:00:00,3.43,82.79
1,2025-11-30 13:00:00,3.33,119.06
1,2025-11-30 14:00:00,1.18,120.31
1,2025-11-30 15:00:00,2.02,92.97
1,2025-11-30 16:00:00,2.52,34.87
1,2025-11-30 17:00:00,-1.42,6.86
1,2025-11-30 18:00:00,-0.05,0.0
1,2025-11-30 19:00:00,-1.98,6.48
1,2025-11-30 20:00:00,-1.54,0.0
1,2025-11-30 21:00:00,-3.66,0.0
1,2025-11-30 22:00:00,-2.75,1.43
1,2025-11-30 23:00:00,-5.89,0.0
1,2025-12-01 00:00:00,-5.79,0.0
1,2025-12-01 01:00:00,-7.0,0.0
1,2025-12-01 02:00:00,-6.0,0.0
1,2025-12-01 03:00:00,-3.7,0.0
1,2025-12-01 04:00:00,-5.81,0.0
1,2025-12-01 05:00:00,-4.16,0.0
1,2025-12-01 06:00:00,-2.03,0.0
1,2025-12-01 07:00:00,-0.84,20.65
1,2025-12-01 08:00:00,0.11,31.15
1,2025-12-01 09:00:00,-0.56,44.79
1,2025-12-01 10:00:00,-0.61,101.07
1,2025-12-01 11:00:00,0.55,104.15
1,2025-12-01 12:00:00,0.27,118.39
1,2025-12-01 13:00:00,3.93,96.35
1,2025-12-01 14:00:00,0.29,95.12
1,2025-12-01 15:00:00,1.57,52.33
1,2025-12-01 16:00:00,0.32,48.28
1,2025-12-01 17:00:00,0.42,29.46
1,2025-12-01 18:00:00,0.23,0.0
1,2025-12-01 19:00:00,-0.67,7.71
1,2025-12-01 20:00:00,-2.41,16.31
1,2025-12-01 21:00:00,-2.52,0.0
1,2025-12-01 22:00:00,-3.34,0.0
1,2025-12-01 23:00:00,-5.24,0.0
1,2025-12-02 00:00:00,-4.22,0.0
1,2025-12-02 01:00:00,-4.46,21.31
1,2025-12-02 02:00:00,-4.44,22.95
1,2025-12-02 03:00:00,-5.34,26.94
1,2025-12-02 04:00:00,-2.87,13.7
1,2025-12-02 05:00:00,-3.22,23.48
1,2025-12-02 06:00:00,-2.93,0.0
1,2025-12-02 07:00:00,-2.71,18.78
1,2025-12-02 08:00:00,-1.41,35.29
1,2025-12-02 09:00:00,0.69,54.48
1,2025-12-02 10:00:00,2.32,72.42
1,2025-12-02 11:00:00,0.84,84.96
1,2025-12-02 12:00:00,3.27,130.12
1,2025-12-02 13:00:00,2.39,115.38
1,2025-12-02 14:00:00,0.96,91.79
1,2025-12-02 15:00:00,3.45,97.0
1,2025-12-02 16:00:00,1.32,30.07
1,2025-12-02 17:00:00,-0.08,39.14
1,2025-12-02 18:00:00,0.36,7.48
1,2025-12-02 19:00:00,-0.29,18.97
1,2025-12-02 20:00:00,-2.75,0.0
1,2025-12-02 21:00:00,-4.08,0.0
1,2025-12-02 22:00:00,-4.18,0.0
1,2025-12-02 23:00:00,-4.33,8.01
1,2025-12-03 00:00:00,-6.73,0.0
1,2025-12-03 01:00:00,-7.87,0.0
1,2025-12-03 02:00:00,-7.27,6.61
1,2025-12-03 03:00:00,-7.5,0.0
1,2025-12-03 04:00:00,-3.9,0.0
1,2025-12-03 05:00:00,-5.46,22.22
1,2025-12-03 06:00:00,-4.83,0.81
1,2025-12-03 07:00:00,-0.9,39.8
1,2025-12-03 08:00:00,-1.25,79.05
1,2025-12-03 09:00:00,-0.36,54.18
1,2025-12-03 10:00:00,1.75,75.51
1,2025-12-03 11:00:00,1.91,98.2
1,2025-12-03 12:00:00,1.98,129.22
1,2025-12-03 13:00:00,0.2,101.19
1,2025-12-03 14:00:00,1.17,76.83
1,2025-12-03 15:00:00,2.88,85.86
1,2025-12-03 16:00:00,1.54,49.51
1,2025-12-03 17:00:00,1.18,53.11
1,2025-12-03 18:00:00,-1.03,0.0
1,2025-12-03 19:00:00,-0.12,16.99
1,2025-12-03 20:00:00,-3.03,26.6
1,2025-12-03 21:00:00,-2.34,0.0
1,2025-12-03 22:00:00,-5.55,0.0
1,2025-12-03 23:00:00,-5.49,2.5
1,2025-12-04 00:00:00,-6.51,0.0
1,2025-12-04 01:00:00,-4.46,0.0
1,2025-12-04 02:00:00,-4.61,23.26
1,2025-12-04 03:00:00,-6.56,0.0
1,2025-12-04 04:00:00,-5.76,26.54
1,2025-12-04 05:00:00,-2.5,2.15
1,2025-12-04 06:00:00,-3.58,0.0
1,2025-12-04 07:00:00,-0.7,23.91
1,2025-12-04 08:00:00,-3.1,62.23
1,2025-12-04 09:00:00,-0.81,46.2
1,2025-12-04 10:00:00,-0.29,76.23
1,2025-12-04 11:00:00,0.24,111.64
1,2025-12-04 12:00:00,-0.28,76.82
1,2025-12-04 13:00:00,0.78,75.56
1,2025-12-04 14:00:00,3.2,110.03
1,2025-12-04 15:00:00,2.68,86.23
1,2025-12-04 16:00:00,0.69,31.37
1,2025-12-04 17:00:00,-1.45,38.12
1,2025-12-04 18:00:00,-2.41,0.0
1,2025-12-04 19:00:00,-2.66,0.0
1,2025-12-04 20:00:00,-3.35,0.0
1,2025-12-04 21:00:00,-2.91,12.34
1,2025-12-04 22:00:00,-5.95,8.73
1,2025-12-04 23:00:00,-5.42,12.73
1,2025-12-05 00:00:00,-8.08,26.4
1,2025-12-05 01:00:00,-4.4,0.0
1,2025-12-05 02:00:00,-5.17,29.95
1,2025-12-05 03:00:00,-6.84,20.18
1,2025-12-05 04:00:00,-3.34,0.0
1,2025-12-05 05:00:00,-5.02,0.0
1,2025-12-05 06:00:00,-3.67,0.0
1,2025-12-05 07:00:00,-1.18,34.02
1,2025-12-05 08:00:00,-1.34,76.72
1,2025-12-05 09:00:00,0.78,89.34
1,2025-12-05 10:00:00,-0.03,73.0
1,2025-12-05 11:00:00,0.72,107.89
1,2025-12-05 12:00:00,3.35,108.19
1,2025-12-05 13:00:00,0.59,97.99
1,2025-12-05 14:00:00,-0.19,102.5
1,2025-12-05 15:00:00,0.63,53.16
1,2025-12-05 16:00:00,-0.26,42.19
1,2025-12-05 17:00:00,-0.82,7.6
1,2025-12-05 18:00:00,-0.32,22.72
1,2025-12-05 19:00:00,-1.05,0.0
1,2025-12-05 20:00:00,-4.24,0.0
1,2025-12-05 21:00:00,-4.82,0.0
1,2025-12-05 22:00:00,-3.46,0.0
1,2025-12-05 23:00:00,-5.08,25.71
1,2025-12-06 00:00:00,-6.83,0.0
1,2025-12-06 01:00:00,-5.19,0.0
1,2025-12-06 02:00:00,-6.39,13.21
1,2025-12-06 03:00:00,-6.04,0.0
1,2025-12-06 04:00:00,-4.03,0.0
1,2025-12-06 05:00:00,-4.68,6.93
1,2025-12-06 06:00:00,-4.62,0.0
1,2025-12-06 07:00:00,-0.96,39.51
1,2025-12-06 08:00:00,-0.08,52.66
1,2025-12-06 09:00:00,1.25,88.21
1,2025-12-06 10:00:00,-0.02,100.86
1,2025-12-06 11:00:00,0.49,116.78
1,2025-12-06 12:00:00,1.49,120.11
1,2025-12-06 13:00:00,1.57,97.32
1,2025-12-06 14:00:00,-0.05,96.58
1,2025-12-06 15:00:00,1.12,75.55
1,2025-12-06 16:00:00,2.21,23.37
1,2025-12-06 17:00:00,0.12,23.61
1,2025-12-06 18:00:00,-3.43,23.98
1,2025-12-06 19:00:00,-1.58,0.0
1,2025-12-06 20:00:00,-3.47,0.0
1,2025-12-06 21:00:00,-5.56,0.0
1,2025-12-06 22:00:00,-5.66,13.43
1,2025-12-06 23:00:00,-4.01,0.0
1,2025-12-07 00:00:00,-8.12,0.0
1,2025-12-07 01:00:00,-4.79,0.0
1,2025-12-07 02:00:00,-4.68,0.0
1,2025-12-07 03:00:00,-6.24,23.65
1,2025-12-07 04:00:00,-6.6,26.44
1,2025-12-07 05:00:00,-6.32,23.73
1,2025-12-07 06:00:00,-4.01,0.0
1,2025-12-07 07:00:00,-1.03,15.18
1,2025-12-07 08:00:00,-0.91,66.84
1,2025-12-07 09:00:00,-2.54,82.16
1,2025-12-07 10:00:00,-1.77,105.18
1,2025-12-07 11:00:00,2.1,64.82
1,2025-12-07 12:00:00,0.52,104.27
1,2025-12-07 13:00:00,2.25,65.45
1,2025-12-07 14:00:00,0.8,106.44
1,2025-12-07 15:00:00,0.67,95.96
1,2025-12-07 16:00:00,0.68,40.69
1,2025-12-07 17:00:00,-1.19,24.38
1,2025-12-07 18:00:00,-1.77,0.0
1,2025-12-07 19:00:00,-3.81,0.0
1,2025-12-07 20:00:00,-3.07,19.96
1,2025-12-07 21:00:00,-5.78,5.32
1,2025-12-07 22:00:00,-5.24,12.07
1,2025-12-07 23:00:00,-4.72,2.73
1,2025-12-08 00:00:00,-5.7,22.29
1,2025-12-08 01:00:00,-5.97,1.51
1,2025-12-08 02:00:00,-7.35,0.0
1,2025-12-08 03:00:00,-5.64,25.13
1,2025-12-08 04:00:00,-4.94,0.0
1,2025-12-08 05:00:00,-2.88,0.0
1,2025-12-08 06:00:00,-2.59,0.0
1,2025-12-08 07:00:00,-4.58,21.32
1,2025-12-08 08:00:00,-2.42,58.4
1,2025-12-08 09:00:00,-0.7,72.89
1,2025-12-08 10:00:00,0.32,105.83
1,2025-12-08 11:00:00,0.95,75.48
1,2025-12-08 12:00:00,2.43,82.11
1,2025-12-08 13:00:00,-0.63,93.79
1,2025-12-08 14:00:00,0.75,99.51
1,2025-12-08 15:00:00,2.59,94.31
1,2025-12-08 16:00:00,-0.03,48.2
1,2025-12-08 17:00:00,-1.51,7.78
1,2025-12-08 18:00:00,-3.62,3.73
1,2025-12-08 19:00:00,-1.75,0.0
1,2025-12-08 20:00:00,-3.43,0.0
1,2025-12-08 21:00:00,-4.1,0.0
1,2025-12-08 22:00:00,-4.64,0.0
1,2025-12-08 23:00:00,-4.97,0.0
1,2025-12-09 00:00:00,-5.42,0.0
1,2025-12-09 01:00:00,-5.17,0.0
1,2025-12-09 02:00:00,-7.34,21.81
1,2025-12-09 03:00:00,-6.99,0.0
1,2025-12-09 04:00:00,-5.84,0.0
1,2025-12-09 05:00:00,-3.8,3.86
1,2025-12-09 06:00:00,-3.58,20.83
1,2025-12-09 07:00:00,-3.9,8.58
1,2025-12-09 08:00:00,-2.68,20.66
1,2025-12-09 09:00:00,-1.25,82.13
1,2025-12-09 10:00:00,-1.9,60.88
1,2025-12-09 11:00:00,2.44,65.44
1,2025-12-09 12:00:00,1.41,72.99
1,2025-12-09 13:00:00,2.81,86.15
1,2025-12-09 14:00:00,1.66,64.67
1,2025-12-09 15:00:00,1.52,42.82
1,2025-12-09 16:00:00,-1.4,37.82
1,2025-12-09 17:00:00,0.55,9.8
1,2025-12-09 18:00:00,-1.95,19.84
1,2025-12-09 19:00:00,-3.83,5.57
1,2025-12-09 20:00:00,-5.98,0.0
1,2025-12-09 21:00:00,-4.2,0.86
1,2025-12-09 22:00:00,-3.82,0.0
1,2025-12-09 23:00:00,-6.28,0.0
1,2025-12-10 00:00:00,-8.83,0.0
1,2025-12-10 01:00:00,-7.46,0.0
1,2025-12-10 02:00:00,-7.3,0.0
1,2025-12-10 03:00:00,-7.49,0.0
1,2025-12-10 04:00:00,-7.47,10.88
1,2025-12-10 05:00:00,-6.64,29.12
1,2025-12-10 06:00:00,-5.24,11.09
1,2025-12-10 07:00:00,-1.74,47.89
1,2025-12-10 08:00:00,-0.94,33.45
1,2025-12-10 09:00:00,-0.08,83.33
1,2025-12-10 10:00:00,1.67,106.17
1,2025-12-10 11:00:00,-1.01,60.32
1,2025-12-10 12:00:00,0.02,106.66
1,2025-12-10 13:00:00,0.99,67.49
1,2025-12-10 14:00:00,1.8,50.71
1,2025-12-10 15:00:00,1.4,88.38
1,2025-12-10 16:00:00,1.52,36.93
1,2025-12-10 17:00:00,0.42,44.69
1,2025-12-10 18:00:00,-3.06,11.14
1,2025-12-10 19:00:00,-2.46,0.0
1,2025-12-10 20:00:00,-3.55,0.0
1,2025-12-10 21:00:00,-3.22,0.0
1,2025-12-10 22:00:00,-7.77,17.37
1,2025-12-10 23:00:00,-6.31,0.0
1,2025-12-11 00:00:00,-8.62,0.0
1,2025-12-11 01:00:00,-5.63,0.0
1,2025-12-11 02:00:00,-7.74,7.34
1,2025-12-11 03:00:00,-7.05,2.47
1,2025-12-11 04:00:00,-7.03,0.0
1,2025-12-11 05:00:00,-5.3,21.1
1,2025-12-11 06:00:00,-3.1,0.0
1,2025-12-11 07:00:00,-4.04,12.3
1,2025-12-11 08:00:00,-1.94,22.34
1,2025-12-11 09:00:00,-0.71,74.17
1,2025-12-11 10:00:00,-1.87,74.36
1,2025-12-11 11:00:00,1.91,67.22
1,2025-12-11 12:00:00,0.88,99.5
1,2025-12-11 13:00:00,-0.46,73.21
1,2025-12-11 14:00:00,0.91,81.02
1,2025-12-11 15:00:00,1.09,74.16
1,2025-12-11 16:00:00,-1.3,22.75
1,2025-12-11 17:00:00,0.4,43.59
1,2025-12-11 18:00:00,-3.59,24.94
1,2025-12-11 19:00:00,-1.63,0.0
1,2025-12-11 20:00:00,-4.28,0.0
1,2025-12-11 21:00:00,-6.95,16.54
1,2025-12-11 22:00:00,-7.77,1.7
1,2025-12-11 23:00:00,-6.41,0.95
1,2025-12-12 00:00:00,-7.16,0.0
1,2025-12-12 01:00:00,-8.44,23.61
1,2025-12-12 02:00:00,-8.74,22.89
1,2025-12-12 03:00:00,-7.02,0.0
1,2025-12-12 04:00:00,-7.3,0.0
1,2025-12-12 05:00:00,-6.19,29.63
1,2025-12-12 06:00:00,-4.39,16.93
1,2025-12-12 07:00:00,-4.56,40.95
1,2025-12-12 08:00:00,-0.87,18.94
1,2025-12-12 09:00:00,-0.62,70.28
1,2025-12-12 10:00:00,-1.61,78.53
1,2025-12-12 11:00:00,-1.81,62.85
1,2025-12-12 12:00:00,-0.62,115.67
1,2025-12-12 13:00:00,-0.94,60.46
1,2025-12-12 14:00:00,1.55,106.25
1,2025-12-12 15:00:00,-1.28,89.0
1,2025-12-12 16:00:00,-1.71,66.79
1,2025-12-12 17:00:00,-2.53,6.57
1,2025-12-12 18:00:00,-1.03,0.0
1,2025-12-12 19:00:00,-1.59,0.0
1,2025-12-12 20:00:00,-4.3,0.0
1,2025-12-12 21:00:00,-5.13,0.0
1,2025-12-12 22:00:00,-4.24,0.0
1,2025-12-12 23:00:00,-6.37,0.0
1,2025-12-13 00:00:00,-9.21,0.0
1,2025-12-13 01:00:00,-6.85,0.14
1,2025-12-13 02:00:00,-6.93,0.0
1,2025-12-13 03:00:00,-6.81,25.69
1,2025-12-13 04:00:00,-5.26,1.72
1,2025-12-13 05:00:00,-4.96,0.0
1,2025-12-13 06:00:00,-3.48,0.0
1,2025-12-13 07:00:00,-2.26,41.47
1,2025-12-13 08:00:00,-1.11,43.69
1,2025-12-13 09:00:00,-2.41,77.2
1,2025-12-13 10:00:00,1.37,90.12
1,2025-12-13 11:00:00,1.99,67.01
1,2025-12-13 12:00:00,-0.26,111.35
1,2025-12-13 13:00:00,2.2,67.82
1,2025-12-13 14:00:00,0.71,53.51
1,2025-12-13 15:00:00,-1.96,82.05
1,2025-12-13 16:00:00,0.35,42.48
1,2025-12-13 17:00:00,-3.08,27.08
1,2025-12-13 18:00:00,-1.92,25.42
1,2025-12-13 19:00:00,-3.38,28.72
1,2025-12-13 20:00:00,-2.8,12.58
1,2025-12-13 21:00:00,-6.33,0.0
1,2025-12-13 22:00:00,-4.81,0.0
1,2025-12-13 23:00:00,-6.99,28.33
1,2025-12-14 00:00:00,-8.83,0.0
1,2025-12-14 01:00:00,-7.76,1.89
1,2025-12-14 02:00:00,-7.33,8.57
1,2025-12-14 03:00:00,-5.02,0.0
1,2025-12-14 04:00:00,-8.07,0.0
1,2025-12-14 05:00:00,-6.29,0.0
1,2025-12-14 06:00:00,-6.28,0.0
1,2025-12-14 07:00:00,-1.64,0.0
1,2025-12-14 08:00:00,-0.92,53.14
1,2025-12-14 09:00:00,0.41,67.76
1,2025-12-14 10:00:00,-0.36,81.86
1,2025-12-14 11:00:00,1.91,108.91
1,2025-12-14 12:00:00,1.13,89.55
1,2025-12-14 13:00:00,-1.03,65.44
1,2025-12-14 14:00:00,-1.41,96.73
1,2025-12-14 15:00:00,0.92,73.57
1,2025-12-14 16:00:00,0.52,71.8
1,2025-12-14 17:00:00,-1.99,7.85
1,2025-12-14 18:00:00,-2.26,1.97
1,2025-12-14 19:00:00,-2.96,2.49
1,2025-12-14 20:00:00,-3.01,0.0
1,2025-12-14 21:00:00,-3.93,14.41
1,2025-12-14 22:00:00,-5.24,12.58
1,2025-12-14 23:00:00,-8.25,0.0
1,2025-12-15 00:00:00,-5.8,0.0
1,2025-12-15 01:00:00,-8.24,4.75
1,2025-12-15 02:00:00,-8.8,0.0
1,2025-12-15 03:00:00,-7.77,0.0
1,2025-12-15 04:00:00,-7.64,17.0
1,2025-12-15 05:00:00,-5.07,6.99
1,2025-12-15 06:00:00,-5.62,16.99
1,2025-12-15 07:00:00,-3.06,24.22
1,2025-12-15 08:00:00,-1.42,30.77
1,2025-12-15 09:00:00,-1.89,57.38
1,2025-12-15 10:00:00,-2.45,85.64
1,2025-12-15 11:00:00,0.8,83.41
1,2025-12-15 12:00:00,0.77,58.4
1,2025-12-15 13:00:00,0.72,79.25
1,2025-12-15 14:00:00,1.45,93.53
1,2025-12-15 15:00:00,-1.52,70.31
1,2025-12-15 16:00:00,0.69,13.92
1,2025-12-15 17:00:00,-1.87,5.93
1,2025-12-15 18:00:00,-1.66,26.78
1,2025-12-15 19:00:00,-3.53,10.53
1,2025-12-15 20:00:00,-4.2,21.89
1,2025-12-15 21:00:00,-7.06,3.29
1,2025-12-15 22:00:00,-6.11,27.97
1,2025-12-15 23:00:00,-7.21,0.0
1,2025-12-16 00:00:00,-6.61,0.0
1,2025-12-16 01:00:00,-7.32,8.83
1,2025-12-16 02:00:00,-9.54,3.09
1,2025-12-16 03:00:00,-6.59,21.32
1,2025-12-16 04:00:00,-6.78,4.57
1,2025-12-16 05:00:00,-7.63,13.58
1,2025-12-16 06:00:00,-5.69,0.0
1,2025-12-16 07:00:00,-4.81,37.21
1,2025-12-16 08:00:00,-3.35,71.96
1,2025-12-16 09:00:00,0.07,53.22
1,2025-12-16 10:00:00,-1.55,95.25
1,2025-12-16 11:00:00,0.09,74.88
1,2025-12-16 12:00:00,-0.67,62.93
1,2025-12-16 13:00:00,2.18,89.91
1,2025-12-16 14:00:00,1.41,99.59
1,2025-12-16 15:00:00,-1.3,55.71
1,2025-12-16 16:00:00,-1.47,39.68
1,2025-12-16 17:00:00,-3.18,45.56
1,2025-12-16 18:00:00,-1.46,0.0
1,2025-12-16 19:00:00,-4.53,29.23
1,2025-12-16 20:00:00,-4.88,5.84
1,2025-12-16 21:00:00,-5.56,0.0
1,2025-12-16 22:00:00,-6.38,0.0
1,2025-12-16 23:00:00,-6.32,3.92
1,2025-12-17 00:00:00,-9.64,0.0
1,2025-12-17 01:00:00,-9.48,18.86
1,2025-12-17 02:00:00,-8.04,0.0
1,2025-12-17 03:00:00,-8.13,0.0
1,2025-12-17 04:00:00,-7.35,0.0
1,2025-12-17 05:00:00,-4.87,17.83
1,2025-12-17 06:00:00,-3.71,0.0
1,2025-12-17 07:00:00,-2.98,35.65
1,2025-12-17 08:00:00,-4.67,42.36
1,2025-12-17 09:00:00,-1.9,86.1
1,2025-12-17 10:00:00,-2.35,87.91
1,2025-12-17 11:00:00,1.5,83.77
1,2025-12-17 12:00:00,-1.28,98.35
1,2025-12-17 13:00:00,1.57,74.49
1,2025-12-17 14:00:00,1.49,76.1
1,2025-12-17 15:00:00,-0.73,65.13
1,2025-12-17 16:00:00,-0.38,58.54
1,2025-12-17 17:00:00,-3.75,0.0
1,2025-12-17 18:00:00,-2.48,0.0
1,2025-12-17 19:00:00,-2.89,9.11
1,2025-12-17 20:00:00,-3.92,12.57
1,2025-12-17 21:00:00,-5.9,8.23
1,2025-12-17 22:00:00,-7.83,4.67
1,2025-12-17 23:00:00,-5.68,29.17
1,2025-12-18 00:00:00,-9.02,0.0
1,2025-12-18 01:00:00,-9.61,0.0
1,2025-12-18 02:00:00,-8.32,0.0
1,2025-12-18 03:00:00,-8.79,0.0
1,2025-12-18 04:00:00,-5.49,25.98
1,2025-12-18 05:00:00,-7.85,17.05
1,2025-12-18 06:00:00,-3.4,0.0
1,2025-12-18 07:00:00,-5.77,27.52
1,2025-12-18 08:00:00,-4.09,41.61
1,2025-12-18 09:00:00,-2.67,78.81
1,2025-12-18 10:00:00,-0.74,80.29
1,2025-12-18 11:00:00,-1.27,61.92
1,2025-12-18 12:00:00,-0.11,86.34
1,2025-12-18 13:00:00,1.19,77.61
1,2025-12-18 14:00:00,-1.57,91.16
1,2025-12-18 15:00:00,0.12,61.72
1,2025-12-18 16:00:00,-2.65,56.44
1,2025-12-18 17:00:00,-0.31,32.43
1,2025-12-18 18:00:00,-4.06,0.0
1,2025-12-18 19:00:00,-3.61,4.33
1,2025-12-18 20:00:00,-6.77,0.0
1,2025-12-18 21:00:00,-5.15,29.56
1,2025-12-18 22:00:00,-6.02,0.0
1,2025-12-18 23:00:00,-7.12,0.0
1,2025-12-19 00:00:00,-6.35,25.3
1,2025-12-19 01:00:00,-9.04,0.0
1,2025-12-19 02:00:00,-7.94,23.28
1,2025-12-19 03:00:00,-5.82,28.47
1,2025-12-19 04:00:00,-7.94,19.75
1,2025-12-19 05:00:00,-7.89,0.0
1,2025-12-19 06:00:00,-4.98,15.79
1,2025-12-19 07:00:00,-5.28,0.0
1,2025-12-19 08:00:00,-4.54,25.59
1,2025-12-19 09:00:00,-0.23,62.82
1,2025-12-19 10:00:00,-2.56,83.53
1,2025-12-19 11:00:00,0.87,83.47
1,2025-12-19 12:00:00,-0.92,66.94
1,2025-12-19 13:00:00,0.09,56.32
1,2025-12-19 14:00:00,-1.91,63.19
1,2025-12-19 15:00:00,-1.27,57.05
1,2025-12-19 16:00:00,-2.17,52.4
1,2025-12-19 17:00:00,-2.37,0.0
1,2025-12-19 18:00:00,-2.59,0.0
1,2025-12-19 19:00:00,-5.19,18.36
1,2025-12-19 20:00:00,-3.3,0.0
1,2025-12-19 21:00:00,-4.92,16.88
1,2025-12-19 22:00:00,-5.57,0.0
1,2025-12-19 23:00:00,-8.72,16.31
1,2025-12-20 00:00:00,-7.49,0.0
1,2025-12-20 01:00:00,-8.23,0.0
1,2025-12-20 02:00:00,-6.52,0.0
1,2025-12-20 03:00:00,-8.93,0.0
1,2025-12-20 04:00:00,-5.47,29.06
1,2025-12-20 05:00:00,-6.67,0.0
1,2025-12-20 06:00:00,-5.19,25.55
1,2025-12-20 07:00:00,-5.02,0.0
1,2025-12-20 08:00:00,-2.85,14.3
1,2025-12-20 09:00:00,-0.45,89.51
1,2025-12-20 10:00:00,-1.8,55.75
1,2025-12-20 11:00:00,1.05,82.49
1,2025-12-20 12:00:00,1.2,111.26
1,2025-12-20 13:00:00,-2.0,79.32
1,2025-12-20 14:00:00,1.36,45.71
1,2025-12-20 15:00:00,0.9,82.55
1,2025-12-20 16:00:00,-1.69,36.77
1,2025-12-20 17:00:00,-2.29,29.92
1,2025-12-20 18:00:00,-3.22,17.02
1,2025-12-20 19:00:00,-5.46,0.0
1,2025-12-20 20:00:00,-6.84,8.01
1,2025-12-20 21:00:00,-7.48,23.63
1,2025-12-20 22:00:00,-5.33,9.67
1,2025-12-20 23:00:00,-9.54,7.78
1,2025-12-21 00:00:00,-7.31,0.0
1,2025-12-21 01:00:00,-6.27,0.0
1,2025-12-21 02:00:00,-8.88,0.0
1,2025-12-21 03:00:00,-7.07,0.0
1,2025-12-21 04:00:00,-6.53,20.97
1,2025-12-21 05:00:00,-5.06,13.23
1,2025-12-21 06:00:00,-6.57,21.49
1,2025-12-21 07:00:00,-4.61,42.42
1,2025-12-21 08:00:00,-2.55,29.71
1,2025-12-21 09:00:00,-1.67,30.37
1,2025-12-21 10:00:00,-2.83,96.93
1,2025-12-21 11:00:00,-1.78,101.29
1,2025-12-21 12:00:00,-1.28,90.0
1,2025-12-21 13:00:00,-1.04,92.64
1,2025-12-21 14:00:00,0.76,44.96
1,2025-12-21 15:00:00,-0.94,68.15
1,2025-12-21 16:00:00,-2.55,53.62
1,2025-12-21 17:00:00,-3.41,3.22
1,2025-12-21 18:00:00,-3.88,28.06
1,2025-12-21 19:00:00,-2.93,0.0
1,2025-12-21 20:00:00,-3.45,0.0
1,2025-12-21 21:00:00,-5.97,0.0
1,2025-12-21 22:00:00,-5.17,0.0
1,2025-12-21 23:00:00,-8.86,0.0
1,2025-12-22 00:00:00,-7.36,0.0
1,2025-12-22 01:00:00,-8.49,0.0
1,2025-12-22 02:00:00,-8.24,0.0
1,2025-12-22 03:00:00,-6.27,0.0
1,2025-12-22 04:00:00,-5.59,0.0
1,2025-12-22 05:00:00,-8.3,22.96
1,2025-12-22 06:00:00,-4.68,0.0
1,2025-12-22 07:00:00,-3.08,10.71
1,2025-12-22 08:00:00,-2.07,38.72
1,2025-12-22 09:00:00,-1.52,40.31
1,2025-12-22 10:00:00,-2.43,90.79
1,2025-12-22 11:00:00,-2.05,63.79
1,2025-12-22 12:00:00,-1.87,86.51
1,2025-12-22 13:00:00,1.63,78.74
1,2025-12-22 14:00:00,0.37,85.92
1,2025-12-22 15:00:00,0.31,41.64
1,2025-12-22 16:00:00,-2.8,18.34
1,2025-12-22 17:00:00,-2.92,48.76
1,2025-12-22 18:00:00,-1.9,24.02
1,2025-12-22 19:00:00,-5.67,18.83
1,2025-12-22 20:00:00,-6.63,1.48
1,2025-12-22 21:00:00,-5.02,0.0
1,2025-12-22 22:00:00,-7.62,19.82
1,2025-12-22 23:00:00,-6.05,0.0
1,2025-12-23 00:00:00,-7.47,0.0
1,2025-12-23 01:00:00,-9.68,3.19
1,2025-12-23 02:00:00,-10.24,20.61
1,2025-12-23 03:00:00,-7.41,0.0
1,2025-12-23 04:00:00,-8.09,0.0
1,2025-12-23 05:00:00,-6.43,0.0
1,2025-12-23 06:00:00,-7.27,0.0
1,2025-12-23 07:00:00,-6.25,48.32
1,2025-12-23 08:00:00,-2.23,38.59
1,2025-12-23 09:00:00,-2.49,49.76
1,2025-12-23 10:00:00,-1.21,78.06
1,2025-12-23 11:00:00,0.84,96.41
1,2025-12-23 12:00:00,0.03,114.0
1,2025-12-23 13:00:00,-0.34,99.99
1,2025-12-23 14:00:00,-0.82,96.38
1,2025-12-23 15:00:00,-1.88,45.1
1,2025-12-23 16:00:00,-0.19,15.1
1,2025-12-23 17:00:00,-0.92,32.68
1,2025-12-23 18:00:00,-1.76,0.0
1,2025-12-23 19:00:00,-3.51,0.0
1,2025-12-23 20:00:00,-5.76,3.45
1,2025-12-23 21:00:00,-5.35,0.0
1,2025-12-23 22:00:00,-5.74,0.0
1,2025-12-23 23:00:00,-6.83,0.0
1,2025-12-24 00:00:00,-8.92,0.22
1,2025-12-24 01:00:00,-8.72,4.22
1,2025-12-24 02:00:00,-9.16,1.3
1,2025-12-24 03:00:00,-8.91,2.46
1,2025-12-24 04:00:00,-7.55,12.11
1,2025-12-24 05:00:00,-7.62,0.0
1,2025-12-24 06:00:00,-5.01,15.82
1,2025-12-24 07:00:00,-3.32,48.65
1,2025-12-24 08:00:00,-2.11,30.31
1,2025-12-24 09:00:00,-1.85,77.65
1,2025-12-24 10:00:00,0.01,78.07
1,2025-12-24 11:00:00,-0.61,102.62
1,2025-12-24 12:00:00,1.05,92.45
1,2025-12-24 13:00:00,-0.48,72.76
1,2025-12-24 14:00:00,-0.77,61.63
1,2025-12-24 15:00:00,-1.9,58.78
1,2025-12-24 16:00:00,-2.04,66.99
1,2025-12-24 17:00:00,-3.36,36.97
1,2025-12-24 18:00:00,-2.41,9.31
1,2025-12-24 19:00:00,-4.93,22.29
1,2025-12-24 20:00:00,-6.13,0.0
1,2025-12-24 21:00:00,-7.27,15.48
1,2025-12-24 22:00:00,-6.85,25.48
1,2025-12-24 23:00:00,-7.33,0.0
1,2025-12-25 00:00:00,-6.75,10.28
1,2025-12-25 01:00:00,-8.71,0.0
1,2025-12-25 02:00:00,-6.65,0.0
1,2025-12-25 03:00:00,-8.38,3.01
1,2025-12-25 04:00:00,-5.66,0.0
1,2025-12-25 05:00:00,-5.45,0.0
1,2025-12-25 06:00:00,-4.09,0.0
1,2025-12-25 07:00:00,-3.17,47.93
1,2025-12-25 08:00:00,-1.63,71.22
1,2025-12-25 09:00:00,-2.76,38.85
1,2025-12-25 10:00:00,0.03,82.11
1,2025-12-25 11:00:00,-2.67,60.09
1,2025-12-25 12:00:00,-1.7,88.25
1,2025-12-25 13:00:00,0.98,73.03
1,2025-12-25 14:00:00,-0.57,48.31
1,2025-12-25 15:00:00,-0.81,46.21
1,2025-12-25 16:00:00,-2.7,60.99
1,2025-12-25 17:00:00,-2.41,15.46
1,2025-12-25 18:00:00,-1.76,0.0
1,2025-12-25 19:00:00,-2.84,3.41
1,2025-12-25 20:00:00,-5.86,0.0
1,2025-12-25 21:00:00,-6.04,5.95
1,2025-12-25 22:00:00,-7.23,0.0
1,2025-12-25 23:00:00,-9.59,0.0
1,2025-12-26 00:00:00,-6.94,0.0
1,2025-12-26 01:00:00,-9.97,0.0
1,2025-12-26 02:00:00,-8.44,0.0
1,2025-12-26 03:00:00,-8.86,0.0
1,2025-12-26 04:00:00,-7.86,0.0
1,2025-12-26 05:00:00,-5.14,24.91
1,2025-12-26 06:00:00,-7.38,25.78
1,2025-12-26 07:00:00,-6.54,18.57
1,2025-12-26 08:00:00,-2.95,45.26
1,2025-12-26 09:00:00,-1.19,73.81
1,2025-12-26 10:00:00,-3.09,90.98
1,2025-12-26 11:00:00,-0.83,81.36
1,2025-12-26 12:00:00,-2.64,87.37
1,2025-12-26 13:00:00,-2.33,90.57
1,2025-12-26 14:00:00,-1.61,81.64
1,2025-12-26 15:00:00,-0.84,33.87
1,2025-12-26 16:00:00,-0.84,72.77
1,2025-12-26 17:00:00,-3.66,30.24
1,2025-12-26 18:00:00,-2.26,2.87
1,2025-12-26 19:00:00,-5.13,0.0
1,2025-12-26 20:00:00,-5.1,9.75
1,2025-12-26 21:00:00,-6.59,27.85
1,2025-12-26 22:00:00,-5.77,0.0
1,2025-12-26 23:00:00,-9.76,26.83
1,2025-12-27 00:00:00,-7.18,0.0
1,2025-12-27 01:00:00,-8.47,0.0
1,2025-12-27 02:00:00,-8.38,0.0
1,2025-12-27 03:00:00,-9.57,0.0
1,2025-12-27 04:00:00,-6.05,0.0
1,2025-12-27 05:00:00,-5.45,0.0
1,2025-12-27 06:00:00,-6.52,0.0
1,2025-12-27 07:00:00,-3.51,32.87
1,2025-12-27 08:00:00,-5.35,21.53
1,2025-12-27 09:00:00,-2.83,65.95
1,2025-12-27 10:00:00,-0.33,63.04
1,2025-12-27 11:00:00,-3.15,66.41
1,2025-12-27 12:00:00,-0.56,61.87
1,2025-12-27 13:00:00,-1.51,61.33
1,2025-12-27 14:00:00,-2.77,94.72
1,2025-12-27 15:00:00,-0.78,58.48
1,2025-12-27 16:00:00,-0.0,14.09
1,2025-12-27 17:00:00,-2.07,16.18
1,2025-12-27 18:00:00,-5.49,0.0
1,2025-12-27 19:00:00,-5.51,16.88
1,2025-12-27 20:00:00,-4.82,0.0
1,2025-12-27 21:00:00,-5.88,0.0
1,2025-12-27 22:00:00,-8.48,21.3
1,2025-12-27 23:00:00,-6.71,29.67
1,2025-12-28 00:00:00,-7.45,6.16
1,2025-12-28 01:00:00,-10.01,11.88
1,2025-12-28 02:00:00,-10.28,29.71
1,2025-12-28 03:00:00,-6.52,27.74
1,2025-12-28 04:00:00,-6.89,0.0
1,2025-12-28 05:00:00,-6.53,0.0
1,2025-12-28 06:00:00,-6.81,0.0
1,2025-12-28 07:00:00,-4.3,30.84
1,2025-12-28 08:00:00,-3.28,34.67
1,2025-12-28 09:00:00,-2.25,78.96
1,2025-12-28 10:00:00,-2.68,86.8
1,2025-12-28 11:00:00,-1.68,68.55
1,2025-12-28 12:00:00,-1.02,101.08
1,2025-12-28 13:00:00,-2.54,70.06
1,2025-12-28 14:00:00,0.42,79.7
1,2025-12-28 15:00:00,-2.2,61.94
1,2025-12-28 16:00:00,-0.6,67.66
1,2025-12-28 17:00:00,-1.64,29.33
1,2025-12-28 18:00:00,-5.61,0.0
1,2025-12-28 19:00:00,-5.4,0.0
1,2025-12-28 20:00:00,-6.46,0.0
1,2025-12-28 21:00:00,-7.32,27.8
1,2025-12-28 22:00:00,-6.13,0.0
1,2025-12-28 23:00:00,-9.74,25.28
1,2025-12-29 00:00:00,-10.5,2.1
1,2025-12-29 01:00:00,-9.33,4.66
1,2025-12-29 02:00:00,-10.28,0.0
1,2025-12-29 03:00:00,-9.91,0.0
1,2025-12-29 04:00:00,-9.49,21.9
1,2025-12-29 05:00:00,-8.5,23.55
1,2025-12-29 06:00:00,-5.38,0.0
1,2025-12-29 07:00:00,-5.59,17.23
1,2025-12-29 08:00:00,-4.08,32.27
1,2025-12-29 09:00:00,-2.68,63.1
1,2025-12-29 10:00:00,-1.56,61.41
1,2025-12-29 11:00:00,-1.95,65.62
1,2025-12-29 12:00:00,-0.28,69.54
1,2025-12-29 13:00:00,0.2,74.08
1,2025-12-29 14:00:00,-0.99,77.22
1,2025-12-29 15:00:00,-3.02,51.62
1,2025-12-29 16:00:00,-2.5,66.13
1,2025-12-29 17:00:00,-2.45,41.16
1,2025-12-29 18:00:00,-5.03,12.54
1,2025-12-29 19:00:00,-5.63,0.0
1,2025-12-29 20:00:00,-4.16,0.0
1,2025-12-29 21:00:00,-7.11,18.88
1,2025-12-29 22:00:00,-5.64,0.0
1,2025-12-29 23:00:00,-6.5,16.87
1,2025-12-30 00:00:00,-10.59,22.01
1,2025-12-30 01:00:00,-8.86,0.0
1,2025-12-30 02:00:00,-9.45,0.04
1,2025-12-30 03:00:00,-9.37,0.0
1,2025-12-30 04:00:00,-5.98,24.11
1,2025-12-30 05:00:00,-7.3,11.45
1,2025-12-30 06:00:00,-6.79,0.0
1,2025-12-30 07:00:00,-5.44,0.0
1,2025-12-30 08:00:00,-3.14,72.49
1,2025-12-30 09:00:00,-4.33,35.7
1,2025-12-30 10:00:00,-1.4,60.67
1,2025-12-30 11:00:00,-2.8,59.9
1,2025-12-30 12:00:00,0.57,70.75
1,2025-12-30 13:00:00,0.12,85.53
1,2025-12-30 14:00:00,0.28,69.62
1,2025-12-30 15:00:00,-3.01,37.45
1,2025-12-30 16:00:00,-2.38,40.85
1,2025-12-30 17:00:00,-2.63,40.53
1,2025-12-30 18:00:00,-2.0,24.9
1,2025-12-30 19:00:00,-5.37,27.89
1,2025-12-30 20:00:00,-7.33,0.0
1,2025-12-30 21:00:00,-5.32,0.0
1,2025-12-30 22:00:00,-7.6,0.0
1,2025-12-30 23:00:00,-8.63,0.0
1,2025-12-31 00:00:00,-10.6,0.0
1,2025-12-31 01:00:00,-7.05,0.0
1,2025-12-31 02:00:00,-9.06,10.63
1,2025-12-31 03:00:00,-8.84,13.92
1,2025-12-31 04:00:00,-8.26,8.59
1,2025-12-31 05:00:00,-5.43,0.0
1,2025-12-31 06:00:00,-7.03,1.87
1,2025-12-31 07:00:00,-3.89,39.04
1,2025-12-31 08:00:00,-5.66,44.02
1,2025-12-31 09:00:00,-4.25,53.18
1,2025-12-31 10:00:00,-2.65,87.74
1,2025-12-31 11:00:00,-2.25,59.98
1,2025-12-31 12:00:00,0.63,85.65
1,2025-12-31 13:00:00,-0.36,73.26
1,2025-12-31 14:00:00,-1.19,53.25
1,2025-12-31 15:00:00,0.13,59.94
1,2025-12-31 16:00:00,-2.53,46.39
1,2025-12-31 17:00:00,-2.34,10.6
1,2025-12-31 18:00:00,-3.65,0.0
1,2025-12-31 19:00:00,-4.06,0.0
1,2025-12-31 20:00:00,-6.2,0.0
1,2025-12-31 21:00:00,-7.78,0.0
1,2025-12-31 22:00:00,-5.96,0.0
1,2025-12-31 23:00:00,-7.73,8.22
